week,¼Ò¸Å°¡,Æò±Õ±â¿Â,ÃÖÀú±â¿Â,ÃÖ°í±â¿Â,°­¼ö·®,È¯À²,¼öÃâ·®,¼öÃâ¾×,»ý»ê·®,Àç¹è¸éÀû,¹°°¡Áö¼ö
01??1ì£?(2014.01.02 ~ 2014.01.08),2490,1.657142857,-3.242857143,7.628571429,0.442857143,1061.77,59788,6314.0123,52891750,615,46
01??2ì£?(2014.01.09 ~ 2014.01.15),2392,-2.7,-7.728571429,2.9,0,1061.8,59788,6314.0123,52891750,615,46
01??3ì£?(2014.01.16 ~ 2014.01.22),2296,-1.128571429,-5.742857143,4.057142857,0.414285714,1080.35,59788,6314.0123,52891750,615,46
01??4ì£?(2014.01.23 ~ 2014.01.29),2246,-1,-4.314285714,9.1,0.414285714,1081.31,59788,6314.0123,52891750,615,46
02??1ì£?(2014.02.03 ~ 2014.02.05),2242,2.671428571,-2.285714286,8.085714286,1.071428571,1075,59788,6314.0123,52891750,615,46.711
02??1ì£?(2014.02.06 ~ 2014.02.12),2239,0.828571429,-2.514285714,4.9,1.814285714,1063.5,88734,5261.6891,52891750,615,47
02??2ì£?(2014.02.13 ~ 2014.02.19),2273,2.285714286,-2.157142857,7.371428571,0.771428571,1073,88734,5261.6891,52891750,615,47
02??3ì£?(2014.02.20 ~ 2014.02.26),2202,3.328571429,-2.657142857,10.3,0.585714286,1066.46,88734,5261.6891,52891750,615,47
02??4ì£?(2014.02.27 ~ 2014.03.05),2126,5.685714286,0.957142857,11.22857143,0.557142857,1065.15,88734,5261.6891,52891750,615,47
03??1ì£?(2014.03.06 ~ 2014.03.12),2029,2.914285714,-2.871428571,8.557142857,3.471428571,1071.23,242091,12426.572,52891750,615,45.606
03??2ì£?(2014.03.13 ~ 2014.03.19),1918,8.428571429,2.9,14.15714286,1.571428571,1080,242091,12426.572,52891750,615,46
03??3ì£?(2014.03.20 ~ 2014.03.26),1898,9.771428571,3.971428571,15.74285714,2.985714286,1070,242091,12426.572,52891750,615,46
03??4ì£?(2014.03.27 ~ 2014.04.02),1915,13.54285714,7.285714286,20.58571429,2.071428571,1054.3,242091,12426.572,52891750,615,46
04??1ì£?(2014.04.03 ~ 2014.04.09),1942,9.8,3.457142857,16.71428571,0.9,1035.65,381412,21771.7651,52891750,615,40.07
04??2ì£?(2014.04.10 ~ 2014.04.16),1998,14,8.028571429,20.71428571,0.371428571,1038,381412,21771.7651,52891750,615,40
04??3ì£?(2014.04.17 ~ 2014.04.23),2011,14.04285714,8.442857143,20.45714286,1.885714286,1041.2,381412,21771.7651,52891750,615,40
04??4ì£?(2014.04.24 ~ 2014.04.30),2021,15.52857143,10.8,20.74285714,9.085714286,1030.12,381412,21771.7651,52891750,615,40
05??1ì£?(2014.05.02 ~ 2014.05.07),2022,14.42857143,7.828571429,21.41428571,0.257142857,1024.2,783892,41728.3138,52891750,615,38.329
05??2ì£?(2014.05.08 ~ 2014.05.14),2010,17.41428571,11.4,23.61428571,5.485714286,1023.82,783892,41728.3138,52891750,615,38
05??3ì£?(2014.05.15 ~ 2014.05.21),1762,18.72857143,12.74285714,25.25714286,0.642857143,1024.85,783892,41728.3138,52891750,615,38
05??4ì£?(2014.05.22 ~ 2014.05.28),1695,20.72857143,15.12857143,26.94285714,1.6,1020.8,783892,41728.3138,52891750,615,38
05??5ì£?(2014.05.29 ~ 2014.06.03),1656,22.24285714,16.97142857,28.04285714,4.114285714,1019.95,783892,41728.3138,52891750,615,38
06??1ì£?(2014.06.05 ~ 2014.06.11),1620,20.85714286,17.41428571,25.54285714,1.685714286,1018.05,379429,21816.1786,52891750,615,39.277
06??2ì£?(2014.06.12 ~ 2014.06.18),1785,21.74285714,17.21428571,27.22857143,1.485714286,1021.21,379429,21816.1786,52891750,615,39
06??3ì£?(2014.06.19 ~ 2014.06.25),1942,21.95714286,18.31428571,26.68571429,3.542857143,1014.12,379429,21816.1786,52891750,615,39
06??4ì£?(2014.06.26 ~ 2014.07.02),2198,23.78571429,19.37142857,29.28571429,1.671428571,1009.45,379429,21816.1786,52891750,615,39
07??1ì£?(2014.07.03 ~ 2014.07.09),2366,23.41428571,20.37142857,27.3,6.828571429,1019.05,144223,12093.477,52891750,615,41.875
07??2ì£?(2014.07.10 ~ 2014.07.16),2551,25.32857143,21.5,30.21428571,1.9,1029.5,144223,12093.477,52891750,615,42
07??3ì£?(2014.07.17 ~ 2014.07.23),2702,25.82857143,22.51428571,30.21428571,6.914285714,1026.05,144223,12093.477,52891750,615,42
07??4ì£?(2014.07.24 ~ 2014.07.30),3010,25.6,21.38571429,30.6,4.071428571,1037.75,144223,12093.477,52891750,615,42
07??5ì£?(2014.07.31 ~ 2014.08.06),3377,26.48571429,23.61428571,30.41428571,15.02857143,1036.55,144223,12093.477,52891750,615,42
08??1ì£?(2014.08.07 ~ 2014.08.13),3417,23.68571429,20.41428571,27.94285714,6.842857143,1021.2,286182,21412.8394,52891750,615,60.344
08??2ì£?(2014.08.14 ~ 2014.08.20),3388,22.75714286,20.47142857,26.02857143,17.71428571,1018,286182,21412.8394,52891750,615,60
08??3ì£?(2014.08.21 ~ 2014.08.27),3333,23.87142857,20.94285714,27.94285714,13.11428571,1014.1,286182,21412.8394,52891750,615,60
08??4ì£?(2014.08.28 ~ 2014.09.03),3582,21.74285714,17.88571429,26.51428571,6.3,1024.65,286182,21412.8394,52891750,615,60
09??1ì£?(2014.09.04 ~ 2014.09.05),3998,22.54285714,17.85714286,28.74285714,0.142857143,1035.3,107346,7372.3919,52891750,615,80.176
09??2ì£?(2014.09.11 ~ 2014.09.17),4109,21.1,16.67142857,26.62857143,0.428571429,1044.2,107346,7372.3919,52891750,615,80
09??3ì£?(2014.09.18 ~ 2014.09.24),3504,19.45714286,14.38571429,25.47142857,10,1044.35,107346,7372.3919,52891750,615,80
09??4ì£?(2014.09.25 ~ 2014.10.01),3254,19.71428571,16,24.7,0.985714286,1061.35,107346,7372.3919,52891750,615,80
10??1ì£?(2014.10.02 ~ 2014.10.08),2936,16.31428571,11.05714286,22.51428571,0.4,1074.1,580782,31023.232,52891750,615,82.359
10??2ì£?(2014.10.10 ~ 2014.10.15),2668,16.1,10.38571429,22.5,2.128571429,1063.37,580782,31023.232,52891750,615,82
10??3ì£?(2014.10.16 ~ 2014.10.22),2477,14.1,8.871428571,20.02857143,10.72857143,1057.5,580782,31023.232,52891750,615,82
10??4ì£?(2014.10.23 ~ 2014.10.29),2321,12.87142857,7,20.6,0.014285714,1073.6,580782,31023.232,52891750,615,82
10??5ì£?(2014.10.30 ~ 2014.11.05),2274,11.62857143,6.871428571,17.07142857,3.928571429,1086.84,580782,31023.232,52891750,615,82
11??1ì£?(2014.11.06 ~ 2014.11.12),2076,10.11428571,4.885714286,16.2,0.8,1100.84,92512,5105.8481,52891750,615,55.305
11??2ì£?(2014.11.13 ~ 2014.11.19),1822,5.514285714,0.628571429,11.52857143,0.142857143,1111.25,92512,5105.8481,52891750,615,55
11??3ì£?(2014.11.20 ~ 2014.11.26),1874,8.828571429,4.285714286,14.34285714,4.414285714,1113.17,92512,5105.8481,52891750,615,55
11??4ì£?(2014.11.27 ~ 2014.12.03),1937,5.571428571,1.371428571,10.11428571,2.885714286,1121.6,92512,5105.8481,52891750,615,55
12??1ì£?(2014.12.04 ~ 2014.12.10),1828,-0.657142857,-4.7,3.971428571,0.771428571,1104.35,334917,16667.4744,52891750,615,37.647
12??2ì£?(2014.12.11 ~ 2014.12.17),1877,-0.957142857,-4.957142857,2.957142857,1.571428571,1100.11,334917,16667.4744,52891750,615,38
12??3ì£?(2014.12.18 ~ 2014.12.24),1950,-1.271428571,-6.385714286,3.928571429,0.571428571,1099.8,334917,16667.4744,52891750,615,38
12??4ì£?(2014.12.26 ~ 2014.12.31),1950,0.385714286,-4.357142857,6.171428571,0.128571429,1106.92,334917,16667.4744,52891750,615,38
01??1ì£?(2015.01.02 ~ 2015.01.07),1963,-0.857142857,-5.628571429,4.542857143,1.371428571,1085.82,141851,8838.3785,44478667,527,33.852
01??2ì£?(2015.01.08 ~ 2015.01.14),1934,0.1,-4.8,5.642857143,0.071428571,1079.07,141851,8838.3785,44478667,527,34
01??3ì£?(2015.01.15 ~ 2015.01.21),1892,1.385714286,-3.214285714,6.142857143,0.757142857,1077.51,141851,8838.3785,44478667,527,34
01??4ì£?(2015.01.22 ~ 2015.01.28),1912,2.114285714,-1.771428571,6.7,1.142857143,1102.4,141851,8838.3785,44478667,527,34
01??5ì£?(2015.01.29 ~ 2015.02.04),1913,-0.414285714,-5.157142857,5.242857143,0.228571429,1098.01,141851,8838.3785,44478667,527,34
02??1ì£?(2015.02.05 ~ 2015.02.11),1922,0.385714286,-4.5,5.914285714,0.057142857,1097.88,117024,6344.1891,44478667,527,36.214
02??2ì£?(2015.02.12 ~ 2015.02.17),1910,2.742857143,-1.214285714,6.885714286,2.028571429,1110.56,117024,6344.1891,44478667,527,36
02??4ì£?(2015.02.23 ~ 2015.02.25),2080,4.428571429,-0.171428571,9.771428571,1.314285714,1101.28,117024,6344.1891,44478667,527,36
02??4ì£?(2015.02.26 ~ 2015.03.04),2148,2.257142857,-1.9,6.942857143,0.785714286,1110.81,117024,6344.1891,44478667,527,36
03??1ì£?(2015.03.05 ~ 2015.03.11),2250,2.8,-3.685714286,9.457142857,0.014285714,1138.12,181282,10204.5405,44478667,527,38.918
03??2ì£?(2015.03.12 ~ 2015.03.18),2294,7.271428571,0.742857143,14.12857143,4.714285714,1113.51,181282,10204.5405,44478667,527,39
03??3ì£?(2015.03.19 ~ 2015.03.25),2365,8.771428571,2.642857143,15.98571429,0.071428571,1103.73,181282,10204.5405,44478667,527,39
03??4ì£?(2015.03.26 ~ 2015.04.01),2446,11.2,4.342857143,18.05714286,0.714285714,1086.48,181282,10204.5405,44478667,527,39
04??1ì£?(2015.04.02 ~ 2015.04.08),2542,10.45714286,7.185714286,14.67142857,6.128571429,1093.96,264168,13954.3643,44478667,527,45.877
04??2ì£?(2015.04.09 ~ 2015.04.15),2546,10.54285714,5.085714286,16.45714286,2.757142857,1083.79,264168,13954.3643,44478667,527,46
04??3ì£?(2015.04.16 ~ 2015.04.22),2704,12.71428571,6.642857143,19.24285714,4.328571429,1076.39,264168,13954.3643,44478667,527,46
04??4ì£?(2015.04.23 ~ 2015.04.29),2762,16.57142857,9.414285714,23.57142857,4.485714286,1081.35,264168,13954.3643,44478667,527,46
04??5ì£?(2015.04.30 ~ 2015.05.06),2775,17.14285714,11.32857143,23.22857143,2.142857143,1087.99,125214,8811.3524,44478667,527,46
05??1ì£?(2015.05.07 ~ 2015.05.13),2905,17.11428571,11.14285714,23.21428571,4.714285714,1083.72,125214,8811.3524,44478667,527,52.7
05??2ì£?(2015.05.14 ~ 2015.05.20),3070,18.1,12.47142857,24.18571429,0.857142857,1096.68,125214,8811.3524,44478667,527,53
05??3ì£?(2015.05.21 ~ 2015.05.27),3636,20.47142857,12.68571429,28.42857143,0,1113.01,125214,8811.3524,44478667,527,53
05??4ì£?(2015.05.28 ~ 2015.06.03),3594,21.27142857,15.45714286,27.62857143,0.442857143,1124.54,125214,8811.3524,44478667,527,53
06??1ì£?(2015.06.04 ~ 2015.06.10),3411,20.58571429,14.58571429,26.85714286,0.642857143,1112.17,411968,36690.6068,44478667,527,73.715
06??2ì£?(2015.06.11 ~ 2015.06.17),3458,22.34285714,18.21428571,27.67142857,1.742857143,1103.2,411968,36690.6068,44478667,527,74
06??3ì£?(2015.06.18 ~ 2015.06.24),3336,21.91428571,17.94285714,26.98571429,2.714285714,1122.95,411968,36690.6068,44478667,527,74
06??4ì£?(2015.06.25 ~ 2015.07.01),3102,21.98571429,18.55714286,26.48571429,8.614285714,1122.6,411968,36690.6068,44478667,527,74
07??1ì£?(2015.07.02 ~ 2015.07.08),2978,21.57142857,17.34285714,26.31428571,5.371428571,1131.2,423365,36531.6802,44478667,527,80.272
07??2ì£?(2015.07.09 ~ 2015.07.15),2946,24.6,21.3,28.91428571,11.11428571,1150.18,423365,36531.6802,44478667,527,80
07??3ì£?(2015.07.16 ~ 2015.07.22),2885,23.72857143,20.64285714,27.75714286,1.642857143,1170.35,423365,36531.6802,44478667,527,80
07??4ì£?(2015.07.23 ~ 2015.07.29),2815,26.61428571,23.71428571,30.35714286,7.5,1166.67,423365,36531.6802,44478667,527,80
07??5ì£?(2015.07.30 ~ 2015.08.05),2717,27.95714286,23.94285714,33.11428571,0.9,1164.7,423365,36531.6802,44478667,527,80
08??1ì£?(2015.08.06 ~ 2015.08.12),2771,26.58571429,22.5,31.97142857,2.971428571,1179.33,357175,30098.9268,44478667,527,74.622
08??2ì£?(2015.08.13 ~ 2015.08.19),2740,25.12857143,21.08571429,30.35714286,2.271428571,1195.85,357175,30098.9268,44478667,527,75
08??3ì£?(2015.08.20 ~ 2015.08.26),2879,23.61428571,20.87142857,27.54285714,8.9,1179.87,357175,30098.9268,44478667,527,75
08??4ì£?(2015.08.27 ~ 2015.09.02),2866,23.22857143,19.18571429,28.51428571,2.957142857,1201.33,357175,30098.9268,44478667,527,75
09??1ì£?(2015.09.03 ~ 2015.09.09),2865,21.4,17.02857143,26.71428571,2.557142857,1182.69,975354,73380.3548,44478667,527,74.265
09??2ì£?(2015.09.10 ~ 2015.09.16),2773,19.47142857,14.02857143,25.32857143,0.985714286,1173.04,975354,73380.3548,44478667,527,74
09??3ì£?(2015.09.17 ~ 2015.09.23),2707,19.97142857,15.04285714,26.02857143,1.828571429,1193.07,975354,73380.3548,44478667,527,74
09??4ì£?(2015.09.24 ~ 2015.09.30),2722,20.22857143,15.15714286,26.4,0.414285714,1173.1,975354,73380.3548,44478667,527,74
10??1ì£?(2015.10.01 ~ 2015.10.07),2751,17.05714286,11.17142857,23.94285714,5.342857143,1148.05,844296,50360.751,44478667,527,68.427
10??2ì£?(2015.10.08 ~ 2015.10.14),2693,14.74285714,9.328571429,21.01428571,1.142857143,1131.44,844296,50360.751,44478667,527,68
10??3ì£?(2015.10.15 ~ 2015.10.21),2575,16.27142857,10.58571429,24.11428571,0.042857143,1136.01,844296,50360.751,44478667,527,68
10??4ì£?(2015.10.22 ~ 2015.10.28),2377,14.67142857,10.02857143,20.24285714,2.6,1141.16,844296,50360.751,44478667,527,68
10??5ì£?(2015.10.29 ~ 2015.11.04),2320,9.042857143,3.414285714,15.55714286,0.1,1152.78,844296,50360.751,44478667,527,68
11??1ì£?(2015.11.05 ~ 2015.11.11),2205,12.65714286,9.214285714,16.77142857,7.114285714,1170.34,267995,17286.768,44478667,527,55.528
11??2ì£?(2015.11.12 ~ 2015.11.18),1954,13.08571429,10.31428571,16.22857143,7.014285714,1154.62,267995,17286.768,44478667,527,56
11??3ì£?(2015.11.19 ~ 2015.11.25),2087,9.585714286,6.914285714,12.64285714,3.442857143,1156.83,267995,17286.768,44478667,527,56
11??4ì£?(2015.11.26 ~ 2015.12.02),2195,4.114285714,0.314285714,8.614285714,1.514285714,1163.64,267995,17286.768,44478667,527,56
12??1ì£?(2015.12.03 ~ 2015.12.09),2226,4.114285714,-0.342857143,9.057142857,0.5,1187.58,411986,22567.3581,44478667,527,40.589
12??2ì£?(2015.12.10 ~ 2015.12.16),2192,6.3,3.057142857,9.842857143,3.514285714,1182.43,411986,22567.3581,44478667,527,41
12??3ì£?(2015.12.17 ~ 2015.12.23),2130,2.242857143,-1.871428571,6.914285714,0.657142857,1170.95,411986,22567.3581,44478667,527,41
12??4ì£?(2015.12.24 ~ 2015.12.30),2178,0.814285714,-3.828571429,6.057142857,0.185714286,1175.45,411986,22567.3581,44478667,527,41
12??5ì£?(2015.12.31 ~ 2016.01.06),2239,3.042857143,-1.542857143,8.271428571,0.114285714,1207.94,411986,22567.3581,44478667,527,41
01??1ì£?(2016.01.07 ~ 2016.01.13),2284,-0.242857143,-4.2,4.385714286,0.114285714,1214.81,184667,10611.857,37362313,481,38.957
01??2ì£?(2016.01.14 ~ 2016.01.20),2304,-2.114285714,-6.285714286,2.657142857,0.742857143,1197.57,184667,10611.857,37362313,481,39
01??3ì£?(2016.01.21 ~ 2016.01.27),2535,-4.971428571,-9.628571429,-0.271428571,0.442857143,1208.11,184667,10611.857,37362313,481,39
01??4ì£?(2016.01.28 ~ 2016.02.03),2842,-0.542857143,-4.542857143,3.8,2.214285714,1206.35,184667,10611.857,37362313,481,39
02??1ì£?(2016.02.04 ~ 2016.02.05),2996,0.5,-5.171428571,6.471428571,0.1,1207,359971,26960.9008,37362313,481,46.58
02??2ì£?(2016.02.11 ~ 2016.02.17),3033,3.9,-0.671428571,8.857142857,4.828571429,1233.87,359971,26960.9008,37362313,481,47
02??3ì£?(2016.02.18 ~ 2016.02.24),3142,2.514285714,-2.114285714,7.385714286,0.128571429,1243.13,359971,26960.9008,37362313,481,47
02??4ì£?(2016.02.25 ~ 2016.03.02),3248,1.757142857,-3.342857143,7.2,1.185714286,1198.5,359971,26960.9008,37362313,481,47
03??1ì£?(2016.03.03 ~ 2016.03.09),3762,8.085714286,3.442857143,13.2,6.414285714,1187.9,187320,18408.2085,37362313,481,64.25
03??2ì£?(2016.03.10 ~ 2016.03.16),3861,3.914285714,-1.285714286,9.757142857,0.042857143,1164.3,187320,18408.2085,37362313,481,64
03??3ì£?(2016.03.17 ~ 2016.03.23),3906,9.428571429,3.671428571,15.77142857,1.414285714,1169.05,187320,18408.2085,37362313,481,64
03??4ì£?(2016.03.24 ~ 2016.03.30),4067,8.4,2.1,15.01428571,0.142857143,1147.89,187320,18408.2085,37362313,481,64
03??5ì£?(2016.03.31 ~ 2016.04.06),4192,12.45714286,6.014285714,19.48571429,3.357142857,1151.64,187320,18408.2085,37362313,481,64
04??1ì£?(2016.04.07 ~ 2016.04.12),4420,13.24285714,8.214285714,19.5,5.171428571,1146.99,6943,1392.7823,37362313,481,84.114
04??2ì£?(2016.04.14 ~ 2016.04.20),4676,13.64285714,8.157142857,19.8,5.8,1149.99,6943,1392.7823,37362313,481,84
04??3ì£?(2016.04.21 ~ 2016.04.27),4618,15.1,9.571428571,21.5,7.885714286,1144.83,6943,1392.7823,37362313,481,84
04??4ì£?(2016.04.28 ~ 2016.05.04),4179,16.25714286,10.34285714,22.57142857,5.328571429,1169.3,6943,1392.7823,37362313,481,84
05??2ì£?(2016.05.09 ~ 2016.05.11),3997,16.9,11.57142857,22.74285714,3.385714286,1176.8,183609,14061.9197,37362313,481,113.426
05??2ì£?(2016.05.12 ~ 2016.05.18),3993,17.64285714,10.71428571,24.77142857,2.657142857,1186.2,183609,14061.9197,37362313,481,113
05??3ì£?(2016.05.19 ~ 2016.05.25),3798,19.78571429,12.88571429,26.81428571,2.9,1186.25,183609,14061.9197,37362313,481,113
05??4ì£?(2016.05.26 ~ 2016.06.01),3765,20.98571429,15.65714286,27.14285714,0.171428571,1163.55,183609,14061.9197,37362313,481,113
06??1ì£?(2016.06.02 ~ 2016.06.08),3413,20.55714286,15.92857143,25.57142857,0.942857143,1171.53,726832,47886.3178,37362313,481,103.961
06??2ì£?(2016.06.09 ~ 2016.06.15),2954,22.54285714,18.72857143,27.45714286,1.442857143,1170.46,726832,47886.3178,37362313,481,104
06??3ì£?(2016.06.16 ~ 2016.06.22),2748,23.2,19.07142857,28.18571429,2.414285714,1171.95,726832,47886.3178,37362313,481,104
06??4ì£?(2016.06.23 ~ 2016.06.29),2807,22.75714286,18.67142857,27.47142857,4.685714286,1150,726832,47886.3178,37362313,481,104
06??5ì£?(2016.06.30 ~ 2016.07.06),2823,23.6,21.02857143,27.11428571,31.94285714,1149.8,726832,47886.3178,37362313,481,104
07??1ì£?(2016.07.07 ~ 2016.07.13),3021,25.35714286,21.61428571,30.22857143,1.914285714,1138.6,309670,22159.6518,37362313,481,70.048
07??2ì£?(2016.07.14 ~ 2016.07.20),3293,24.07142857,20.7,28.28571429,4.571428571,1136.35,309670,22159.6518,37362313,481,70
07??3ì£?(2016.07.21 ~ 2016.07.27),3345,26.84285714,23.14285714,31.42857143,1.885714286,1112.24,309670,22159.6518,37362313,481,70
07??4ì£?(2016.07.28 ~ 2016.08.03),3482,27.57142857,24.08571429,32.44285714,4.042857143,1115.27,309670,22159.6518,37362313,481,70
08??1ì£?(2016.08.04 ~ 2016.08.10),3928,28.11428571,23.71428571,33.7,1.142857143,1103.49,35077,2922.6418,37362313,481,72.462
08??2ì£?(2016.08.11 ~ 2016.08.17),4142,28.78571429,24.35714286,34.42857143,1.185714286,1115.57,35077,2922.6418,37362313,481,72
08??3ì£?(2016.08.18 ~ 2016.08.24),5171,27.85714286,23.47142857,33.48571429,0.585714286,1122.52,35077,2922.6418,37362313,481,72
08??4ì£?(2016.08.25 ~ 2016.08.31),6820,21.95714286,17.95714286,26.67142857,6.942857143,1116.45,35077,2922.6418,37362313,481,72
09??1ì£?(2016.09.01 ~ 2016.09.07),7948,23.54285714,20.22857143,28.04285714,8.014285714,1108.73,13924,1452.9929,37362313,481,119.003
09??2ì£?(2016.09.08 ~ 2016.09.13),7894,22.48571429,18.71428571,27.62857143,2.671428571,1126.06,13924,1452.9929,37362313,481,119
09??3ì£?(2016.09.19 ~ 2016.09.21),8149,20.41428571,16.94285714,24.52857143,13.9,1104.02,13924,1452.9929,37362313,481,119
09??4ì£?(2016.09.22 ~ 2016.09.28),7702,20.84285714,16.92857143,26.04285714,2.171428571,1101.91,13924,1452.9929,37362313,481,119
09??5ì£?(2016.09.29 ~ 2016.10.05),7431,20.04285714,17.05714286,23.8,12.01428571,1115.76,13924,1452.9929,37362313,481,119
10??1ì£?(2016.10.06 ~ 2016.10.12),6328,15.72857143,11.62857143,21.04285714,4.7,1136.41,422589,29898.2531,37362313,481,199.768
10??2ì£?(2016.10.13 ~ 2016.10.19),4882,16.17142857,11.84285714,22.14285714,2.685714286,1136.21,422589,29898.2531,37362313,481,200
10??3ì£?(2016.10.20 ~ 2016.10.26),4027,15.31428571,11.77142857,19.55714286,2.414285714,1147.32,422589,29898.2531,37362313,481,200
10??4ì£?(2016.10.27 ~ 2016.11.02),3528,9.357142857,4.971428571,13.98571429,0.957142857,1141.45,422589,29898.2531,37362313,481,200
11??1ì£?(2016.11.03 ~ 2016.11.09),3249,9.957142857,4.957142857,15.62857143,0.728571429,1165.58,1047176,74083.9491,37362313,481,131.924
11??2ì£?(2016.11.10 ~ 2016.11.16),3412,9.942857143,4.428571429,15.98571429,1.328571429,1181.08,1047176,74083.9491,37362313,481,132
11??3ì£?(2016.11.17 ~ 2016.11.23),3661,9.142857143,4.7,14.1,2.157142857,1175.77,1047176,74083.9491,37362313,481,132
11??4ì£?(2016.11.24 ~ 2016.11.30),3744,3,-1.242857143,7.928571429,0.742857143,1167.32,1047176,74083.9491,37362313,481,132
12??1ì£?(2016.12.01 ~ 2016.12.07),3954,4.3,-1.128571429,10.17142857,0.042857143,1172.89,221735,18329.3331,37362313,481,73.228
12??2ì£?(2016.12.08 ~ 2016.12.14),4069,2.857142857,-2.142857143,8.314285714,0.8,1186.58,221735,18329.3331,37362313,481,73
12??3ì£?(2016.12.15 ~ 2016.12.21),4106,4.057142857,-0.671428571,9.071428571,4.185714286,1200.36,221735,18329.3331,37362313,481,73
12??4ì£?(2016.12.22 ~ 2016.12.28),4194,2.557142857,-1.128571429,6.928571429,3.928571429,1207.26,221735,18329.3331,37362313,481,73
12??5ì£?(2016.12.29 ~ 2017.01.04),4303,2.157142857,-2.528571429,7.871428571,0.028571429,1202,221735,18329.3331,37362313,481,73
01??1ì£?(2017.01.05 ~ 2017.01.11),4314,3.4,-1,8,0.557142857,1175,48834,5003.544,49910125,625,74.775
01??2ì£?(2017.01.12 ~ 2017.01.18),4139,-2.214285714,-7.014285714,3.471428571,0.071428571,1175.39,48834,5003.544,49910125,625,75
01??3ì£?(2017.01.19 ~ 2017.01.25),4034,-3.171428571,-7.871428571,2,0.657142857,1178.82,48834,5003.544,49910125,625,75
01??4ì£?(2017.01.26 ~ 2017.02.01),3991,-0.1,-5.528571429,5.5,0.9,1138.52,48834,5003.544,49910125,625,75
02??1ì£?(2017.02.02 ~ 2017.02.08),3995,1.557142857,-3.242857143,6.914285714,0.271428571,1146.6,135690,11400.2784,49910125,625,83.474
02??2ì£?(2017.02.09 ~ 2017.02.15),4015,-0.685714286,-5.714285714,4.828571429,0.157142857,1150.78,135690,11400.2784,49910125,625,83
02??3ì£?(2017.02.16 ~ 2017.02.22),4010,3.342857143,-3.185714286,9.285714286,3.8,1130.5,135690,11400.2784,49910125,625,83
02??4ì£?(2017.02.23 ~ 2017.02.28),4012,3.3,-2.228571429,9.585714286,0.314285714,1152.32,135690,11400.2784,49910125,625,83
03??1ì£?(2017.03.02 ~ 2017.03.08),4005,3.328571429,-1.9,9.114285714,0.428571429,1148.81,188578,14536.7111,49910125,625,83
03??2ì£?(2017.03.09 ~ 2017.03.15),4037,6.228571429,-0.485714286,13.35714286,0.085714286,1129.04,188578,14536.7111,49910125,625,83
03??3ì£?(2017.03.16 ~ 2017.03.22),3959,7.471428571,0.614285714,14.77142857,0.614285714,1117.56,188578,14536.7111,49910125,625,83
03??4ì£?(2017.03.23 ~ 2017.03.29),3936,7.271428571,2.857142857,12.47142857,1.485714286,1117.65,188578,14536.7111,49910125,625,83
03??5ì£?(2017.03.30 ~ 2017.04.05),3915,10.44285714,4.571428571,16.6,3.557142857,1137.89,188578,14536.7111,49910125,625,83
04??1ì£?(2017.04.06 ~ 2017.04.12),3865,13.42857143,8.6,19.38571429,3.042857143,1135.45,415496,24286.4498,49910125,625,71.697
04??2ì£?(2017.04.13 ~ 2017.04.19),3773,14.77142857,8.785714286,21.27142857,2.771428571,1133.57,415496,24286.4498,49910125,625,72
04??3ì£?(2017.04.20 ~ 2017.04.26),3630,14.17142857,8.071428571,20.61428571,0.428571429,1136.87,415496,24286.4498,49910125,625,72
04??4ì£?(2017.04.27 ~ 2017.05.02),3300,16.85714286,8.985714286,24.65714286,0,1134.71,415496,24286.4498,49910125,625,72
05??1ì£?(2017.05.04 ~ 2017.05.10),2799,17.35714286,11.85714286,23.21428571,2.328571429,1122.41,928838,46266.7219,49910125,625,51.788
05??2ì£?(2017.05.11 ~ 2017.05.17),2138,17.28571429,11.8,23.34285714,0.8,1116.61,928838,46266.7219,49910125,625,52
05??3ì£?(2017.05.18 ~ 2017.05.24),1997,20.35714286,13.62857143,27.34285714,0.714285714,1117.83,928838,46266.7219,49910125,625,52
05??4ì£?(2017.05.25 ~ 2017.05.31),2093,20.27142857,13.57142857,27.4,0.357142857,1117.39,928838,46266.7219,49910125,625,52
06??1ì£?(2017.06.01 ~ 2017.06.07),2015,19.32857143,13.94285714,25.1,2.757142857,1124.29,1403470,75922.8355,49910125,625,47.838
06??2ì£?(2017.06.08 ~ 2017.06.14),2260,20.5,15.14285714,26.58571429,0.542857143,1132.07,1403470,75922.8355,49910125,625,48
06??3ì£?(2017.06.15 ~ 2017.06.21),2251,23.05714286,16.98571429,29.78571429,0.342857143,1133.89,1403470,75922.8355,49910125,625,48
06??4ì£?(2017.06.22 ~ 2017.06.28),2270,23.42857143,19.18571429,29.11428571,4.257142857,1144.43,1403470,75922.8355,49910125,625,48
06??5ì£?(2017.06.29 ~ 2017.07.05),2363,25.3,22.28571429,29.55714286,12.08571429,1152.74,1403470,75922.8355,49910125,625,48
07??1ì£?(2017.07.06 ~ 2017.07.12),2621,26.25714286,23.15714286,30.28571429,12.12857143,1128.09,379452,24668.0438,49910125,625,78.589
07??2ì£?(2017.07.13 ~ 2017.07.19),3450,26.55714286,23.12857143,31.2,9.314285714,1117.83,379452,24668.0438,49910125,625,79
07??3ì£?(2017.07.20 ~ 2017.07.26),4525,27.47142857,24.14285714,31.77142857,5.6,1123.69,379452,24668.0438,49910125,625,79
07??4ì£?(2017.07.27 ~ 2017.08.02),5374,25.94285714,22.68571429,30.18571429,6.042857143,1127.77,379452,24668.0438,49910125,625,79
08??1ì£?(2017.08.03 ~ 2017.08.09),5415,28.02857143,24.02857143,32.88571429,2.271428571,1141.86,6428,1246.9841,49910125,625,125.344
08??2ì£?(2017.08.10 ~ 2017.08.16),5475,24.54285714,21.98571429,28,15.25714286,1138.77,6428,1246.9841,49910125,625,125
08??3ì£?(2017.08.17 ~ 2017.08.23),6330,25.57142857,22.7,29.78571429,12.68571429,1120.59,6428,1246.9841,49910125,625,125
08??4ì£?(2017.08.24 ~ 2017.08.30),6754,23.6,19.07142857,28.68571429,3.842857143,1120.69,6428,1246.9841,49910125,625,125
08??5ì£?(2017.08.31 ~ 2017.09.06),6923,21.12857143,16.52857143,26.31428571,2.428571429,1130.97,6428,1246.9841,49910125,625,125
09??1ì£?(2017.09.07 ~ 2017.09.13),6754,21.55714286,17.22857143,27.21428571,6.857142857,1132.21,17138,2579.9695,49910125,625,135.596
09??2ì£?(2017.09.14 ~ 2017.09.20),6429,20.68571429,15.55714286,26.05714286,0.828571429,1132.13,17138,2579.9695,49910125,625,136
09??3ì£?(2017.09.21 ~ 2017.09.27),6208,20.28571429,15.4,26.5,3,1144.29,17138,2579.9695,49910125,625,136
09??4ì£?(2017.09.28 ~ 2017.09.29),5998,17.78571429,13.21428571,23.3,5.3,1144.31,17138,2579.9695,49910125,625,136
10??2ì£?(2017.10.10 ~ 2017.10.11),5572,18.94285714,15.27142857,23.8,2.485714286,1125.67,475222,60541.2278,49910125,625,83.531
10??2ì£?(2017.10.12 ~ 2017.10.18),4330,14.44285714,10.28571429,19.27142857,1.485714286,1131.31,475222,60541.2278,49910125,625,84
10??3ì£?(2017.10.19 ~ 2017.10.25),3189,13.91428571,8.785714286,20.58571429,0.1,1124.97,475222,60541.2278,49910125,625,84
10??4ì£?(2017.10.26 ~ 2017.11.01),2855,12.01428571,6.171428571,18.94285714,0.271428571,1115.29,475222,60541.2278,49910125,625,84
11??1ì£?(2017.11.02 ~ 2017.11.08),2631,11.2,5.371428571,17.8,0.4,1119.87,1147288,59999.8978,49910125,625,48.314
11??2ì£?(2017.11.09 ~ 2017.11.15),2606,7.985714286,2.1,14.54285714,0.342857143,1093.32,1147288,59999.8978,49910125,625,48
11??3ì£?(2017.11.16 ~ 2017.11.22),2427,3.185714286,-1.985714286,8.857142857,0.1,1084.61,1147288,59999.8978,49910125,625,48
11??4ì£?(2017.11.23 ~ 2017.11.29),2666,4.742857143,-0.671428571,10.6,0.928571429,1082.47,1147288,59999.8978,49910125,625,48
11??5ì£?(2017.11.30 ~ 2017.12.06),2683,1.1,-3.928571429,6.571428571,0.257142857,1091.85,1147288,59999.8978,49910125,625,48
12??1ì£?(2017.12.07 ~ 2017.12.13),2650,-1.242857143,-5.4,3.642857143,0.5,1087.95,676885,39400.9488,49910125,625,51.363
12??2ì£?(2017.12.14 ~ 2017.12.20),2712,-1.985714286,-7.614285714,3.385714286,0.2,1076.74,676885,39400.9488,49910125,625,51
12??3ì£?(2017.12.21 ~ 2017.12.27),2819,0.785714286,-3.5,5.957142857,2.042857143,1066.37,676885,39400.9488,49910125,625,51
12??4ì£?(2017.12.28 ~ 2018.01.03),2905,0.657142857,-4.014285714,5.485714286,0.142857143,1061.53,676885,39400.9488,49910125,625,51
01??1ì£?(2018.01.04 ~ 2018.01.10),2966,-0.9,-4.614285714,3.214285714,0.928571429,1058.99,449036,28042.1738,49832208,613,60.266
01??2ì£?(2018.01.11 ~ 2018.01.17),3027,-1.085714286,-5.785714286,4.085714286,1.842857143,1067.11,449036,28042.1738,49832208,613,60
01??3ì£?(2018.01.18 ~ 2018.01.24),3109,-0.928571429,-4.985714286,4.585714286,0.171428571,1063.67,449036,28042.1738,49832208,613,60
01??4ì£?(2018.01.25 ~ 2018.01.31),3251,-5.928571429,-10.72857143,-0.671428571,0.028571429,1089.37,449036,28042.1738,49832208,613,60
02??1ì£?(2018.02.01 ~ 2018.02.07),4014,-5.457142857,-10.3,-0.171428571,0.1,1084.67,541488,41805.666,49832208,613,83.293
02??2ì£?(2018.02.08 ~ 2018.02.14),4435,-0.628571429,-6.828571429,5.314285714,0.171428571,1066.19,541488,41805.666,49832208,613,83
02??3ì£?(2018.02.19 ~ 2018.02.21),4396,1.357142857,-3.8,7.171428571,0,1076,541488,41805.666,49832208,613,83
02??4ì£?(2018.02.22 ~ 2018.02.28),4281,3.885714286,-2.085714286,10.31428571,4.342857143,1078.69,541488,41805.666,49832208,613,83
03??1ì£?(2018.03.02 ~ 2018.03.07),4298,5.571428571,0.114285714,11.61428571,4.871428571,1064.38,579496,46681.6336,49832208,613,83.786
03??2ì£?(2018.03.08 ~ 2018.03.14),4306,7.628571429,1.671428571,14.11428571,2.4,1069.53,579496,46681.6336,49832208,613,84
03??3ì£?(2018.03.15 ~ 2018.03.21),4275,6.714285714,2.571428571,10.84285714,8.528571429,1082.87,579496,46681.6336,49832208,613,84
03??4ì£?(2018.03.22 ~ 2018.03.28),4272,10.25714286,3.328571429,17.64285714,0,1060.25,579496,46681.6336,49832208,613,84
03??5ì£?(2018.03.29 ~ 2018.04.04),4305,14.9,9.128571429,21.47142857,2.142857143,1069.75,579496,46681.6336,49832208,613,84
04??1ì£?(2018.04.05 ~ 2018.04.11),4324,9.985714286,4.7,15.05714286,4.942857143,1070.68,179798,13750.2063,49832208,613,83.593
04??2ì£?(2018.04.12 ~ 2018.04.18),4293,11.81428571,5.871428571,18.15714286,3.271428571,1070.1,179798,13750.2063,49832208,613,84
04??3ì£?(2018.04.19 ~ 2018.04.25),4311,14.72857143,8.657142857,21.3,8.742857143,1066.73,179798,13750.2063,49832208,613,84
04??4ì£?(2018.04.26 ~ 2018.05.02),4288,16.31428571,9.642857143,23.08571429,1.914285714,1073.11,179798,13750.2063,49832208,613,84
05??1ì£?(2018.05.03 ~ 2018.05.09),3673,15.08571429,10.38571429,20.14285714,4.7,1066.89,746996,50049.4675,49832208,613,67.793
05??2ì£?(2018.05.10 ~ 2018.05.16),3303,18.58571429,13.47142857,24.11428571,3.7,1080.57,746996,50049.4675,49832208,613,68
05??3ì£?(2018.05.17 ~ 2018.05.23),2917,17.64285714,12.65714286,22.92857143,6.714285714,1077.37,746996,50049.4675,49832208,613,68
05??4ì£?(2018.05.24 ~ 2018.05.30),2821,20.1,13.97142857,26.5,0.614285714,1070.73,746996,50049.4675,49832208,613,68
05??5ì£?(2018.05.31 ~ 2018.06.05),2659,21.97142857,15.84285714,28.72857143,0.2,1073.93,1273757,72403.8723,49832208,613,68
06??1ì£?(2018.06.07 ~ 2018.06.12),2684,20.7,16.95714286,25.52857143,1.457142857,1102.42,1273757,72403.8723,49832208,613,54.508
06??2ì£?(2018.06.14 ~ 2018.06.20),2733,21.14285714,16.77142857,26.52857143,0.771428571,1111,1273757,72403.8723,49832208,613,55
06??3ì£?(2018.06.21 ~ 2018.06.27),2757,24.22857143,19.11428571,30.11428571,8.685714286,1113.91,1273757,72403.8723,49832208,613,55
06??4ì£?(2018.06.28 ~ 2018.07.04),2965,23.85714286,20.98571429,27.67142857,26.87142857,1114.69,339809,25832.9867,49832208,613,55
07??1ì£?(2018.07.05 ~ 2018.07.11),3158,22.55714286,19.78571429,26.04285714,4.871428571,1129,339809,25832.9867,49832208,613,76.175
07??2ì£?(2018.07.12 ~ 2018.07.18),3620,27.91428571,23.41428571,33.18571429,0,1126.9,339809,25832.9867,49832208,613,76
07??3ì£?(2018.07.19 ~ 2018.07.25),4278,29.24285714,24.41428571,34.95714286,0,1114.65,339809,25832.9867,49832208,613,76
07??4ì£?(2018.07.26 ~ 2018.08.01),5071,29.48571429,24.84285714,35.14285714,0.571428571,1122.34,339809,25832.9867,49832208,613,76
08??1ì£?(2018.08.02 ~ 2018.08.08),5742,29.58571429,25.41428571,34.95714286,2.371428571,1129.17,28634,3276.0945,49832208,613,130.196
08??2ì£?(2018.08.09 ~ 2018.08.14),6085,28.71428571,24.68571429,34.08571429,2.428571429,1119.52,28634,3276.0945,49832208,613,130
08??3ì£?(2018.08.16 ~ 2018.08.22),6865,26.24285714,21.24285714,31.84285714,1.057142857,1114.33,28634,3276.0945,49832208,613,130
08??4ì£?(2018.08.23 ~ 2018.08.29),7982,24.88571429,22.24285714,28.35714286,27.71428571,1115.46,28634,3276.0945,49832208,613,130
08??5ì£?(2018.08.30 ~ 2018.09.05),7687,23.78571429,20.24285714,28.08571429,16.45714286,1127.57,28634,3276.0945,49832208,613,129.345
09??1ì£?(2018.09.06 ~ 2018.09.12),6629,20.71428571,15.84285714,26.01428571,0.9,1120.66,214050,23527.1557,49832208,613,129
09??2ì£?(2018.09.13 ~ 2018.09.19),6123,21.52857143,18.34285714,25.65714286,2.728571429,1113.95,214050,23527.1557,49832208,613,129
09??3ì£?(2018.09.20 ~ 2018.09.21),5928,18.44285714,14.38571429,23.35714286,5.8,1109.98,214050,23527.1557,49832208,613,129
09??4ì£?(2018.09.27 ~ 2018.10.02),5421,16.88571429,11.84285714,22.85714286,0.528571429,1131.13,214050,23527.1557,49832208,613,129
10??1ì£?(2018.10.04 ~ 2018.10.10),4451,16.45714286,12.02857143,21.18571429,20.15714286,1130.3,532508,41607.4259,49832208,613,79.824
10??2ì£?(2018.10.11 ~ 2018.10.17),4002,12.2,6.828571429,18.92857143,0.257142857,1131.15,532508,41607.4259,49832208,613,80
10??3ì£?(2018.10.18 ~ 2018.10.24),3634,12.14285714,6.5,19.6,1.071428571,1139.28,532508,41607.4259,49832208,613,80
10??4ì£?(2018.10.25 ~ 2018.10.31),3418,10.12857143,5.228571429,15.65714286,1.785714286,1117.1,532508,41607.4259,49832208,613,80
11??1ì£?(2018.11.01 ~ 2018.11.07),3235,10.27142857,4.114285714,18.14285714,0.9,1129.69,702764,51176.2152,49832208,613,59.15
11??2ì£?(2018.11.08 ~ 2018.11.14),3096,10.48571429,6.085714286,15.98571429,5.414285714,1120.4,702764,51176.2152,49832208,613,59
11??3ì£?(2018.11.15 ~ 2018.11.21),3002,7.285714286,2.357142857,13.31428571,0.257142857,1132.5,702764,51176.2152,49832208,613,59
11??4ì£?(2018.11.22 ~ 2018.11.28),2974,5.057142857,0.242857143,10.95714286,0.614285714,1119.44,702764,51176.2152,49832208,613,59
11??5ì£?(2018.11.29 ~ 2018.12.05),2868,7.171428571,2.171428571,12.55714286,3,1123.85,312151,22128.5185,49832208,613,59
12??1ì£?(2018.12.06 ~ 2018.12.12),2796,-1.5,-5.257142857,3.071428571,0.628571429,1131.7,312151,22128.5185,49832208,613,52.003
12??2ì£?(2018.12.13 ~ 2018.12.19),2829,0.971428571,-3.914285714,6.6,0.142857143,1128.04,312151,22128.5185,49832208,613,52
12??3ì£?(2018.12.20 ~ 2018.12.26),2806,3.442857143,-1.514285714,9.114285714,0.128571429,1116.05,312151,22128.5185,49832208,613,52
12??4ì£?(2018.12.27 ~ 2019.01.02),2775,-4.2,-8.628571429,0.9,0.028571429,1115.85,312151,22128.5185,49832208,613,52
01??1ì£?(2019.01.03 ~ 2019.01.09),2736,-1.142857143,-6.4,4.842857143,0,1117.23,529559,32385.4361,38743854,504,49.833
01??2ì£?(2019.01.10 ~ 2019.01.16),2706,0.8,-3.742857143,6.314285714,0.357142857,1125.08,529559,32385.4361,38743854,504,50
01??3ì£?(2019.01.17 ~ 2019.01.23),2566,1.7,-3.642857143,7.585714286,0.042857143,1117.78,529559,32385.4361,38743854,504,50
01??4ì£?(2019.01.24 ~ 2019.01.30),2485,0.628571429,-5.214285714,7.128571429,0.028571429,1118.4,529559,32385.4361,38743854,504,50
01??5ì£?(2019.01.31 ~ 2019.02.01),2575,2.528571429,-2.785714286,8.257142857,2.528571429,1123.5,529559,32385.4361,38743854,504,47.878
02??1ì£?(2019.02.07 ~ 2019.02.13),2611,-0.485714286,-5.014285714,4.385714286,0.071428571,1125.44,1193382,76163.7443,38743854,504,48
02??2ì£?(2019.02.14 ~ 2019.02.20),2454,1.428571429,-2.671428571,6.042857143,2.428571429,1121.99,1193382,76163.7443,38743854,504,48
02??3ì£?(2019.02.21 ~ 2019.02.27),2336,5.171428571,-0.614285714,12.2,0.057142857,1126.67,1193382,76163.7443,38743854,504,48
02??4ì£?(2019.02.28 ~ 2019.03.06),2319,7.742857143,1.785714286,14.34285714,0.157142857,1132.9,1193382,76163.7443,38743854,504,48
03??1ì£?(2019.03.07 ~ 2019.03.13),2282,6.342857143,0.528571429,12.54285714,1.528571429,1134.7,457050,31550.4608,38743854,504,44.88
03??2ì£?(2019.03.14 ~ 2019.03.20),2240,7.571428571,1.128571429,14.21428571,2.8,1135.11,457050,31550.4608,38743854,504,45
03??3ì£?(2019.03.21 ~ 2019.03.27),2216,7.771428571,1.728571429,14.21428571,0.514285714,1136.1,457050,31550.4608,38743854,504,45
03??4ì£?(2019.03.28 ~ 2019.04.03),2196,7.657142857,2.385714286,13.4,0.542857143,1136.69,457050,31550.4608,38743854,504,45
04??1ì£?(2019.04.04 ~ 2019.04.10),2268,10.57142857,4.528571429,16.95714286,5.014285714,1133.72,725970,45686.6099,38743854,504,44.211
04??2ì£?(2019.04.11 ~ 2019.04.17),2282,11.72857143,4.714285714,18.78571429,0.2,1135.58,725970,45686.6099,38743854,504,44
04??3ì£?(2019.04.18 ~ 2019.04.24),2281,15.85714286,10.58571429,21.75714286,1.814285714,1157.9,725970,45686.6099,38743854,504,44
04??4ì£?(2019.04.25 ~ 2019.04.30),2299,12.52857143,8.428571429,17.2,4.328571429,1163.68,725970,45686.6099,38743854,504,44
05??1ì£?(2019.05.02 ~ 2019.05.08),2354,16.11428571,8.042857143,24.11428571,0.014285714,1174.2,1198294,75806.847,38743854,504,45.237
05??2ì£?(2019.05.09 ~ 2019.05.15),2434,18.51428571,11.52857143,26.07142857,0,1193.73,1198294,75806.847,38743854,504,45
05??3ì£?(2019.05.16 ~ 2019.05.22),2365,19.17142857,13.44285714,24.72857143,4.557142857,1184.77,1198294,75806.847,38743854,504,45
05??4ì£?(2019.05.23 ~ 2019.05.29),2238,20.91428571,14.17142857,27.72857143,3.285714286,1187.8,1198294,75806.847,38743854,504,45
05??5ì£?(2019.05.30 ~ 2019.06.05),2380,20.94285714,14.28571429,27.8,0.128571429,1181.07,1198294,75806.847,38743854,504,45
06??1ì£?(2019.06.07 ~ 2019.06.12),2498,19.47142857,15.62857143,24.35714286,7.271428571,1186.78,1079214,78479.8308,38743854,504,54.542
06??2ì£?(2019.06.13 ~ 2019.06.19),2732,20.97142857,16.45714286,26.52857143,1.3,1158.2,1079214,78479.8308,38743854,504,55
06??3ì£?(2019.06.20 ~ 2019.06.26),2899,22.38571429,17.54285714,27.92857143,5.2,1155.38,1079214,78479.8308,38743854,504,55
06??4ì£?(2019.06.27 ~ 2019.07.03),3004,23.21428571,19.72857143,27.72857143,6.414285714,1174.59,1079214,78479.8308,38743854,504,55
07??1ì£?(2019.07.04 ~ 2019.07.10),3066,23.45714286,18.97142857,28.61428571,3.085714286,1176.32,606927,50986.5694,38743854,504,68.682
07??2ì£?(2019.07.11 ~ 2019.07.17),3161,23.42857143,20.17142857,27.85714286,4.228571429,1175.11,606927,50986.5694,38743854,504,69
07??3ì£?(2019.07.18 ~ 2019.07.24),3216,25.82857143,23.07142857,29.32857143,14.18571429,1183.24,606927,50986.5694,38743854,504,69
07??4ì£?(2019.07.25 ~ 2019.07.31),3304,27.38571429,24.75714286,30.8,9.3,1204.51,606927,50986.5694,38743854,504,69
08??1ì£?(2019.08.01 ~ 2019.08.07),3298,28.21428571,24.11428571,33.48571429,4.414285714,1213.45,318673,31971.9748,38743854,504,75.347
08??2ì£?(2019.08.08 ~ 2019.08.14),3421,28.22857143,24.57142857,32.88571429,4.528571429,1207.47,318673,31971.9748,38743854,504,75
08??3ì£?(2019.08.16 ~ 2019.08.21),3436,25.84285714,22.11428571,30.48571429,4.142857143,1212.66,318673,31971.9748,38743854,504,75
08??4ì£?(2019.08.22 ~ 2019.08.28),3608,23.9,20.3,28.45714286,6.3,1209.5,318673,31971.9748,38743854,504,75
08??5ì£?(2019.08.29 ~ 2019.09.04),3867,22.44285714,19.24285714,26.45714286,5.942857143,1191.77,318673,31971.9748,38743854,504,75
09??1ì£?(2019.09.05 ~ 2019.09.11),4933,24.85714286,22.1,28.74285714,9.814285714,1178.72,8300,1233.5806,38743854,504,107.702
09??2ì£?(2019.09.16 ~ 2019.09.18),3863.661871,21.84285714,17.4,27.3,0.9,1193.13,8300,1233.5806,38743854,504,108
09??3ì£?(2019.09.16 ~ 2019.09.18),5230,18.3,14.31428571,23.05714286,15.08571429,1201.99,8300,1233.5806,38743854,504,108
09??4ì£?(2019.09.26 ~ 2019.10.02),6941,21.45714286,17.71428571,26.37142857,16.38571429,1191.25,8300,1233.5806,38743854,504,108
10??1ì£?(2019.10.04 ~ 2019.10.08),7762,17.5,13.38571429,22.5,5.442857143,1182.48,92927,7876.2344,38743854,504,132.474
10??2ì£?(2019.10.10 ~ 2019.10.16),6865,15.17142857,9.757142857,21.58571429,0.514285714,1177.91,92927,7876.2344,38743854,504,132
10??3ì£?(2019.10.17 ~ 2019.10.23),6393,15.12857143,10.28571429,21.34285714,0.642857143,1171.66,92927,7876.2344,38743854,504,132
10??4ì£?(2019.10.24 ~ 2019.10.30),5623,13.08571429,7.914285714,19.08571429,0.428571429,1164.67,92927,7876.2344,38743854,504,132
10??5ì£?(2019.10.31 ~ 2019.11.06),4958,12.54285714,6.885714286,19.72857143,0.271428571,1158.6,92927,7876.2344,38743854,504,132
11??1ì£?(2019.11.07 ~ 2019.11.13),4388,9.228571429,3.642857143,15.91428571,1.685714286,1162.65,345356,28271.8879,38743854,504,92.649
11??2ì£?(2019.11.14 ~ 2019.11.20),4446,6.414285714,1.242857143,12.25714286,5.214285714,1179.33,345356,28271.8879,38743854,504,93
11??3ì£?(2019.11.21 ~ 2019.11.27),4661,7.957142857,2.614285714,14.32857143,0.7,1180.7,345356,28271.8879,38743854,504,93
11??4ì£?(2019.11.28 ~ 2019.12.04),4604,4,-0.385714286,9,2.285714286,1185.51,345356,28271.8879,38743854,504,93
12??1ì£?(2019.12.05 ~ 2019.12.11),4618,1.757142857,-3.585714286,7.971428571,0.114285714,1175.57,616446,58157.463,38743854,504,83.616
12??2ì£?(2019.12.12 ~ 2019.12.18),4655,4.271428571,-0.628571429,9.857142857,0.428571429,1158.99,616446,58157.463,38743854,504,84
12??3ì£?(2019.12.19 ~ 2019.12.24),4593,1.914285714,-2.557142857,7.528571429,0.142857143,1158.95,616446,58157.463,38743854,504,84
12??4ì£?(2019.12.26 ~ 2019.12.31),4503,0.728571429,-3.542857143,5.342857143,1.171428571,1164.95,616446,58157.463,38743854,504,84
01??1ì£?(2020.01.02 ~ 2020.01.08),4608,3.157142857,-1.114285714,8.571428571,8.057142857,1157.97,166671,14926.6704,46721667,603,88.32
01??2ì£?(2020.01.09 ~ 2020.01.15),4622,0.514285714,-3.157142857,5.214285714,0,1160.44,166671,14926.6704,46721667,603,88
01??3ì£?(2020.01.16 ~ 2020.01.22),4600,1.228571429,-3.185714286,6.528571429,0.757142857,1169.2,166671,14926.6704,46721667,603,88
01??4ì£?(2020.01.23 ~ 2020.01.29),4628,5.342857143,1.742857143,9.7,2.985714286,1194.97,166671,14926.6704,46721667,603,88
01??5ì£?(2020.01.30 ~ 2020.02.05),4493,1.342857143,-3.042857143,6.457142857,0.171428571,1191.39,166671,14926.6704,46721667,603,88
02??1ì£?(2020.02.06 ~ 2020.02.12),4386,1.928571429,-3.642857143,7.642857143,1.928571429,1182.46,399623,38134.3004,46721667,603,86.45
02??2ì£?(2020.02.13 ~ 2020.02.19),4337,3.485714286,-1.285714286,9.314285714,1.357142857,1206.91,399623,38134.3004,46721667,603,86
02??3ì£?(2020.02.20 ~ 2020.02.26),4353,6,0.657142857,11.68571429,4.642857143,1200.2,399623,38134.3004,46721667,603,86
02??4ì£?(2020.02.27 ~ 2020.03.04),4321,5.371428571,1.228571429,10.07142857,0.428571429,1188.7,399623,38134.3004,46721667,603,86
03??1ì£?(2020.03.05 ~ 2020.03.11),4328,5.557142857,-0.014285714,11.52857143,2.057142857,1211.28,170377,16955.7735,46721667,603,88.16
03??2ì£?(2020.03.12 ~ 2020.03.18),4318,6.328571429,-0.242857143,12.9,0.114285714,1254.45,170377,16955.7735,46721667,603,88
03??3ì£?(2020.03.19 ~ 2020.03.25),4293,10.61428571,3.414285714,17.81428571,0.057142857,1212.23,170377,16955.7735,46721667,603,88
03??4ì£?(2020.03.26 ~ 2020.04.01),4460,10.08571429,4.185714286,16.2,2.014285714,1235.61,170377,16955.7735,46721667,603,88
04??1ì£?(2020.04.02 ~ 2020.04.08),4445,9.371428571,2.157142857,16.67142857,0.014285714,1211.05,403890,35231.5206,46721667,603,84.61
04??2ì£?(2020.04.09 ~ 2020.04.14),4435,9.7,3.314285714,16.34285714,0.828571429,1216.13,403890,35231.5206,46721667,603,85
04??3ì£?(2020.04.16 ~ 2020.04.22),4410,10.65714286,6.528571429,15.58571429,4.857142857,1230.53,403890,35231.5206,46721667,603,85
04??4ì£?(2020.04.23 ~ 2020.04.29),4738,11.85714286,4.642857143,18.65714286,0.042857143,1224.89,403890,35231.5206,46721667,603,85
05??1ì£?(2020.05.04 ~ 2020.05.06),5459,18.4,12.95714286,24.31428571,2.042857143,1219.65,439256,4782.5613,46721667,603,90.99
05??1ì£?(2020.05.07 ~ 2020.05.13),5201,16.54285714,11.11428571,21.98571429,5.385714286,1232.69,439256,4782.5613,46721667,603,91
05??2ì£?(2020.05.14 ~ 2020.05.20),4371,16.61428571,12.48571429,21.65714286,6.457142857,1240.59,439256,4782.5613,46721667,603,91
05??3ì£?(2020.05.21 ~ 2020.05.27),4410,17.57142857,12.72857143,23.2,0.642857143,1231.49,439256,4782.5613,46721667,603,91
05??4ì£?(2020.05.28 ~ 2020.06.03),4620,19.92857143,14,25.95714286,0.385714286,1202.02,439256,4782.5613,46721667,603,91
06??1ì£?(2020.06.04 ~ 2020.06.10),4327,23.58571429,17.95714286,30.17142857,1.928571429,1203.66,1274475,88410.949,46721667,603,86.28
06??2ì£?(2020.06.11 ~ 2020.06.17),4246,23.31428571,19.04285714,28.41428571,8.428571429,1211.83,1274475,88410.949,46721667,603,86
06??3ì£?(2020.06.18 ~ 2020.06.24),4314,22.47142857,18.18571429,27.51428571,5.5,1203.8,1274475,88410.949,46721667,603,86
06??4ì£?(2020.06.25 ~ 2020.07.01),4403,21.95714286,18.74285714,26.15714286,10.47142857,1198.93,1274475,88410.949,46721667,603,86
07??1ì£?(2020.07.02 ~ 2020.07.08),4118,22.4,18.65714286,26.97142857,1.514285714,1200.42,222757,16925.2039,46721667,603,92.97
07??2ì£?(2020.07.09 ~ 2020.07.15),4341,21.52857143,19.11428571,24.72857143,23.2,1203.44,222757,16925.2039,46721667,603,93
07??3ì£?(2020.07.16 ~ 2020.07.22),5102,23.31428571,19.85714286,27.5,7.142857143,1201.5,222757,16925.2039,46721667,603,93
07??4ì£?(2020.07.23 ~ 2020.07.29),5731,22.44285714,20.55714286,25.18571429,23.6,1193.59,222757,16925.2039,46721667,603,93
07??5ì£?(2020.07.30 ~ 2020.08.05),5710,25.84285714,23.2,29.47142857,18.5,1188.68,222757,16925.2039,46721667,603,93
08??1ì£?(2020.08.06 ~ 2020.08.12),6118,25.22857143,23.15714286,28.02857143,34.52857143,1186.94,28341,3304.4893,46721667,603,128.16
08??2ì£?(2020.08.13 ~ 2020.08.19),7111,27.62857143,24.01428571,32.27142857,1.6,1191.72,28341,3304.4893,46721667,603,128
08??3ì£?(2020.08.20 ~ 2020.08.26),8620,26.55714286,22.68571429,31.54285714,3.857142857,1180.48,28341,3304.4893,46721667,603,128
08??4ì£?(2020.08.27 ~ 2020.09.02),9593,26.08571429,23.52857143,29.92857143,14.18571429,1187.3,28341,3304.4893,46721667,603,128
09??1ì£?(2020.09.03 ~ 2020.09.09),9543,21.67142857,18.41428571,25.5,20.01428571,1187.89,2844,990.6842,46721667,603,180.29
09??2ì£?(2020.09.10 ~ 2020.09.16),10615,20.82857143,17.82857143,25.14285714,2.957142857,1164.81,2844,990.6842,46721667,603,180
09??3ì£?(2020.09.17 ~ 2020.09.23),11653,18.38571429,13.78571429,23.84285714,0.571428571,1174.32,2844,990.6842,46721667,603,180
09??4ì£?(2020.09.24 ~ 2020.09.29),11848,18.17142857,13.42857143,24.18571429,0.714285714,1166.26,2844,990.6842,46721667,603,180
10??1ì£?(2020.10.05 ~ 2020.10.07),11095,16.8,12.02857143,22.18571429,0.457142857,1143.52,462157,37706.911,46721667,603,151.16
10??2ì£?(2020.10.08 ~ 2020.10.14),9288,15.21428571,10.35714286,21.14285714,0,1142.13,462157,37706.911,46721667,603,151
10??3ì£?(2020.10.15 ~ 2020.10.21),6528,12.35714286,6.714285714,19.31428571,0.871428571,1127.95,462157,37706.911,46721667,603,151
10??4ì£?(2020.10.22 ~ 2020.10.28),5070,11.6,6.1,18.27142857,0.171428571,1136.49,462157,37706.911,46721667,603,151
10??5ì£?(2020.10.29 ~ 2020.11.04),4295,9.5,4.071428571,15.37142857,0.6,1121.4,462157,37706.911,46721667,603,151
11??1ì£?(2020.11.05 ~ 2020.11.11),3450,9.257142857,3.314285714,15.74285714,0,1107.62,1618679,128689.7096,46721667,603,66.4
11??2ì£?(2020.11.12 ~ 2020.11.18),3139,11.78571429,5.8,18.94285714,0.571428571,1114.95,1618679,128689.7096,46721667,603,66
11??3ì£?(2020.11.19 ~ 2020.11.25),3044,7.542857143,2.914285714,12.41428571,4.642857143,1104.43,1618679,128689.7096,46721667,603,66
11??4ì£?(2020.11.26 ~ 2020.12.02),3038,3.328571429,-0.714285714,8.371428571,0,1083.77,1618679,128689.7096,46721667,603,66
12??1ì£?(2020.12.03 ~ 2020.12.09),2952,1.871428571,-3.142857143,7.785714286,0,1091.67,914116,69963.1635,46721667,603,56.22
12??2ì£?(2020.12.10 ~ 2020.12.16),2932,-0.185714286,-4.214285714,4.571428571,0.3,1099.39,914116,69963.1635,46721667,603,56
12??3ì£?(2020.12.17 ~ 2020.12.23),2789,-1.085714286,-6.4,4.714285714,0.028571429,1099.07,914116,69963.1635,46721667,603,56
12??4ì£?(2020.12.24 ~ 2020.12.30),2787,1.142857143,-3.185714286,7.042857143,0.742857143,1084.73,914116,69963.1635,46721667,603,56
12??5ì£?(2020.12.31 ~ 2021.01.06),2945,-3.657142857,-8.871428571,1.114285714,0.2,1092.93,914116,69963.1635,46721667,603,56
01??1ì£?(2021.01.07 ~ 2021.01.13),2999,-6.571428571,-12.14285714,-0.771428571,0.228571429,1103.27,1050799,75914.6763,42031396,566,56.05
01??2ì£?(2021.01.14 ~ 2021.01.20),3007,-0.5,-6.157142857,5.857142857,0.257142857,1105.41,1050799,75914.6763,42031396,566,56
01??3ì£?(2021.01.21 ~ 2021.01.27),3053,5.585714286,1.742857143,10.08571429,1.871428571,1117.64,1050799,75914.6763,42031396,566,56
01??4ì£?(2021.01.28 ~ 2021.02.03),3284,-0.2,-5.628571429,5.742857143,1.7,1116.77,1050799,75914.6763,42031396,566,56
02??1ì£?(2021.02.04 ~ 2021.02.10),3566,1.814285714,-3.685714286,7.5,0.114285714,1102.59,424712,25395.7726,42031396,566,71.74
02??3ì£?(2021.02.15 ~ 2021.02.17),3704,2.857142857,-2.457142857,9.314285714,0.657142857,1104.27,424712,25395.7726,42031396,566,72
02??3ì£?(2021.02.18 ~ 2021.02.24),4107,4.971428571,-1.571428571,11.87142857,0.014285714,1123.89,424712,25395.7726,42031396,566,72
02??4ì£?(2021.02.25 ~ 2021.03.03),4510,5.485714286,0.457142857,10.51428571,8.157142857,1128,424712,25395.7726,42031396,566,72
03??1ì£?(2021.03.04 ~ 2021.03.10),4532,6.614285714,1.485714286,13.04285714,0.614285714,1136,103820,9467.601,42031396,566,87.9
03??2ì£?(2021.03.11 ~ 2021.03.17),4727,9.1,2.928571429,15.4,2.257142857,1129.12,103820,9467.601,42031396,566,88
03??3ì£?(2021.03.18 ~ 2021.03.24),4862,8.942857143,3.8,14.4,0.857142857,1128.52,103820,9467.601,42031396,566,88
03??4ì£?(2021.03.25 ~ 2021.03.31),4900,12,5.757142857,18.67142857,4.528571429,1128.64,103820,9467.601,42031396,566,88
04??1ì£?(2021.04.01 ~ 2021.04.07),5148,12.68571429,7.1,18.41428571,5.957142857,1120.98,102124,8813.8315,42031396,566,92.16
04??2ì£?(2021.04.08 ~ 2021.04.14),5219,11.25714286,5.328571429,17.31428571,3.5,1116.5,102124,8813.8315,42031396,566,92
04??3ì£?(2021.04.15 ~ 2021.04.21),5254,12.57142857,5.357142857,19.84285714,0.042857143,1114.72,102124,8813.8315,42031396,566,92
04??4ì£?(2021.04.22 ~ 2021.04.28),5238,15.91428571,10.57142857,21.68571429,0.085714286,1117.16,102124,8813.8315,42031396,566,92
04??5ì£?(2021.04.29 ~ 2021.05.04),5208,13.51428571,8.728571429,18.62857143,5.528571429,1111.23,102124,8813.8315,42031396,566,92
05??1ì£?(2021.05.06 ~ 2021.05.12),3923,15.48571429,9.085714286,21.62857143,1.4,1125.79,511712,36968.0089,42031396,566,78.3
05??2ì£?(2021.05.13 ~ 2021.05.18),3327,18.7,14.12857143,23.82857143,8.3,1127.63,511712,36968.0089,42031396,566,78
05??3ì£?(2021.05.20 ~ 2021.05.26),3195,17.44285714,12.72857143,22.7,2.485714286,1113.08,511712,36968.0089,42031396,566,78
05??4ì£?(2021.05.27 ~ 2021.06.02),3244,18.44285714,13.25714286,24.47142857,3.971428571,1110.52,511712,36968.0089,42031396,566,78
06??1ì£?(2021.06.03 ~ 2021.06.09),3250,20.98571429,15.77142857,26.48571429,3.057142857,1116.4,1047855,71596.7847,42031396,566,69.02
06??2ì£?(2021.06.10 ~ 2021.06.16),3261,22.18571429,18.78571429,26.5,6.085714286,1134.94,1047855,71596.7847,42031396,566,69
06??3ì£?(2021.06.17 ~ 2021.06.23),3194,21.31428571,17.31428571,26.2,1.771428571,1127.12,1047855,71596.7847,42031396,566,69
06??4ì£?(2021.06.24 ~ 2021.06.30),3133,22.58571429,18.75714286,27.62857143,2.171428571,1130.53,1047855,71596.7847,42031396,566,69
07??1ì£?(2021.07.01 ~ 2021.07.07),3264,23.45714286,20.4,27.15714286,24.68571429,1143.73,669776,54372.8614,42031396,566,70.59
07??2ì£?(2021.07.08 ~ 2021.07.14),3428,25.82857143,22.55714286,30.41428571,5.628571429,1141.51,669776,54372.8614,42031396,566,71
07??3ì£?(2021.07.15 ~ 2021.07.21),3419,26.4,22.48571429,31.61428571,2.3,1151.52,669776,54372.8614,42031396,566,71
07??4ì£?(2021.07.22 ~ 2021.07.28),3421,27.52857143,22.75714286,32.91428571,0.114285714,1151.41,669776,54372.8614,42031396,566,71
07??5ì£?(2021.07.29 ~ 2021.08.04),3618,27.44285714,23.82857143,32.4,5.985714286,1144.93,669776,54372.8614,42031396,566,71
08??1ì£?(2021.08.05 ~ 2021.08.11),4361,26.45714286,22.54285714,31.74285714,4.014285714,1161.37,356805,29860.662,42031396,566,89.57
08??2ì£?(2021.08.12 ~ 2021.08.18),4443,24.14285714,20.75714286,28.55714286,3.771428571,1175.15,356805,29860.662,42031396,566,90
08??3ì£?(2021.08.19 ~ 2021.08.25),4514,23.67142857,20.91428571,27.14285714,22.25714286,1161.23,356805,29860.662,42031396,566,90
08??4ì£?(2021.08.26 ~ 2021.09.01),4782,23.25714286,20.28571429,27.31428571,11.48571429,1154.28,356805,29860.662,42031396,566,90
09??1ì£?(2021.09.02 ~ 2021.09.08),5309,21.38571429,18.25714286,25.25714286,3.685714286,1170.23,235909,21567.8385,42031396,566,108.11
09??2ì£?(2021.09.09 ~ 2021.09.15),5277,22.21428571,18.21428571,27.3,0.542857143,1180.69,235909,21567.8385,42031396,566,108
09??3ì£?(2021.09.16 ~ 2021.09.17),5538,21.31428571,17.21428571,26.01428571,6.871428571,1179.68,235909,21567.8385,42031396,566,108
09??4ì£?(2021.09.23 ~ 2021.09.29),5586,20.37142857,16.77142857,24.84285714,3.614285714,1180.35,235909,21567.8385,42031396,566,108
09??5ì£?(2021.09.30 ~ 2021.10.06),5157,21.1,16.5,27.07142857,1.985714286,1196.79,235909,21567.8385,42031396,566,108
10??1ì£?(2021.10.07 ~ 2021.10.13),4603,19.3,16.4,23.32857143,4.014285714,1182.07,773443,60753.2312,42031396,566,84.16
10??2ì£?(2021.10.14 ~ 2021.10.20),4075,12.1,7.1,17.94285714,2.171428571,1177.48,773443,60753.2312,42031396,566,84
10??3ì£?(2021.10.21 ~ 2021.10.27),3873,10.62857143,4.914285714,18.18571429,0.128571429,1174.47,773443,60753.2312,42031396,566,84
10??4ì£?(2021.10.28 ~ 2021.11.03),3922,11.78571429,6.4,18.72857143,0.085714286,1181.05,773443,60753.2312,42031396,566,84
11??1ì£?(2021.11.04 ~ 2021.11.10),4231,10.54285714,5.771428571,16.47142857,4.1,1179.2,469894,39248.1544,42031396,566,87.14
11??2ì£?(2021.11.11 ~ 2021.11.17),4625,7.585714286,2.542857143,13.91428571,0.257142857,1187.1,469894,39248.1544,42031396,566,87
11??3ì£?(2021.11.18 ~ 2021.11.24),4461,7.842857143,3.1,13.5,0.614285714,1194.43,469894,39248.1544,42031396,566,87
11??4ì£?(2021.11.25 ~ 2021.12.01),4436,4.871428571,-0.3,11.05714286,3.328571429,1180,469894,39248.1544,42031396,566,87
12??1ì£?(2021.12.02 ~ 2021.12.08),4493,3.785714286,-1.428571429,10.22857143,0.171428571,1180.86,664050,64011.184,42031396,566,87.47
12??2ì£?(2021.12.09 ~ 2021.12.15),4217,4.528571429,-0.457142857,9.885714286,0.171428571,1187.7,664050,64011.184,42031396,566,87
12??3ì£?(2021.12.16 ~ 2021.12.22),4123,2.171428571,-3.128571429,8.2,0.285714286,1185.99,664050,64011.184,42031396,566,87
12??4ì£?(2021.12.23 ~ 2021.12.29),4100,-1.742857143,-6.728571429,3.728571429,0.285714286,1187.96,664050,64011.184,42031396,566,87
12??5ì£?(2021.12.30 ~ 2022.01.05),4195,-1.628571429,-6.557142857,3.757142857,0.1,1197.63,664050,64011.184,42031396,566,87
01??1ì£?(2022.01.06 ~ 2022.01.12),4426,-0.914285714,-6.314285714,5.228571429,0.042857143,1190.07,263702,25583.6291,45813958,580,87.85
01??2ì£?(2022.01.13 ~ 2022.01.19),4335,-2.528571429,-7.7,2.957142857,0.114285714,1192.51,263702,25583.6291,45813958,580,88
01??3ì£?(2022.01.20 ~ 2022.01.26),3992,1.271428571,-3.6,6.728571429,0.114285714,1209.56,263702,25583.6291,45813958,580,88
01??4ì£?(2022.01.27 ~ 2022.01.28),4005,-0.571428571,-5.071428571,4.742857143,0.128571429,1198.25,263702,25583.6291,45813958,580,88
02??1ì£?(2022.02.03 ~ 2022.02.09),3989,-1.757142857,-6.985714286,3.728571429,0.057142857,1199.48,232516,23736.3334,45813958,580,88.1
02??2ì£?(2022.02.10 ~ 2022.02.16),4071,1.428571429,-3.528571429,7.514285714,0.171428571,1195.59,232516,23736.3334,45813958,580,88
02??3ì£?(2022.02.17 ~ 2022.02.23),4147,-2.257142857,-7.314285714,3.185714286,0.028571429,1197.57,232516,23736.3334,45813958,580,88
02??4ì£?(2022.02.24 ~ 2022.03.02),4179,3.771428571,-2.885714286,10.45714286,0.471428571,1217.45,232516,23736.3334,45813958,580,88
03??1ì£?(2022.03.03 ~ 2022.03.08),4213,4.928571429,-1.757142857,12.14285714,0,1237.08,402279,46552.1513,45813958,580,89.49
03??2ì£?(2022.03.10 ~ 2022.03.16),4379,10.61428571,4.428571429,16.97142857,3.257142857,1211.15,402279,46552.1513,45813958,580,89
03??3ì£?(2022.03.17 ~ 2022.03.23),4499,5.914285714,2.271428571,10.12857143,3.314285714,1225.08,402279,46552.1513,45813958,580,89
03??4ì£?(2022.03.24 ~ 2022.03.30),4656,9.771428571,3.142857143,16.25714286,5.742857143,1219.73,402279,46552.1513,45813958,580,89
03??5ì£?(2022.03.31 ~ 2022.04.06),4890,9.471428571,2.757142857,16.28571429,0.157142857,1229.19,402279,46552.1513,45813958,580,89
04??1ì£?(2022.04.07 ~ 2022.04.13),4879,15.54285714,8.757142857,22.57142857,1.557142857,1228.19,254057,32437.4204,45813958,580,99.37
04??2ì£?(2022.04.14 ~ 2022.04.20),4954,12.85714286,6.357142857,19.82857143,0.242857143,1244.11,254057,32437.4204,45813958,580,99
04??3ì£?(2022.04.21 ~ 2022.04.27),5114,16.87142857,11.24285714,23.01428571,4.7,1263.03,254057,32437.4204,45813958,580,99
04??4ì£?(2022.04.28 ~ 2022.05.04),5180,13.37142857,7.314285714,19.61428571,2.014285714,1269.99,254057,32437.4204,45813958,580,99
05??1ì£?(2022.05.06 ~ 2022.05.11),5299,16.9,10.62857143,23.42857143,0.185714286,1278.45,569153,59970.4795,45813958,580,97.2
05??2ì£?(2022.05.12 ~ 2022.05.18),4479,17.05714286,10.65714286,23.4,0.128571429,1273.59,569153,59970.4795,45813958,580,97
05??3ì£?(2022.05.19 ~ 2022.05.25),3977,20.62857143,14.18571429,27.44285714,0.2,1251.99,569153,59970.4795,45813958,580,97
05??4ì£?(2022.05.26 ~ 2022.05.31),4015,20.58571429,14.21428571,27.07142857,0.271428571,1250.58,569153,59970.4795,45813958,580,97
06??1ì£?(2022.06.02 ~ 2022.06.08),4028,19.5,15.05714286,24.71428571,4.842857143,1279.32,340627,30860.4928,45813958,580,93.6
06??2ì£?(2022.06.09 ~ 2022.06.15),4163,19.88571429,15.78571429,24.78571429,2.671428571,1291.26,340627,30860.4928,45813958,580,94
06??3ì£?(2022.06.16 ~ 2022.06.22),4197,24.05714286,19.4,29.47142857,0.385714286,1288.89,340627,30860.4928,45813958,580,94
06??4ì£?(2022.06.23 ~ 2022.06.29),4081,25.72857143,22.87142857,29.08571429,13.4,1298.67,340627,30860.4928,45813958,580,94
06??5ì£?(2022.06.30 ~ 2022.07.06),4215,26.88571429,22.9,31.91428571,6.257142857,1294.68,340627,30860.4928,45813958,580,94
07??1ì£?(2022.07.07 ~ 2022.07.13),4519,26.05714286,23.2,29.88571429,8.557142857,1317.74,85464,9658.632,45813958,580,121.92
07??2ì£?(2022.07.14 ~ 2022.07.20),4817,25.08571429,21.52857143,29.65714286,6.885714286,1310.01,85464,9658.632,45813958,580,122
07??3ì£?(2022.07.21 ~ 2022.07.27),5721,24.88571429,21.7,29.07142857,5.557142857,1302.97,85464,9658.632,45813958,580,122
07??4ì£?(2022.07.28 ~ 2022.08.03),6580,27.14285714,24.27142857,30.74285714,8.9,1302.24,85464,9658.632,45813958,580,122
08??1ì£?(2022.08.04 ~ 2022.08.10),6257,27.78571429,24.97142857,31.44285714,13.88571429,1301.31,3572,1106.3292,45813958,580,159.3
08??2ì£?(2022.08.11 ~ 2022.08.17),6184,26.14285714,23.41428571,29.74285714,13.6,1335.61,3572,1106.3292,45813958,580,159
08??3ì£?(2022.08.18 ~ 2022.08.24),6024,24.9,21.21428571,29.02857143,5.314285714,1341.81,3572,1106.3292,45813958,580,159
08??4ì£?(2022.08.25 ~ 2022.08.31),5740,21.31428571,17.64285714,25.45714286,6.228571429,1361.15,3572,1106.3292,45813958,580,159
09??1ì£?(2022.09.01 ~ 2022.09.07),7149,21.92857143,18.31428571,26.25714286,19.81428571,1379.77,3131,1136.4636,45813958,580,210.56
09??2ì£?(2022.09.08 ~ 2022.09.14),8712,22.01428571,17.92857143,26.98571429,0.185714286,1384.77,3131,1136.4636,45813958,580,211
09??3ì£?(2022.09.15 ~ 2022.09.21),9169,22.61428571,18.42857143,27.54285714,1.485714286,1421.34,3131,1136.4636,45813958,580,211
09??4ì£?(2022.09.22 ~ 2022.09.28),7933,17.92857143,12.85714286,24.34285714,0.057142857,1439.96,3131,1136.4636,45813958,580,211
09??5ì£?(2022.09.29 ~ 2022.10.05),7238,19.21428571,14.37142857,25.37142857,7.957142857,1424.94,3131,1136.4636,45813958,580,211
10??1ì£?(2022.10.06 ~ 2022.10.12),6336,13.52857143,9.7,18.35714286,2.428571429,1440.44,455794,49036.6075,45813958,580,145.2
10??2ì£?(2022.10.13 ~ 2022.10.19),5910,13.58571429,8.114285714,20.12857143,0,1428.32,455794,49036.6075,45813958,580,145
10??3ì£?(2022.10.20 ~ 2022.10.26),4923,11.81428571,5.8,18.72857143,0.428571429,1421.66,455794,49036.6075,45813958,580,145
10??4ì£?(2022.10.27 ~ 2022.11.02),4528,12.3,6.814285714,19.62857143,0.271428571,1403.29,455794,49036.6075,45813958,580,145
11??1ì£?(2022.11.03 ~ 2022.11.09),4081,8.671428571,2.4,16.17142857,0,1313.69,894672,87630.7597,45813958,580,78.36
11??2ì£?(2022.11.10 ~ 2022.11.16),3191,11.44285714,6.271428571,17.82857143,3.542857143,1339.71,894672,87630.7597,45813958,580,78
11??3ì£?(2022.11.17 ~ 2022.11.23),3040,10.27142857,4.942857143,17.05714286,1.385714286,1334.48,894672,87630.7597,45813958,580,78
11??4ì£?(2022.11.24 ~ 2022.11.30),2913,7.514285714,1.542857143,14.02857143,3.871428571,1297.89,894672,87630.7597,45813958,580,78
12??1ì£?(2022.12.01 ~ 2022.12.07),2561,0.571428571,-3.8,5.414285714,0.085714286,1303.87,960956,86333.6556,45813958,558,62.24
12??2ì£?(2022.12.08 ~ 2022.12.14),2633,1.728571429,-2.957142857,7.214285714,0.442857143,1309.47,960956,86333.6556,45813958,558,62
12??3ì£?(2022.12.15 ~ 2022.12.21),2648,-3.342857143,-8.085714286,1.442857143,1.142857143,1279.55,960956,86333.6556,45813958,558,62
12??4ì£?(2022.12.22 ~ 2022.12.28),2568,-4.342857143,-8.928571429,1.271428571,0.514285714,1260.92,960956,86333.6556,45813958,558,62
12??5ì£?(2022.12.29 ~ 2023.01.04),2501,-1.6,-6.514285714,4.1,0,1253.5,960956,86333.6556,45813958,558,62
01??1ì£?(2023.01.05 ~ 2023.01.11),2513,1.442857143,-4.185714286,8.257142857,0.328571429,1237.26,675337,58266.2932,25883500,558,64.34
01??2ì£?(2023.01.12 ~ 2023.01.18),2530,2.557142857,-1.571428571,7,5.271428571,1228.86,675337,58266.2932,25883500,558,64
01??3ì£?(2023.01.19 ~ 2023.01.25),2524,-3.442857143,-8.657142857,2.657142857,0.071428571,1229.62,675337,58266.2932,25883500,558,64
01??4ì£?(2023.01.26 ~ 2023.02.01),2573,-1.771428571,-7.671428571,3.657142857,0.1,1247.46,675337,58266.2932,25883500,558,64
02??1ì£?(2023.02.02 ~ 2023.02.08),2572,0.828571429,-4.757142857,7.8,0,1267.45,351943,31924.7238,25883500,558,69.02
02??2ì£?(2023.02.09 ~ 2023.02.15),2550,3.128571429,-1.3,7.971428571,1.814285714,1295.87,351943,31924.7238,25883500,558,69
02??3ì£?(2023.02.16 ~ 2023.02.22),2509,2.542857143,-2.485714286,7.671428571,0.228571429,1314.45,351943,31924.7238,25883500,558,69
02??4ì£?(2023.02.23 ~ 2023.02.28),3177,4.042857143,-1.957142857,10.94285714,0.128571429,1295.73,351943,31924.7238,25883500,558,69
03??1ì£?(2023.03.02 ~ 2023.03.08),3304,7.371428571,0.157142857,15.1,0.028571429,1320.24,110177,10522.8338,25883500,558,78.58
03??2ì£?(2023.03.09 ~ 2023.03.15),3521,9.7,2.528571429,17.4,1.2,1308.37,110177,10522.8338,25883500,558,79
03??3ì£?(2023.03.16 ~ 2023.03.22),3565,9.685714286,2.971428571,16.81428571,0.2,1294.66,110177,10522.8338,25883500,558,79
03??4ì£?(2023.03.23 ~ 2023.03.29),3563,9.971428571,4.557142857,15.84285714,2.671428571,1306.11,110177,10522.8338,25883500,558,79
03??5ì£?(2023.03.30 ~ 2023.04.05),3581,13.94285714,6.514285714,21.27142857,5.442857143,1316.3,110177,10522.8338,25883500,558,79
04??1ì£?(2023.04.06 ~ 2023.04.12),3666,11.08571429,4.828571429,17.31428571,0.871428571,1304,44443,5907.924,25883500,558,89.31
04??2ì£?(2023.04.13 ~ 2023.04.19),4006,13.27142857,7.5,19.3,1.228571429,1329.36,44443,5907.924,25883500,558,89
04??3ì£?(2023.04.20 ~ 2023.04.26),4149,13.57142857,8.928571429,18.58571429,0.6,1337.78,44443,5907.924,25883500,558,89
04??4ì£?(2023.04.27 ~ 2023.05.03),4165,14.72857143,7.314285714,21.52857143,1.357142857,1317.47,44443,5907.924,25883500,558,89
05??1ì£?(2023.05.04 ~ 2023.05.10),4136,15.42857143,9.985714286,20.94285714,15.54285714,1342.41,304013,27046.3468,25883500,558,93.4
05??2ì£?(2023.05.11 ~ 2023.05.17),4089,18.65714286,11.64285714,25.75714286,0.228571429,1325.2,304013,27046.3468,25883500,558,93
05??3ì£?(2023.05.18 ~ 2023.05.24),4052,18.22857143,13.24285714,23.77142857,1.514285714,1322.66,304013,27046.3468,25883500,558,93
05??4ì£?(2023.05.25 ~ 2023.05.31),3981,20.22857143,16.51428571,24.35714286,10.27142857,1305.92,304013,27046.3468,25883500,558,93
06??1ì£?(2023.06.01 ~ 2023.06.07),3802,20.9,15.82857143,26.38571429,0.728571429,1287.32,744499,64022.0925,25883500,558,87.98
06??2ì£?(2023.06.08 ~ 2023.06.14),3716,21.52857143,17.3,27.4,2.757142857,1276.15,744499,64022.0925,25883500,558,88
06??3ì£?(2023.06.15 ~ 2023.06.21),3607,22.82857143,17.9,28.4,3.071428571,1308.41,744499,64022.0925,25883500,558,88
06??4ì£?(2023.06.22 ~ 2023.06.28),3915,23.58571429,19.55714286,28.14285714,14.65714286,1315.11,744499,64022.0925,25883500,558,88
06??5ì£?(2023.06.29 ~ 2023.07.05),4058,24.78571429,21.94285714,28.68571429,16.97142857,1297.9,744499,64022.0925,25883500,558,88
07??1ì£?(2023.07.06 ~ 2023.07.12),4077,24.67142857,21.35714286,28.82857143,13.72857143,1268.31,116624,10442.8666,25883500,558,93.41
07??2ì£?(2023.07.13 ~ 2023.07.19),4026,24.64285714,22.55714286,27.44285714,39.55714286,1286.19,116624,10442.8666,25883500,558,93
07??3ì£?(2023.07.20 ~ 2023.07.26),4239,25.74285714,22.75714286,30,9.928571429,1272.83,116624,10442.8666,25883500,558,93
07??4ì£?(2023.07.27 ~ 2023.08.02),4415,27.87142857,23.58571429,33.2,0.971428571,1304.08,116624,10442.8666,25883500,558,93
08??1ì£?(2023.08.03 ~ 2023.08.09),5240,28.24285714,24.28571429,33.17142857,4.657142857,1330.3,20589,2416.1576,25883500,558,132.99
08??2ì£?(2023.08.10 ~ 2023.08.16),5941,25.58571429,22.34285714,29.84285714,16.01428571,1339.17,20589,2416.1576,25883500,558,133
08??3ì£?(2023.08.17 ~ 2023.08.23),5795,26.82857143,23.57142857,31.51428571,6.742857143,1323.53,20589,2416.1576,25883500,558,133
08??4ì£?(2023.08.24 ~ 2023.08.30),5763,24.75714286,21.74285714,28.51428571,14.31428571,1317.55,20589,2416.1576,25883500,558,133
08??5ì£?(2023.08.31 ~ 2023.09.06),5582,24.57142857,20.81428571,29.58571429,2.685714286,1334.96,20589,2416.1576,25883500,558,133
09??1ì£?(2023.09.07 ~ 2023.09.13),5505,23.3,18.82857143,28.74285714,3.157142857,1328.46,65050,8687.3075,25883500,558,136.76
09??2ì£?(2023.09.14 ~ 2023.09.20),5485,22.98571429,20.6,26.44285714,18.82857143,1334.03,65050,8687.3075,25883500,558,137
09??3ì£?(2023.09.21 ~ 2023.09.27),2782,20.38571429,17.08571429,24.57142857,3.914285714,1352.31,65050,8687.3075,25883500,558,137
10??1ì£?(2023.10.04 ~ 2023.10.04),2813,18.35714286,13.85714286,24.01428571,0.871428571,1344.61,248847,24813.4793,25883500,558,137.7
10??1ì£?(2023.10.05 ~ 2023.10.11),2950,15.84285714,11.37142857,21.34285714,0.271428571,1352.21,248847,24813.4793,25883500,558,138
10??2ì£?(2023.10.12 ~ 2023.10.18),3051,14.91428571,9.485714286,21.71428571,0.3,1349.08,248847,24813.4793,25883500,558,138
10??3ì£?(2023.10.19 ~ 2023.10.25),2964,13.1,7.657142857,19.51428571,1.071428571,1354.91,248847,24813.4793,25883500,558,138
10??4ì£?(2023.10.26 ~ 2023.11.01),2863,14.1,8.585714286,21.01428571,0.471428571,1308.23,248847,24813.4793,25883500,558,138
11??1ì£?(2023.11.02 ~ 2023.11.08),2853,15.12857143,10.14285714,20.87142857,5.7,1316.51,891506,77581.4095,25883500,558,84.36
11??2ì£?(2023.11.09 ~ 2023.11.15),2877,6.157142857,0.842857143,12.07142857,1.114285714,1294.35,891506,77581.4095,25883500,558,84
11??3ì£?(2023.11.16 ~ 2023.11.22),2817,5.971428571,0.4,12.01428571,1.871428571,1302.97,891506,77581.4095,25883500,558,84
11??4ì£?(2023.11.23 ~ 2023.11.29),2818,4.528571429,-0.028571429,9.314285714,0.371428571,1293.4,891506,77581.4095,25883500,558,84
11??5ì£?(2023.11.30 ~ 2023.12.06),2839,2.385714286,-2.928571429,8.242857143,0.371428571,1316.41,891506,77581.4095,25883500,558,84
12??1ì£?(2023.12.07 ~ 2023.12.13),2908,9.471428571,4.671428571,14.32857143,4.942857143,1300.4,348725,29314.572,25883500,558,73.48
12??2ì£?(2023.12.14 ~ 2023.12.20),2899,0.028571429,-3.628571429,3.8,8.285714286,1297.25,348725,29314.572,25883500,558,73
12??3ì£?(2023.12.21 ~ 2023.12.27),2886,-2.942857143,-7,2.114285714,0.228571429,1294.4,348725,29314.572,25883500,558,73
12??4ì£?(2023.12.28 ~ 2024.01.03),2874,2.814285714,-0.914285714,7.214285714,1.028571429,1314.16,348725,29314.572,25883500,558,73
01??1ì£?(2024.01.04 ~ 2024.01.10),3078,0.7,-3.871428571,5.4,0.385714286,1313.22,383632,32058.8839,43375500.21,559.4850467,78.97
01??2ì£?(2024.01.11 ~ 2024.01.17),2752,1.3,-3.928571429,6.685714286,0.885714286,1333.66,383632,32058.8839,43375500.21,559.4850467,79
01??3ì£?(2024.01.18 ~ 2024.01.24),2921,0.171428571,-2.414285714,3.514285714,3.028571429,1336.75,383632,32058.8839,43375500.21,559.4850467,79
01??4ì£?(2024.01.25 ~ 2024.01.31),3290,0.142857143,-5.142857143,6.457142857,0.085714286,1337.76,383632,32058.8839,43375500.21,559.4850467,79
02??1ì£?(2024.02.01 ~ 2024.02.07),3015,3.357142857,0.457142857,6.828571429,2.757142857,1330.07,146071,13705.1694,43375500.21,559.4850467,83.49
02??2ì£?(2024.02.08 ~ 2024.02.14),3235,3.9,-1.8,10.31428571,0.314285714,1331.29,146071,13705.1694,43375500.21,559.4850467,83
02??3ì£?(2024.02.15 ~ 2024.02.21),3570,5.928571429,1.314285714,11.14285714,9.842857143,1329.95,146071,13705.1694,43375500.21,559.4850467,83
02??4ì£?(2024.02.22 ~ 2024.02.28),3793,3.2,0,7,1.471428571,1330.52,146071,13705.1694,43375500.21,559.4850467,83
02??5ì£?(2024.02.29 ~ 2024.03.06),3961,3.642857143,-0.757142857,8.057142857,1.128571429,1316,146071,13705.1694,43375500.21,559.4850467,83
03??1ì£?(2024.03.07 ~ 2024.03.13),3692,4.285714286,-1.171428571,10.14285714,0.214285714,1330.63,52380,6528.0483,43375500.21,258.5,93.96
03??2ì£?(2024.03.14 ~ 2024.03.20),3365,8.214285714,1.828571429,14.82857143,0.257142857,1343.43,52380,6528.0483,43375500.21,258.5,94
03??3ì£?(2024.03.21 ~ 2024.03.27),3702,9.3,4.071428571,14.72857143,4.628571429,1345.09,52380,6528.0483,43375500.21,258.5,94
03??4ì£?(2024.03.28 ~ 2024.04.03),4033,11.27142857,5.457142857,17.11428571,7.342857143,1350.91,52380,6528.0483,43375500.21,258.5,94
04??1ì£?(2024.04.04 ~ 2024.04.09),4334,13.27142857,7.542857143,19.5,0.071428571,1379.69,10490,2299.5257,43375500.21,258.5,117.95
04??2ì£?(2024.04.11 ~ 2024.04.17),4325,15.87142857,9.714285714,22.68571429,2.628571429,1374.3,10490,2299.5257,43375500.21,258.5,118
04??3ì£?(2024.04.18 ~ 2024.04.24),4529,15.11428571,10.72857143,19.98571429,2.885714286,1376.43,10490,2299.5257,43375500.21,258.5,118
04??4ì£?(2024.04.25 ~ 2024.04.30),4648,16.31428571,10.81428571,22.91428571,2.085714286,1354.63,10490,2299.5257,43375500.21,258.5,118
05??1ì£?(2024.05.02 ~ 2024.05.08),4340,15.98571429,10.75714286,21.47142857,9.885714286,1369.65,184522,15613.1664,43375500.21,258.5,108.01
05??2ì£?(2024.05.09 ~ 2024.05.14),3848,16.75714286,9.871428571,23.85714286,4.285714286,1351.76,184522,15613.1664,43375500.21,258.5,108
05??3ì£?(2024.05.16 ~ 2024.05.22),3730,18.44285714,11.85714286,25.41428571,0.514285714,1365.93,184522,15613.1664,43375500.21,258.5,108
05??4ì£?(2024.05.23 ~ 2024.05.29),3544,19.42857143,13.91428571,25.32857143,1.857142857,1381.68,184522,15613.1664,43375500.21,258.5,108
05??5ì£?(2024.05.30 ~ 2024.06.05),3637,19.58571429,14.07142857,25.67142857,0.185714286,1378.8,184522,15613.1664,43375500.21,258.5,108
06??1ì£?(2024.06.07 ~ 2024.06.12),3623,22.24285714,17.02857143,28.15714286,2.057142857,1381.84,228487,19218.5796,43375500.21,559.4850467,83.24
06??2ì£?(2024.06.13 ~ 2024.06.19),3414,24.34285714,18.05714286,31.1,0.6,1387.01,228487,19218.5796,43375500.21,559.4850467,83
06??3ì£?(2024.06.20 ~ 2024.06.26),3488,23.51428571,19.4,28.2,5.571428571,1380.73,228487,19218.5796,43375500.21,559.4850467,83
06??4ì£?(2024.06.27 ~ 2024.07.03),3867,24.07142857,20.35714286,28.31428571,17.65714286,1376.57,228487,19218.5796,43375500.21,559.4850467,83
07??1ì£?(2024.07.04 ~ 2024.07.10),4434,25.38571429,22.62857143,28.68571429,20.14285714,1373.67,2220,456.4472,43375500.21,559.4850467,105.95
07??2ì£?(2024.07.11 ~ 2024.07.17),4750,24.81428571,21.92857143,28.71428571,10.65714286,1388.79,2220,456.4472,43375500.21,559.4850467,106
07??3ì£?(2024.07.18 ~ 2024.07.24),5125,26.88571429,24.1,30.34285714,13.12857143,1383.72,2220,456.4472,43375500.21,559.4850467,106
07??4ì£?(2024.07.25 ~ 2024.07.31),5542,28.4,25.2,32.6,2.871428571,1356.63,2220,456.4472,43375500.21,559.4850467,106
08??1ì£?(2024.08.01 ~ 2024.08.07),5412,28.84285714,25.15714286,33.9,2.9,1364.19,2488,627.4728324,43375500.21,559.4850467,145.75
08??2ì£?(2024.08.08 ~ 2024.08.14),5917,28.14285714,24,33.44285714,0.928571429,1349.11,2488,620.5366356,43375500.21,559.4850467,145.75
08??3ì£?(2024.08.16 ~ 2024.08.21),6890,28.04285714,24.34285714,33.04285714,5.971428571,1323.43,2488,608.7248628,43375500.21,559.4850467,145.75
08??4ì£?(2024.08.22 ~ 2024.08.28),7423,27.2,23.7,31.8,2.171428571,1336.56,2488,614.7641376,43375500.21,559.4850467,145.75
08??5ì£?(2024.08.29 ~ 2024.09.04),6576,25.82,21.38571429,31.11428571,0.814285714,1337.26,2488,615.0861096,43375500.21,559.4850467,145.75
