week,家概啊,乞闭扁柯,弥历扁柯,弥绊扁柯,碍荐樊,券啦,荐免樊,荐免啊,荐涝樊,荐涝啊,积魂樊,犁硅搁利,拱啊瘤荐
01岿 1林 (2014.01.02 ~ 2014.01.08),6639,1.657142857,-3.242857143,7.628571429,0.442857143,1061.77,654.6228098,3820553.745,594.925,423029715,7370.020833,481.9615385,82.358
01岿 2林 (2014.01.09 ~ 2014.01.15),6868,-2.7,-7.728571429,2.9,0,1061.8,654.6228098,3820553.745,594.925,423029715,7370.021,481.9615385,82.358
01岿 3林 (2014.01.16 ~ 2014.01.22),6282,-1.128571429,-5.742857143,4.057142857,0.414285714,1080.35,654.6228098,3820553.745,594.925,423029715,7370.021,481.9615385,82.358
01岿 4林 (2014.01.23 ~ 2014.01.29),6192,-1,-4.314285714,9.1,0.414285714,1081.31,654.6228098,3820553.745,594.925,423029715,7370.021,481.9615385,82.358
02岿 1林 (2014.02.03 ~ 2014.02.05),6477,2.671428571,-2.285714286,8.085714286,1.071428571,1075,654.6228098,3820553.745,594.925,423029715,7370.020833,481.9615385,83.296
02岿 1林 (2014.02.06 ~ 2014.02.12),6558,0.828571429,-2.514285714,4.9,1.814285714,1063.5,654.6228098,3820553.745,638.685,453990741.8,7370.020833,481.9615385,83.296
02岿 2林 (2014.02.13 ~ 2014.02.19),6417,2.285714286,-2.157142857,7.371428571,0.771428571,1073,654.6228098,3820553.745,638.685,453990742,7370.021,481.9615385,83.296
02岿 3林 (2014.02.20 ~ 2014.02.26),6334,3.328571429,-2.657142857,10.3,0.585714286,1066.46,654.6228098,3820553.745,638.685,453990742,7370.021,481.9615385,83.296
02岿 4林 (2014.02.27 ~ 2014.03.05),6413,5.685714286,0.957142857,11.22857143,0.557142857,1065.15,654.6228098,3820553.745,638.685,453990741.8,7370.020833,481.9615385,83.296
03岿 1林 (2014.03.06 ~ 2014.03.12),6395,2.914285714,-2.871428571,8.557142857,3.471428571,1071.23,654.6228098,3820553.745,1164.39125,820586277,7370.020833,481.9615385,83.205
03岿 2林 (2014.03.13 ~ 2014.03.19),6476,8.428571429,2.9,14.15714286,1.571428571,1080,654.6228098,3820553.745,1164.391,820586277,7370.021,481.9615385,83.205
03岿 3林 (2014.03.20 ~ 2014.03.26),6064,9.771428571,3.971428571,15.74285714,2.985714286,1070,654.6228098,3820553.745,1164.391,820586277,7370.021,481.9615385,83.205
03岿 4林 (2014.03.27 ~ 2014.04.02),6418,13.54285714,7.285714286,20.58571429,2.071428571,1054.3,654.6228098,3820553.745,1164.39125,820586277,7370.020833,481.9615385,83.205
04岿 1林 (2014.04.03 ~ 2014.04.09),6057,9.8,3.457142857,16.71428571,0.9,1035.65,125,991443.75,675.435,447880730,7370.020833,481.9615385,83.054
04岿 2林 (2014.04.10 ~ 2014.04.16),6239,14,8.028571429,20.71428571,0.371428571,1038,125,991444,675.435,447880730,7370.021,481.9615385,83.054
04岿 3林 (2014.04.17 ~ 2014.04.23),6228,14.04285714,8.442857143,20.45714286,1.885714286,1041.2,125,991444,675.435,447880730,7370.021,481.9615385,83.054
04岿 4林 (2014.04.24 ~ 2014.04.30),6257,15.52857143,10.8,20.74285714,9.085714286,1030.12,125,991443.75,675.435,447880730,7370.020833,481.9615385,83.054
05岿 1林 (2014.05.02 ~ 2014.05.07),6351,14.42857143,7.828571429,21.41428571,0.257142857,1024.2,3412.25,15031112.5,562.224,395241537.5,7370.020833,481.9615385,82.729
05岿 2林 (2014.05.08 ~ 2014.05.14),6082,17.41428571,11.4,23.61428571,5.485714286,1023.82,3412,15031113,562.224,395241538,7370.021,481.9615385,82.729
05岿 3林 (2014.05.15 ~ 2014.05.21),6499,18.72857143,12.74285714,25.25714286,0.642857143,1024.85,3412,15031113,562.224,395241538,7370.021,481.9615385,82.729
05岿 4林 (2014.05.22 ~ 2014.05.28),6518,20.72857143,15.12857143,26.94285714,1.6,1020.8,3412.25,15031112.5,562.224,395241537.5,7370.020833,481.9615385,82.729
05岿 5林 (2014.05.29 ~ 2014.06.03),6148,22.24285714,16.97142857,28.04285714,4.114285714,1019.95,3412,15031113,562.224,395241537.5,7370.021,481.9615385,82.729
06岿 1林 (2014.06.05 ~ 2014.06.11),6349,20.85714286,17.41428571,25.54285714,1.685714286,1018.05,37.5,136036.5,625.3515,419312386,7370.020833,481.9615385,81.671
06岿 2林 (2014.06.12 ~ 2014.06.18),6204,21.74285714,17.21428571,27.22857143,1.485714286,1021.21,38,136037,625.352,419312386,7370.021,481.9615385,81.671
06岿 3林 (2014.06.19 ~ 2014.06.25),5981,21.95714286,18.31428571,26.68571429,3.542857143,1014.12,37.5,136036.5,625.3515,419312386,7370.020833,481.9615385,81.671
06岿 4林 (2014.06.26 ~ 2014.07.02),6313,23.78571429,19.37142857,29.28571429,1.671428571,1009.45,38,136037,625.3515,419312386,7370.021,481.9615385,81.671
07岿 1林 (2014.07.03 ~ 2014.07.09),6128,23.41428571,20.37142857,27.3,6.828571429,1019.05,654.6228098,3820553.745,805.071,580882095,7370.020833,481.9615385,81.754
07岿 2林 (2014.07.10 ~ 2014.07.16),6235,25.32857143,21.5,30.21428571,1.9,1029.5,654.6228098,3820553.745,805.071,580882095,7370.021,481.9615385,81.754
07岿 3林 (2014.07.17 ~ 2014.07.23),5879,25.82857143,22.51428571,30.21428571,6.914285714,1026.05,654.6228098,3820553.745,805.071,580882095,7370.020833,481.9615385,81.754
07岿 4林 (2014.07.24 ~ 2014.07.30),6239,25.6,21.38571429,30.6,4.071428571,1037.75,654.6228098,3820553.745,805.071,580882095,7370.021,481.9615385,81.754
07岿 5林 (2014.07.31 ~ 2014.08.06),6680,26.48571429,23.61428571,30.41428571,15.02857143,1036.55,654.6228098,3820553.745,805.071,580882095,7370.021,481.9615385,81.754
08岿 1林 (2014.08.07 ~ 2014.08.13),6660,23.68571429,20.41428571,27.94285714,6.842857143,1021.2,2024.25,12687450,1190.565,810459300,7370.020833,481.9615385,82.994
08岿 2林 (2014.08.14 ~ 2014.08.20),6709,22.75714286,20.47142857,26.02857143,17.71428571,1018,2024.25,12687450,1190.565,810459300,7370.020833,481.9615385,82.994
08岿 3林 (2014.08.21 ~ 2014.08.27),6744,23.87142857,20.94285714,27.94285714,13.11428571,1014.1,2024,12687450,1190.565,810459300,7370.021,481.9615385,82.994
08岿 4林 (2014.08.28 ~ 2014.09.03),6603,21.74285714,17.88571429,26.51428571,6.3,1024.65,2024,12687450,1190.565,810459300,7370.021,481.9615385,82.994
09岿 1林 (2014.09.04 ~ 2014.09.05),6868,22.54285714,17.85714286,28.74285714,0.142857143,1035.3,654.6228098,3820553.745,605.95375,468445098.3,7370.020833,481.9615385,83.953
09岿 2林 (2014.09.11 ~ 2014.09.17),6974,21.1,16.67142857,26.62857143,0.428571429,1044.2,654.6228098,3820553.745,605.95375,468445098.3,7370.020833,481.9615385,83.953
09岿 3林 (2014.09.18 ~ 2014.09.24),6873,19.45714286,14.38571429,25.47142857,10,1044.35,654.6228098,3820553.745,605.954,468445098,7370.021,481.9615385,83.953
09岿 4林 (2014.09.25 ~ 2014.10.01),6919,19.71428571,16,24.7,0.985714286,1061.35,654.6228098,3820553.745,605.954,468445098,7370.021,481.9615385,83.953
10岿 1林 (2014.10.02 ~ 2014.10.08),6652,16.31428571,11.05714286,22.51428571,0.4,1074.1,75,572665,676.43,516600805,7370.020833,481.9615385,80.982
10岿 2林 (2014.10.10 ~ 2014.10.15),6625,16.1,10.38571429,22.5,2.128571429,1063.37,75,572665,676.43,516600805,7370.020833,481.9615385,80.982
10岿 3林 (2014.10.16 ~ 2014.10.22),6726,14.1,8.871428571,20.02857143,10.72857143,1057.5,75,572665,676.43,516600805,7370.021,481.9615385,80.982
10岿 4林 (2014.10.23 ~ 2014.10.29),6975,12.87142857,7,20.6,0.014285714,1073.6,75,572665,676.43,516600805,7370.021,481.9615385,80.982
10岿 5林 (2014.10.30 ~ 2014.11.05),6891,11.62857143,6.871428571,17.07142857,3.928571429,1086.84,75,572665,676.43,516600805,7370.021,481.9615385,80.982
11岿 1林 (2014.11.06 ~ 2014.11.12),6586,10.11428571,4.885714286,16.2,0.8,1100.84,12.5,71722.5,544.995,443234921.3,7370.020833,481.9615385,80.219
11岿 2林 (2014.11.13 ~ 2014.11.19),6342,5.514285714,0.628571429,11.52857143,0.142857143,1111.25,13,71723,544.995,443234921,7370.021,481.9615385,80.219
11岿 3林 (2014.11.20 ~ 2014.11.26),6413,8.828571429,4.285714286,14.34285714,4.414285714,1113.17,13,71723,544.995,443234921,7370.021,481.9615385,80.219
11岿 4林 (2014.11.27 ~ 2014.12.03),6464,5.571428571,1.371428571,10.11428571,2.885714286,1121.6,13,71723,544.995,443234921,7370.021,481.9615385,80.219
12岿 1林 (2014.12.04 ~ 2014.12.10),6740,-0.657142857,-4.7,3.971428571,0.771428571,1104.35,1375,1897500,541.0975,453521820,7370.020833,481.9615385,81.573
12岿 2林 (2014.12.11 ~ 2014.12.17),6784,-0.957142857,-4.957142857,2.957142857,1.571428571,1100.11,1375,1897500,541.098,453521820,7370.021,481.9615385,81.573
12岿 3林 (2014.12.18 ~ 2014.12.24),6918,-1.271428571,-6.385714286,3.928571429,0.571428571,1099.8,1375,1897500,541.098,453521820,7370.021,481.9615385,81.573
12岿 4林 (2014.12.26 ~ 2014.12.31),7011,0.385714286,-4.357142857,6.171428571,0.128571429,1106.92,1375,1897500,541.098,453521820,7370.021,481.9615385,81.573
01岿 1林 (2015.01.02 ~ 2015.01.07),6882,-0.857142857,-5.628571429,4.542857143,1.371428571,1085.82,12.5,70240.5,416.28,363698230.5,5547.333333,396.8846154,83.728
01岿 2林 (2015.01.08 ~ 2015.01.14),6494,0.1,-4.8,5.642857143,0.071428571,1079.07,13,70241,416.28,363698231,5547.333,396.8846154,83.728
01岿 3林 (2015.01.15 ~ 2015.01.21),6643,1.385714286,-3.214285714,6.142857143,0.757142857,1077.51,13,70241,416.28,363698231,5547.333,396.8846154,83.728
01岿 4林 (2015.01.22 ~ 2015.01.28),6488,2.114285714,-1.771428571,6.7,1.142857143,1102.4,13,70241,416.28,363698231,5547.333,396.8846154,83.728
01岿 5林 (2015.01.29 ~ 2015.02.04),6664,-0.414285714,-5.157142857,5.242857143,0.228571429,1098.01,12.5,70240.5,416.28,363698230.5,5547.333333,396.8846154,83.728
02岿 1林 (2015.02.05 ~ 2015.02.11),6915,0.385714286,-4.5,5.914285714,0.057142857,1097.88,1,7411.5,534.8455,454412515.5,5547.333333,396.8846154,84.803
02岿 2林 (2015.02.12 ~ 2015.02.17),6918,2.742857143,-1.214285714,6.885714286,2.028571429,1110.56,1,7412,534.846,454412516,5547.333,396.8846154,84.803
02岿 4林 (2015.02.23 ~ 2015.02.25),6936,4.428571429,-0.171428571,9.771428571,1.314285714,1101.28,1,7412,534.846,454412516,5547.333,396.8846154,84.803
02岿 4林 (2015.02.26 ~ 2015.03.04),6813,2.257142857,-1.9,6.942857143,0.785714286,1110.81,1,7411.5,534.8455,454412515.5,5547.333333,396.8846154,84.803
03岿 1林 (2015.03.05 ~ 2015.03.11),6989,2.8,-3.685714286,9.457142857,0.014285714,1138.12,2.5,6956.25,660.33,536061424.5,5547.333333,396.8846154,83.141
03岿 2林 (2015.03.12 ~ 2015.03.18),7074,7.271428571,0.742857143,14.12857143,4.714285714,1113.51,3,6956,660.33,536061425,5547.333,396.8846154,83.141
03岿 3林 (2015.03.19 ~ 2015.03.25),7351,8.771428571,2.642857143,15.98571429,0.071428571,1103.73,3,6956,660.33,536061425,5547.333,396.8846154,83.141
03岿 4林 (2015.03.26 ~ 2015.04.01),7363,11.2,4.342857143,18.05714286,0.714285714,1086.48,2.5,6956.25,660.33,536061424.5,5547.333333,396.8846154,83.141
04岿 1林 (2015.04.02 ~ 2015.04.08),7448,10.45714286,7.185714286,14.67142857,6.128571429,1093.96,169.75,1162779.75,657.7875,571120605,5547.333333,396.8846154,83.208
04岿 2林 (2015.04.09 ~ 2015.04.15),7514,10.54285714,5.085714286,16.45714286,2.757142857,1083.79,170,1162780,657.788,571120605,5547.333,396.8846154,83.208
04岿 3林 (2015.04.16 ~ 2015.04.22),7386,12.71428571,6.642857143,19.24285714,4.328571429,1076.39,170,1162780,657.788,571120605,5547.333,396.8846154,83.208
04岿 4林 (2015.04.23 ~ 2015.04.29),7267,16.57142857,9.414285714,23.57142857,4.485714286,1081.35,169.75,1162779.75,657.7875,571120605,5547.333333,396.8846154,83.208
04岿 5林 (2015.04.30 ~ 2015.05.06),7520,17.14285714,11.32857143,23.22857143,2.142857143,1087.99,654.6228098,3820553.745,453.5425,453354412.8,5547.333333,396.8846154,83.208
05岿 1林 (2015.05.07 ~ 2015.05.13),7583,17.11428571,11.14285714,23.21428571,4.714285714,1083.72,654.6228098,3820553.745,453.543,453354413,5547.333,396.8846154,84.988
05岿 2林 (2015.05.14 ~ 2015.05.20),7605,18.1,12.47142857,24.18571429,0.857142857,1096.68,654.6228098,3820553.745,453.543,453354413,5547.333,396.8846154,84.988
05岿 3林 (2015.05.21 ~ 2015.05.27),7563,20.47142857,12.68571429,28.42857143,0,1113.01,654.6228098,3820553.745,453.5425,453354412.8,5547.333333,396.8846154,84.988
05岿 4林 (2015.05.28 ~ 2015.06.03),7607,21.27142857,15.45714286,27.62857143,0.442857143,1124.54,654.6228098,3820553.745,453.543,453354413,5547.333,396.8846154,84.988
06岿 1林 (2015.06.04 ~ 2015.06.10),7691,20.58571429,14.58571429,26.85714286,0.642857143,1112.17,3335,7526850,472.25,454949224,5547.333333,396.8846154,84.61
06岿 2林 (2015.06.11 ~ 2015.06.17),7640,22.34285714,18.21428571,27.67142857,1.742857143,1103.2,3335,7526850,472.25,454949224,5547.333,396.8846154,84.61
06岿 3林 (2015.06.18 ~ 2015.06.24),7719,21.91428571,17.94285714,26.98571429,2.714285714,1122.95,3335,7526850,472.25,454949224,5547.333333,396.8846154,84.61
06岿 4林 (2015.06.25 ~ 2015.07.01),7582,21.98571429,18.55714286,26.48571429,8.614285714,1122.6,3335,7526850,472.25,454949224,5547.333,396.8846154,84.61
07岿 1林 (2015.07.02 ~ 2015.07.08),8348,21.57142857,17.34285714,26.31428571,5.371428571,1131.2,25,36004.5,513.3525,593378734.5,5547.333333,396.8846154,84.182
07岿 2林 (2015.07.09 ~ 2015.07.15),8816,24.6,21.3,28.91428571,11.11428571,1150.18,25,36005,513.353,593378735,5547.333,396.8846154,84.182
07岿 3林 (2015.07.16 ~ 2015.07.22),8978,23.72857143,20.64285714,27.75714286,1.642857143,1170.35,25,36004.5,513.3525,593378734.5,5547.333333,396.8846154,84.182
07岿 4林 (2015.07.23 ~ 2015.07.29),9312,26.61428571,23.71428571,30.35714286,7.5,1166.67,25,36005,513.353,593378735,5547.333,396.8846154,84.182
07岿 5林 (2015.07.30 ~ 2015.08.05),9110,27.95714286,23.94285714,33.11428571,0.9,1164.7,25,36005,513.353,593378735,5547.333,396.8846154,84.182
08岿 1林 (2015.08.06 ~ 2015.08.12),8989,26.58571429,22.5,31.97142857,2.971428571,1179.33,654.6228098,3820553.745,562.4375,688288704.8,5547.333333,396.8846154,85.206
08岿 2林 (2015.08.13 ~ 2015.08.19),9276,25.12857143,21.08571429,30.35714286,2.271428571,1195.85,654.6228098,3820553.745,562.4375,688288704.8,5547.333333,396.8846154,85.206
08岿 3林 (2015.08.20 ~ 2015.08.26),9294,23.61428571,20.87142857,27.54285714,8.9,1179.87,654.6228098,3820553.745,562.438,688288705,5547.333,396.8846154,85.206
08岿 4林 (2015.08.27 ~ 2015.09.02),9297,23.22857143,19.18571429,28.51428571,2.957142857,1201.33,654.6228098,3820553.745,562.438,688288705,5547.333,396.8846154,85.206
09岿 1林 (2015.09.03 ~ 2015.09.09),9571,21.4,17.02857143,26.71428571,2.557142857,1182.69,2452.5,6443733.75,758.3825,858314460,5547.333333,396.8846154,85.046
09岿 2林 (2015.09.10 ~ 2015.09.16),9423,19.47142857,14.02857143,25.32857143,0.985714286,1173.04,2452.5,6443733.75,758.3825,858314460,5547.333333,396.8846154,85.046
09岿 3林 (2015.09.17 ~ 2015.09.23),9479,19.97142857,15.04285714,26.02857143,1.828571429,1193.07,2453,6443734,758.3825,858314460,5547.333,396.8846154,85.046
09岿 4林 (2015.09.24 ~ 2015.09.30),9398,20.22857143,15.15714286,26.4,0.414285714,1173.1,2453,6443734,758.383,858314460,5547.333,396.8846154,85.046
10岿 1林 (2015.10.01 ~ 2015.10.07),9548,17.05714286,11.17142857,23.94285714,5.342857143,1148.05,25,32144,689.4825,825621510,5547.333333,396.8846154,83.376
10岿 2林 (2015.10.08 ~ 2015.10.14),9732,14.74285714,9.328571429,21.01428571,1.142857143,1131.44,25,32144,689.4825,825621510,5547.333333,396.8846154,83.376
10岿 3林 (2015.10.15 ~ 2015.10.21),9663,16.27142857,10.58571429,24.11428571,0.042857143,1136.01,25,32144,689.4825,825621510,5547.333,396.8846154,83.376
10岿 4林 (2015.10.22 ~ 2015.10.28),9669,14.67142857,10.02857143,20.24285714,2.6,1141.16,25,32144,689.483,825621510,5547.333,396.8846154,83.376
10岿 5林 (2015.10.29 ~ 2015.11.04),9487,9.042857143,3.414285714,15.55714286,0.1,1152.78,25,32144,689.483,825621510,5547.333,396.8846154,83.376
11岿 1林 (2015.11.05 ~ 2015.11.11),9364,12.65714286,9.214285714,16.77142857,7.114285714,1170.34,2705,7350912,1166.21375,1309198176,5547.333333,396.8846154,81.294
11岿 2林 (2015.11.12 ~ 2015.11.18),8972,13.08571429,10.31428571,16.22857143,7.014285714,1154.62,2705,7350912,1166.21375,1309198176,5547.333,396.8846154,81.294
11岿 3林 (2015.11.19 ~ 2015.11.25),9234,9.585714286,6.914285714,12.64285714,3.442857143,1156.83,2705,7350912,1166.214,1309198176,5547.333,396.8846154,81.294
11岿 4林 (2015.11.26 ~ 2015.12.02),9256,4.114285714,0.314285714,8.614285714,1.514285714,1163.64,2705,7350912,1166.214,1309198176,5547.333,396.8846154,81.294
12岿 1林 (2015.12.03 ~ 2015.12.09),9423,4.114285714,-0.342857143,9.057142857,0.5,1187.58,654.6228098,3820553.745,893,1087766895,5547.333333,396.8846154,83.779
12岿 2林 (2015.12.10 ~ 2015.12.16),9740,6.3,3.057142857,9.842857143,3.514285714,1182.43,654.6228098,3820553.745,893,1087766895,5547.333,396.8846154,83.779
12岿 3林 (2015.12.17 ~ 2015.12.23),9880,2.242857143,-1.871428571,6.914285714,0.657142857,1170.95,654.6228098,3820553.745,893,1087766895,5547.333,396.8846154,83.779
12岿 4林 (2015.12.24 ~ 2015.12.30),9968,0.814285714,-3.828571429,6.057142857,0.185714286,1175.45,654.6228098,3820553.745,893,1087766895,5547.333,396.8846154,83.779
12岿 5林 (2015.12.31 ~ 2016.01.06),9930,3.042857143,-1.542857143,8.271428571,0.114285714,1207.94,654.6228098,3820553.745,893,1087766895,5547.333333,396.8846154,83.779
01岿 1林 (2016.01.07 ~ 2016.01.13),9846,-0.242857143,-4.2,4.385714286,0.114285714,1214.81,2520,7677174,836.41,1159064560,5740.604168,399.1923077,85.004
01岿 2林 (2016.01.14 ~ 2016.01.20),9778,-2.114285714,-6.285714286,2.657142857,0.742857143,1197.57,2520,7677174,836.41,1159064560,5740.604,399.1923077,85.004
01岿 3林 (2016.01.21 ~ 2016.01.27),9845,-4.971428571,-9.628571429,-0.271428571,0.442857143,1208.11,2520,7677174,836.41,1159064560,5740.604,399.1923077,85.004
01岿 4林 (2016.01.28 ~ 2016.02.03),9983,-0.542857143,-4.542857143,3.8,2.214285714,1206.35,2520,7677174,836.41,1159064560,5740.604168,399.1923077,85.004
02岿 1林 (2016.02.04 ~ 2016.02.05),10604,0.5,-5.171428571,6.471428571,0.1,1207,75,407086.5,792.44,1123085936,5740.604168,399.1923077,89.017
02岿 2林 (2016.02.11 ~ 2016.02.17),10863,3.9,-0.671428571,8.857142857,4.828571429,1233.87,75,407087,792.44,1123085936,5740.604,399.1923077,89.017
02岿 3林 (2016.02.18 ~ 2016.02.24),10585,2.514285714,-2.114285714,7.385714286,0.128571429,1243.13,75,407087,792.44,1123085936,5740.604,399.1923077,89.017
02岿 4林 (2016.02.25 ~ 2016.03.02),11030,1.757142857,-3.342857143,7.2,1.185714286,1198.5,75,407086.5,792.44,1123085936,5740.604168,399.1923077,89.017
03岿 1林 (2016.03.03 ~ 2016.03.09),11181,8.085714286,3.442857143,13.2,6.414285714,1187.9,50,361152,477.75,782307801,5740.604168,399.1923077,87.002
03岿 2林 (2016.03.10 ~ 2016.03.16),11223,3.914285714,-1.285714286,9.757142857,0.042857143,1164.3,50,361152,477.75,782307801,5740.604,399.1923077,87.002
03岿 3林 (2016.03.17 ~ 2016.03.23),11116,9.428571429,3.671428571,15.77142857,1.414285714,1169.05,50,361152,477.75,782307801,5740.604,399.1923077,87.002
03岿 4林 (2016.03.24 ~ 2016.03.30),11045,8.4,2.1,15.01428571,0.142857143,1147.89,50,361152,477.75,782307801,5740.604168,399.1923077,87.002
03岿 5林 (2016.03.31 ~ 2016.04.06),11341,12.45714286,6.014285714,19.48571429,3.357142857,1151.64,50,361152,477.75,782307801,5740.604,399.1923077,87.002
04岿 1林 (2016.04.07 ~ 2016.04.12),11347,13.24285714,8.214285714,19.5,5.171428571,1146.99,654.6228098,3820553.745,495.3835,799039283,5740.604168,399.1923077,86.818
04岿 2林 (2016.04.14 ~ 2016.04.20),11380,13.64285714,8.157142857,19.8,5.8,1149.99,654.6228098,3820553.745,495.384,799039283,5740.604,399.1923077,86.818
04岿 3林 (2016.04.21 ~ 2016.04.27),11419,15.1,9.571428571,21.5,7.885714286,1144.83,654.6228098,3820553.745,495.3835,799039283,5740.604168,399.1923077,86.818
04岿 4林 (2016.04.28 ~ 2016.05.04),11662,16.25714286,10.34285714,22.57142857,5.328571429,1169.3,654.6228098,3820553.745,495.384,799039283,5740.604,399.1923077,86.818
05岿 2林 (2016.05.09 ~ 2016.05.11),11866,16.9,11.57142857,22.74285714,3.385714286,1176.8,100,843547,607.4475,960664667,5740.604168,399.1923077,85.5
05岿 2林 (2016.05.12 ~ 2016.05.18),12193,17.64285714,10.71428571,24.77142857,2.657142857,1186.2,100,843547,607.448,960664667,5740.604,399.1923077,85.5
05岿 3林 (2016.05.19 ~ 2016.05.25),12243,19.78571429,12.88571429,26.81428571,2.9,1186.25,100,843547,607.4475,960664667,5740.604168,399.1923077,85.5
05岿 4林 (2016.05.26 ~ 2016.06.01),12464,20.98571429,15.65714286,27.14285714,0.171428571,1163.55,100,843547,607.448,960664667,5740.604,399.1923077,85.5
06岿 1林 (2016.06.02 ~ 2016.06.08),12565,20.55714286,15.92857143,25.57142857,0.942857143,1171.53,654.6228098,3820553.745,593.5005,1080723219,5740.604168,399.1923077,83.384
06岿 2林 (2016.06.09 ~ 2016.06.15),12549,22.54285714,18.72857143,27.45714286,1.442857143,1170.46,654.6228098,3820553.745,593.501,1080723219,5740.604,399.1923077,83.384
06岿 3林 (2016.06.16 ~ 2016.06.22),12571,23.2,19.07142857,28.18571429,2.414285714,1171.95,654.6228098,3820553.745,593.5005,1080723219,5740.604168,399.1923077,83.384
06岿 4林 (2016.06.23 ~ 2016.06.29),12519,22.75714286,18.67142857,27.47142857,4.685714286,1150,654.6228098,3820553.745,593.501,1080723219,5740.604,399.1923077,83.384
06岿 5林 (2016.06.30 ~ 2016.07.06),12147,23.6,21.02857143,27.11428571,31.94285714,1149.8,654.6228098,3820553.745,593.501,1080723219,5740.604,399.1923077,83.384
07岿 1林 (2016.07.07 ~ 2016.07.13),11832,25.35714286,21.61428571,30.22857143,1.914285714,1138.6,50,308308,810.91,1413966268,5740.604168,399.1923077,83.888
07岿 2林 (2016.07.14 ~ 2016.07.20),11424,24.07142857,20.7,28.28571429,4.571428571,1136.35,50,308308,810.91,1413966268,5740.604168,399.1923077,83.888
07岿 3林 (2016.07.21 ~ 2016.07.27),11124,26.84285714,23.14285714,31.42857143,1.885714286,1112.24,50,308308,810.91,1413966268,5740.604,399.1923077,83.888
07岿 4林 (2016.07.28 ~ 2016.08.03),10597,27.57142857,24.08571429,32.44285714,4.042857143,1115.27,50,308308,810.91,1413966268,5740.604,399.1923077,83.888
08岿 1林 (2016.08.04 ~ 2016.08.10),10277,28.11428571,23.71428571,33.7,1.142857143,1103.49,654.6228098,3820553.745,1217.9575,1720176708,5740.604168,399.1923077,85.6
08岿 2林 (2016.08.11 ~ 2016.08.17),10370,28.78571429,24.35714286,34.42857143,1.185714286,1115.57,654.6228098,3820553.745,1217.9575,1720176708,5740.604168,399.1923077,85.6
08岿 3林 (2016.08.18 ~ 2016.08.24),10351,27.85714286,23.47142857,33.48571429,0.585714286,1122.52,654.6228098,3820553.745,1217.958,1720176708,5740.604,399.1923077,85.6
08岿 4林 (2016.08.25 ~ 2016.08.31),10215,21.95714286,17.95714286,26.67142857,6.942857143,1116.45,654.6228098,3820553.745,1217.958,1720176708,5740.604,399.1923077,85.6
09岿 1林 (2016.09.01 ~ 2016.09.07),10174,23.54285714,20.22857143,28.04285714,8.014285714,1108.73,5208.5,4723015.5,636.678,1166318318,5740.604168,399.1923077,92.811
09岿 2林 (2016.09.08 ~ 2016.09.13),10120,22.48571429,18.71428571,27.62857143,2.671428571,1126.06,5208.5,4723015.5,636.678,1166318318,5740.604168,399.1923077,92.811
09岿 3林 (2016.09.19 ~ 2016.09.21),9946,20.41428571,16.94285714,24.52857143,13.9,1104.02,5209,4723016,636.678,1166318318,5740.604,399.1923077,92.811
09岿 4林 (2016.09.22 ~ 2016.09.28),10137,20.84285714,16.92857143,26.04285714,2.171428571,1101.91,5209,4723016,636.678,1166318318,5740.604,399.1923077,92.811
09岿 5林 (2016.09.29 ~ 2016.10.05),10318,20.04285714,17.05714286,23.8,12.01428571,1115.76,5209,4723016,636.678,1166318318,5740.604,399.1923077,92.811
10岿 1林 (2016.10.06 ~ 2016.10.12),10495,15.72857143,11.62857143,21.04285714,4.7,1136.41,127.5,1077187.5,570.28825,1154705063,5740.604168,399.1923077,89.764
10岿 2林 (2016.10.13 ~ 2016.10.19),10332,16.17142857,11.84285714,22.14285714,2.685714286,1136.21,128,1077188,570.28825,1154705063,5740.604,399.1923077,89.764
10岿 3林 (2016.10.20 ~ 2016.10.26),10232,15.31428571,11.77142857,19.55714286,2.414285714,1147.32,128,1077188,570.288,1154705063,5740.604,399.1923077,89.764
10岿 4林 (2016.10.27 ~ 2016.11.02),10446,9.357142857,4.971428571,13.98571429,0.957142857,1141.45,128,1077188,570.288,1154705063,5740.604,399.1923077,89.764
11岿 1林 (2016.11.03 ~ 2016.11.09),10353,9.957142857,4.957142857,15.62857143,0.728571429,1165.58,150,542073,925.8,2034521398,5740.604168,399.1923077,87.833
11岿 2林 (2016.11.10 ~ 2016.11.16),10413,9.942857143,4.428571429,15.98571429,1.328571429,1181.08,150,542073,925.8,2034521398,5740.604,399.1923077,87.833
11岿 3林 (2016.11.17 ~ 2016.11.23),10075,9.142857143,4.7,14.1,2.157142857,1175.77,150,542073,925.8,2034521398,5740.604,399.1923077,87.833
11岿 4林 (2016.11.24 ~ 2016.11.30),10069,3,-1.242857143,7.928571429,0.742857143,1167.32,150,542073,925.8,2034521398,5740.604,399.1923077,87.833
12岿 1林 (2016.12.01 ~ 2016.12.07),10200,4.3,-1.128571429,10.17142857,0.042857143,1172.89,12.5,520080,968.3325,1650264666,5740.604168,399.1923077,89.412
12岿 2林 (2016.12.08 ~ 2016.12.14),10340,2.857142857,-2.142857143,8.314285714,0.8,1186.58,13,520080,968.3325,1650264666,5740.604,399.1923077,89.412
12岿 3林 (2016.12.15 ~ 2016.12.21),10412,4.057142857,-0.671428571,9.071428571,4.185714286,1200.36,13,520080,968.333,1650264666,5740.604,399.1923077,89.412
12岿 4林 (2016.12.22 ~ 2016.12.28),10538,2.557142857,-1.128571429,6.928571429,3.928571429,1207.26,13,520080,968.333,1650264666,5740.604,399.1923077,89.412
12岿 5林 (2016.12.29 ~ 2017.01.04),10465,2.157142857,-2.528571429,7.871428571,0.028571429,1202,12.5,520080,968.3325,1650264666,5740.604168,399.1923077,89.412
01岿 1林 (2017.01.05 ~ 2017.01.11),10548,3.4,-1,8,0.557142857,1175,654.6228098,3820553.745,717.138,1432784093,6324.541668,478.1538462,93.827
01岿 2林 (2017.01.12 ~ 2017.01.18),10165,-2.214285714,-7.014285714,3.471428571,0.071428571,1175.39,654.6228098,3820553.745,717.138,1432784093,6324.542,478.1538462,93.827
01岿 3林 (2017.01.19 ~ 2017.01.25),10243,-3.171428571,-7.871428571,2,0.657142857,1178.82,654.6228098,3820553.745,717.138,1432784093,6324.542,478.1538462,93.827
01岿 4林 (2017.01.26 ~ 2017.02.01),10147,-0.1,-5.528571429,5.5,0.9,1138.52,654.6228098,3820553.745,717.138,1432784093,6324.541668,478.1538462,93.827
02岿 1林 (2017.02.02 ~ 2017.02.08),10292,1.557142857,-3.242857143,6.914285714,0.271428571,1146.6,150,649501.25,317.345,745616557.5,6324.541668,478.1538462,94.121
02岿 2林 (2017.02.09 ~ 2017.02.15),10406,-0.685714286,-5.714285714,4.828571429,0.157142857,1150.78,150,649501,317.345,745616558,6324.542,478.1538462,94.121
02岿 3林 (2017.02.16 ~ 2017.02.22),10620,3.342857143,-3.185714286,9.285714286,3.8,1130.5,150,649501,317.345,745616558,6324.542,478.1538462,94.121
02岿 4林 (2017.02.23 ~ 2017.02.28),10324,3.3,-2.228571429,9.585714286,0.314285714,1152.32,150,649501.25,317.345,745616557.5,6324.541668,478.1538462,94.121
03岿 1林 (2017.03.02 ~ 2017.03.08),10182,3.328571429,-1.9,9.114285714,0.428571429,1148.81,654.6228098,3820553.745,529.49,1200846174,6324.541668,478.1538462,92.719
03岿 2林 (2017.03.09 ~ 2017.03.15),10257,6.228571429,-0.485714286,13.35714286,0.085714286,1129.04,654.6228098,3820553.745,529.49,1200846174,6324.542,478.1538462,92.719
03岿 3林 (2017.03.16 ~ 2017.03.22),10228,7.471428571,0.614285714,14.77142857,0.614285714,1117.56,654.6228098,3820553.745,529.49,1200846174,6324.542,478.1538462,92.719
03岿 4林 (2017.03.23 ~ 2017.03.29),10374,7.271428571,2.857142857,12.47142857,1.485714286,1117.65,654.6228098,3820553.745,529.49,1200846174,6324.541668,478.1538462,92.719
03岿 5林 (2017.03.30 ~ 2017.04.05),9851,10.44285714,4.571428571,16.6,3.557142857,1137.89,654.6228098,3820553.745,529.49,1200846174,6324.542,478.1538462,92.719
04岿 1林 (2017.04.06 ~ 2017.04.12),9874,13.42857143,8.6,19.38571429,3.042857143,1135.45,654.6228098,3820553.745,411.445,974444581,6324.541668,478.1538462,90.99
04岿 2林 (2017.04.13 ~ 2017.04.19),10168,14.77142857,8.785714286,21.27142857,2.771428571,1133.57,654.6228098,3820553.745,411.445,974444581,6324.542,478.1538462,90.99
04岿 3林 (2017.04.20 ~ 2017.04.26),10250,14.17142857,8.071428571,20.61428571,0.428571429,1136.87,654.6228098,3820553.745,411.445,974444581,6324.541668,478.1538462,90.99
04岿 4林 (2017.04.27 ~ 2017.05.02),10206,16.85714286,8.985714286,24.65714286,0,1134.71,654.6228098,3820553.745,411.445,974444581,6324.542,478.1538462,90.99
05岿 1林 (2017.05.04 ~ 2017.05.10),10264,17.35714286,11.85714286,23.21428571,2.328571429,1122.41,654.6228098,3820553.745,578.997,1204668563,6324.541668,478.1538462,90.99
05岿 2林 (2017.05.11 ~ 2017.05.17),10211,17.28571429,11.8,23.34285714,0.8,1116.61,654.6228098,3820553.745,578.997,1204668563,6324.542,478.1538462,90.99
05岿 3林 (2017.05.18 ~ 2017.05.24),10264,20.35714286,13.62857143,27.34285714,0.714285714,1117.83,654.6228098,3820553.745,578.997,1204668563,6324.541668,478.1538462,90.99
05岿 4林 (2017.05.25 ~ 2017.05.31),10280,20.27142857,13.57142857,27.4,0.357142857,1117.39,654.6228098,3820553.745,578.997,1204668563,6324.542,478.1538462,90.99
06岿 1林 (2017.06.01 ~ 2017.06.07),10156,19.32857143,13.94285714,25.1,2.757142857,1124.29,654.6228098,3820553.745,1118.7775,2396222630,6324.541668,478.1538462,89.378
06岿 2林 (2017.06.08 ~ 2017.06.14),9878,20.5,15.14285714,26.58571429,0.542857143,1132.07,654.6228098,3820553.745,1118.778,2396222630,6324.542,478.1538462,89.378
06岿 3林 (2017.06.15 ~ 2017.06.21),9811,23.05714286,16.98571429,29.78571429,0.342857143,1133.89,654.6228098,3820553.745,1118.7775,2396222630,6324.541668,478.1538462,89.378
06岿 4林 (2017.06.22 ~ 2017.06.28),9868,23.42857143,19.18571429,29.11428571,4.257142857,1144.43,654.6228098,3820553.745,1118.778,2396222630,6324.542,478.1538462,89.378
06岿 5林 (2017.06.29 ~ 2017.07.05),9400,25.3,22.28571429,29.55714286,12.08571429,1152.74,654.6228098,3820553.745,1118.778,2396222630,6324.542,478.1538462,89.378
07岿 1林 (2017.07.06 ~ 2017.07.12),9488,26.25714286,23.15714286,30.28571429,12.12857143,1128.09,77.5,787563,912.99175,1730310215,6324.541668,478.1538462,89.731
07岿 2林 (2017.07.13 ~ 2017.07.19),9559,26.55714286,23.12857143,31.2,9.314285714,1117.83,77.5,787563,912.99175,1730310215,6324.541668,478.1538462,89.731
07岿 3林 (2017.07.20 ~ 2017.07.26),9534,27.47142857,24.14285714,31.77142857,5.6,1123.69,78,787563,912.992,1730310215,6324.542,478.1538462,89.731
07岿 4林 (2017.07.27 ~ 2017.08.02),9503,25.94285714,22.68571429,30.18571429,6.042857143,1127.77,78,787563,912.992,1730310215,6324.542,478.1538462,89.731
08岿 1林 (2017.08.03 ~ 2017.08.09),9700,28.02857143,24.02857143,32.88571429,2.271428571,1141.86,1575.5,3305064.75,477.2665,818788581,6324.541668,478.1538462,94.776
08岿 2林 (2017.08.10 ~ 2017.08.16),9414,24.54285714,21.98571429,28,15.25714286,1138.77,1575.5,3305064.75,477.2665,818788581,6324.541668,478.1538462,94.776
08岿 3林 (2017.08.17 ~ 2017.08.23),9595,25.57142857,22.7,29.78571429,12.68571429,1120.59,1576,3305065,477.267,818788581,6324.542,478.1538462,94.776
08岿 4林 (2017.08.24 ~ 2017.08.30),9467,23.6,19.07142857,28.68571429,3.842857143,1120.69,1576,3305065,477.267,818788581,6324.542,478.1538462,94.776
08岿 5林 (2017.08.31 ~ 2017.09.06),10007,21.12857143,16.52857143,26.31428571,2.428571429,1130.97,1576,3305065,477.267,818788581,6324.542,478.1538462,94.776
09岿 1林 (2017.09.07 ~ 2017.09.13),10124,21.55714286,17.22857143,27.21428571,6.857142857,1132.21,654.6228098,3820553.745,456.219,710018700,6324.541668,478.1538462,96.589
09岿 2林 (2017.09.14 ~ 2017.09.20),9668,20.68571429,15.55714286,26.05714286,0.828571429,1132.13,654.6228098,3820553.745,456.219,710018700,6324.542,478.1538462,96.589
09岿 3林 (2017.09.21 ~ 2017.09.27),9732,20.28571429,15.4,26.5,3,1144.29,654.6228098,3820553.745,456.219,710018700,6324.542,478.1538462,96.589
09岿 4林 (2017.09.28 ~ 2017.09.29),9707,17.78571429,13.21428571,23.3,5.3,1144.31,654.6228098,3820553.745,456.219,710018700,6324.542,478.1538462,96.589
10岿 2林 (2017.10.10 ~ 2017.10.11),9752,18.94285714,15.27142857,23.8,2.485714286,1125.67,0.75,3113,436.56,529452531,6324.541668,478.1538462,92.341
10岿 2林 (2017.10.12 ~ 2017.10.18),9812,14.44285714,10.28571429,19.27142857,1.485714286,1131.31,1,3113,436.56,529452531,6324.542,478.1538462,92.341
10岿 3林 (2017.10.19 ~ 2017.10.25),9753,13.91428571,8.785714286,20.58571429,0.1,1124.97,1,3113,436.56,529452531,6324.542,478.1538462,92.341
10岿 4林 (2017.10.26 ~ 2017.11.01),9807,12.01428571,6.171428571,18.94285714,0.271428571,1115.29,1,3113,436.56,529452531,6324.542,478.1538462,92.341
11岿 1林 (2017.11.02 ~ 2017.11.08),9916,11.2,5.371428571,17.8,0.4,1119.87,654.6228098,3820553.745,951.64,1078891060,6324.541668,478.1538462,87.968
11岿 2林 (2017.11.09 ~ 2017.11.15),9716,7.985714286,2.1,14.54285714,0.342857143,1093.32,654.6228098,3820553.745,951.64,1078891060,6324.542,478.1538462,87.968
11岿 3林 (2017.11.16 ~ 2017.11.22),9301,3.185714286,-1.985714286,8.857142857,0.1,1084.61,654.6228098,3820553.745,951.64,1078891060,6324.542,478.1538462,87.968
11岿 4林 (2017.11.23 ~ 2017.11.29),9267,4.742857143,-0.671428571,10.6,0.928571429,1082.47,654.6228098,3820553.745,951.64,1078891060,6324.542,478.1538462,87.968
11岿 5林 (2017.11.30 ~ 2017.12.06),9300,1.1,-3.928571429,6.571428571,0.257142857,1091.85,654.6228098,3820553.745,951.64,1078891060,6324.541668,478.1538462,87.968
12岿 1林 (2017.12.07 ~ 2017.12.13),9432,-1.242857143,-5.4,3.642857143,0.5,1087.95,87.5,254938.5,692.225,870915528,6324.541668,478.1538462,90.058
12岿 2林 (2017.12.14 ~ 2017.12.20),9642,-1.985714286,-7.614285714,3.385714286,0.2,1076.74,88,254939,692.225,870915528,6324.542,478.1538462,90.058
12岿 3林 (2017.12.21 ~ 2017.12.27),9730,0.785714286,-3.5,5.957142857,2.042857143,1066.37,88,254939,692.225,870915528,6324.542,478.1538462,90.058
12岿 4林 (2017.12.28 ~ 2018.01.03),9594,0.657142857,-4.014285714,5.485714286,0.142857143,1061.53,87.5,254938.5,692.225,870915528,6324.541668,478.1538462,90.058
01岿 1林 (2018.01.04 ~ 2018.01.10),9698,-0.9,-4.614285714,3.214285714,0.928571429,1058.99,57.5,817855.5,1213.7835,1787800113,6911.270833,545.2115385,92.106
01岿 2林 (2018.01.11 ~ 2018.01.17),9679,-1.085714286,-5.785714286,4.085714286,1.842857143,1067.11,58,817856,1213.784,1787800113,6911.271,545.2115385,92.106
01岿 3林 (2018.01.18 ~ 2018.01.24),9746,-0.928571429,-4.985714286,4.585714286,0.171428571,1063.67,58,817856,1213.784,1787800113,6911.271,545.2115385,92.106
01岿 4林 (2018.01.25 ~ 2018.01.31),9531,-5.928571429,-10.72857143,-0.671428571,0.028571429,1089.37,57.5,817855.5,1213.7835,1787800113,6911.270833,545.2115385,92.106
02岿 1林 (2018.02.01 ~ 2018.02.07),9532,-5.457142857,-10.3,-0.171428571,0.1,1084.67,210.25,3718440,704.0525,700422120,6911.270833,545.2115385,96.765
02岿 2林 (2018.02.08 ~ 2018.02.14),9682,-0.628571429,-6.828571429,5.314285714,0.171428571,1066.19,210,3718440,704.053,700422120,6911.271,545.2115385,96.765
02岿 3林 (2018.02.19 ~ 2018.02.21),9615,1.357142857,-3.8,7.171428571,0,1076,210,3718440,704.053,700422120,6911.271,545.2115385,96.765
02岿 4林 (2018.02.22 ~ 2018.02.28),9746,3.885714286,-2.085714286,10.31428571,4.342857143,1078.69,210.25,3718440,704.0525,700422120,6911.270833,545.2115385,96.765
03岿 1林 (2018.03.02 ~ 2018.03.07),9351,5.571428571,0.114285714,11.61428571,4.871428571,1064.38,167.5,1591116,712.87325,829475812,6911.270833,545.2115385,93.794
03岿 2林 (2018.03.08 ~ 2018.03.14),9593,7.628571429,1.671428571,14.11428571,2.4,1069.53,168,1591116,712.873,829475812,6911.271,545.2115385,93.794
03岿 3林 (2018.03.15 ~ 2018.03.21),9601,6.714285714,2.571428571,10.84285714,8.528571429,1082.87,168,1591116,712.873,829475812,6911.271,545.2115385,93.794
03岿 4林 (2018.03.22 ~ 2018.03.28),9750,10.25714286,3.328571429,17.64285714,0,1060.25,167.5,1591116,712.87325,829475812,6911.270833,545.2115385,93.794
03岿 5林 (2018.03.29 ~ 2018.04.04),9525,14.9,9.128571429,21.47142857,2.142857143,1069.75,168,1591116,712.873,829475812,6911.271,545.2115385,93.794
04岿 1林 (2018.04.05 ~ 2018.04.11),9783,9.985714286,4.7,15.05714286,4.942857143,1070.68,159,2047623,724.321,765545337,6911.270833,545.2115385,94.18
04岿 2林 (2018.04.12 ~ 2018.04.18),9746,11.81428571,5.871428571,18.15714286,3.271428571,1070.1,159,2047623,724.321,765545337,6911.271,545.2115385,94.18
04岿 3林 (2018.04.19 ~ 2018.04.25),9731,14.72857143,8.657142857,21.3,8.742857143,1066.73,159,2047623,724.321,765545337,6911.270833,545.2115385,94.18
04岿 4林 (2018.04.26 ~ 2018.05.02),9885,16.31428571,9.642857143,23.08571429,1.914285714,1073.11,159,2047623,724.321,765545337,6911.271,545.2115385,94.18
05岿 1林 (2018.05.03 ~ 2018.05.09),9969,15.08571429,10.38571429,20.14285714,4.7,1066.89,215.5,3189802,664.0955,661268443,6911.270833,545.2115385,92.509
05岿 2林 (2018.05.10 ~ 2018.05.16),9898,18.58571429,13.47142857,24.11428571,3.7,1080.57,216,3189802,664.096,661268443,6911.271,545.2115385,92.509
05岿 3林 (2018.05.17 ~ 2018.05.23),10032,17.64285714,12.65714286,22.92857143,6.714285714,1077.37,215.5,3189802,664.0955,661268443,6911.270833,545.2115385,92.509
05岿 4林 (2018.05.24 ~ 2018.05.30),9848,20.1,13.97142857,26.5,0.614285714,1070.73,216,3189802,664.096,661268443,6911.271,545.2115385,92.509
05岿 5林 (2018.05.31 ~ 2018.06.05),9803,21.97142857,15.84285714,28.72857143,0.2,1073.93,109.75,1465439.75,524.767,544626598,6911.270833,545.2115385,92.509
06岿 1林 (2018.06.07 ~ 2018.06.12),9862,20.7,16.95714286,25.52857143,1.457142857,1102.42,110,1465440,524.767,544626598,6911.271,545.2115385,90.217
06岿 2林 (2018.06.14 ~ 2018.06.20),9807,21.14285714,16.77142857,26.52857143,0.771428571,1111,109.75,1465439.75,524.767,544626598,6911.270833,545.2115385,90.217
06岿 3林 (2018.06.21 ~ 2018.06.27),9717,24.22857143,19.11428571,30.11428571,8.685714286,1113.91,110,1465440,524.767,544626598,6911.271,545.2115385,90.217
06岿 4林 (2018.06.28 ~ 2018.07.04),9668,23.85714286,20.98571429,27.67142857,26.87142857,1114.69,137.5,1555635.75,448.7315,462024379.3,6911.270833,545.2115385,90.217
07岿 1林 (2018.07.05 ~ 2018.07.11),9538,22.55714286,19.78571429,26.04285714,4.871428571,1129,138,1555636,448.732,462024379,6911.271,545.2115385,90.771
07岿 2林 (2018.07.12 ~ 2018.07.18),9336,27.91428571,23.41428571,33.18571429,0,1126.9,137.5,1555635.75,448.7315,462024379.3,6911.270833,545.2115385,90.771
07岿 3林 (2018.07.19 ~ 2018.07.25),9437,29.24285714,24.41428571,34.95714286,0,1114.65,138,1555636,448.732,462024379,6911.271,545.2115385,90.771
07岿 4林 (2018.07.26 ~ 2018.08.01),9413,29.48571429,24.84285714,35.14285714,0.571428571,1122.34,138,1555636,448.732,462024379,6911.271,545.2115385,90.771
08岿 1林 (2018.08.02 ~ 2018.08.08),9285,29.58571429,25.41428571,34.95714286,2.371428571,1129.17,123.5,1569960.5,1427.215,1624123016,6911.270833,545.2115385,99.166
08岿 2林 (2018.08.09 ~ 2018.08.14),9271,28.71428571,24.68571429,34.08571429,2.428571429,1119.52,123.5,1569960.5,1427.215,1624123016,6911.270833,545.2115385,99.166
08岿 3林 (2018.08.16 ~ 2018.08.22),9194,26.24285714,21.24285714,31.84285714,1.057142857,1114.33,124,1569961,1427.215,1624123016,6911.271,545.2115385,99.166
08岿 4林 (2018.08.23 ~ 2018.08.29),9233,24.88571429,22.24285714,28.35714286,27.71428571,1115.46,124,1569961,1427.215,1624123016,6911.271,545.2115385,99.166
08岿 5林 (2018.08.30 ~ 2018.09.05),9312,23.78571429,20.24285714,28.08571429,16.45714286,1127.57,124,1569961,1427.215,1624123016,6911.271,545.2115385,99.166
09岿 1林 (2018.09.06 ~ 2018.09.12),8819,20.71428571,15.84285714,26.01428571,0.9,1120.66,166,2382125,479.1375,437302940.8,6911.270833,545.2115385,104.874
09岿 2林 (2018.09.13 ~ 2018.09.19),9218,21.52857143,18.34285714,25.65714286,2.728571429,1113.95,166,2382125,479.1375,437302940.8,6911.271,545.2115385,104.874
09岿 3林 (2018.09.20 ~ 2018.09.21),9180,18.44285714,14.38571429,23.35714286,5.8,1109.98,166,2382125,479.138,437302941,6911.271,545.2115385,104.874
09岿 4林 (2018.09.27 ~ 2018.10.02),9182,16.88571429,11.84285714,22.85714286,0.528571429,1131.13,166,2382125,479.138,437302941,6911.271,545.2115385,104.874
10岿 1林 (2018.10.04 ~ 2018.10.10),9143,16.45714286,12.02857143,21.18571429,20.15714286,1130.3,201.75,2127411,575.134,543841632.8,6911.270833,545.2115385,100.207
10岿 2林 (2018.10.11 ~ 2018.10.17),9093,12.2,6.828571429,18.92857143,0.257142857,1131.15,202,2127411,575.134,543841632.8,6911.271,545.2115385,100.207
10岿 3林 (2018.10.18 ~ 2018.10.24),8992,12.14285714,6.5,19.6,1.071428571,1139.28,202,2127411,575.134,543841633,6911.271,545.2115385,100.207
10岿 4林 (2018.10.25 ~ 2018.10.31),8959,10.12857143,5.228571429,15.65714286,1.785714286,1117.1,202,2127411,575.134,543841633,6911.271,545.2115385,100.207
11岿 1林 (2018.11.01 ~ 2018.11.07),9023,10.27142857,4.114285714,18.14285714,0.9,1129.69,225.25,2961367,640.811,551784919.8,6911.270833,545.2115385,94.641
11岿 2林 (2018.11.08 ~ 2018.11.14),8961,10.48571429,6.085714286,15.98571429,5.414285714,1120.4,225,2961367,640.811,551784919.8,6911.271,545.2115385,94.641
11岿 3林 (2018.11.15 ~ 2018.11.21),8487,7.285714286,2.357142857,13.31428571,0.257142857,1132.5,225,2961367,640.811,551784920,6911.271,545.2115385,94.641
11岿 4林 (2018.11.22 ~ 2018.11.28),8403,5.057142857,0.242857143,10.95714286,0.614285714,1119.44,225,2961367,640.811,551784920,6911.271,545.2115385,94.641
11岿 5林 (2018.11.29 ~ 2018.12.05),8746,7.171428571,2.171428571,12.55714286,3,1123.85,259.25,2853262.25,446.6565,407773653,6911.270833,545.2115385,94.641
12岿 1林 (2018.12.06 ~ 2018.12.12),8857,-1.5,-5.257142857,3.071428571,0.628571429,1131.7,259,2853262,446.6565,407773653,6911.271,545.2115385,94.7
12岿 2林 (2018.12.13 ~ 2018.12.19),9010,0.971428571,-3.914285714,6.6,0.142857143,1128.04,259,2853262,446.657,407773653,6911.271,545.2115385,94.7
12岿 3林 (2018.12.20 ~ 2018.12.26),8917,3.442857143,-1.514285714,9.114285714,0.128571429,1116.05,259,2853262,446.657,407773653,6911.271,545.2115385,94.7
12岿 4林 (2018.12.27 ~ 2019.01.02),8915,-4.2,-8.628571429,0.9,0.028571429,1115.85,259.25,2853262.25,446.6565,407773653,6911.270833,545.2115385,94.7
01岿 1林 (2019.01.03 ~ 2019.01.09),9131,-1.142857143,-6.4,4.842857143,0,1117.23,180,2519451,713.38125,624424135.5,8076.479168,532.4807692,94.406
01岿 2林 (2019.01.10 ~ 2019.01.16),9378,0.8,-3.742857143,6.314285714,0.357142857,1125.08,180,2519451,713.381,624424136,8076.479,532.4807692,94.406
01岿 3林 (2019.01.17 ~ 2019.01.23),8886,1.7,-3.642857143,7.585714286,0.042857143,1117.78,180,2519451,713.381,624424136,8076.479,532.4807692,94.406
01岿 4林 (2019.01.24 ~ 2019.01.30),9457,0.628571429,-5.214285714,7.128571429,0.028571429,1118.4,180,2519451,713.38125,624424135.5,8076.479168,532.4807692,94.406
01岿 5林 (2019.01.31 ~ 2019.02.01),9553,2.528571429,-2.785714286,8.257142857,2.528571429,1123.5,180,2519451,713.38125,624424135.5,8076.479,532.4807692,94.406
02岿 1林 (2019.02.07 ~ 2019.02.13),9478,-0.485714286,-5.014285714,4.385714286,0.071428571,1125.44,120.25,1817359.5,2482.88425,1949924361,8076.479168,532.4807692,95.397
02岿 2林 (2019.02.14 ~ 2019.02.20),9587,1.428571429,-2.671428571,6.042857143,2.428571429,1121.99,120,1817360,2482.884,1949924361,8076.479,532.4807692,95.397
02岿 3林 (2019.02.21 ~ 2019.02.27),9434,5.171428571,-0.614285714,12.2,0.057142857,1126.67,120.25,1817359.5,2482.88425,1949924361,8076.479168,532.4807692,95.397
02岿 4林 (2019.02.28 ~ 2019.03.06),9235,7.742857143,1.785714286,14.34285714,0.157142857,1132.9,120,1817360,2482.88425,1949924361,8076.479,532.4807692,95.397
03岿 1林 (2019.03.07 ~ 2019.03.13),9432,6.342857143,0.528571429,12.54285714,1.528571429,1134.7,119,1466058.75,389.8775,385351775.3,8076.479168,532.4807692,93.525
03岿 2林 (2019.03.14 ~ 2019.03.20),9422,7.571428571,1.128571429,14.21428571,2.8,1135.11,119,1466059,389.878,385351775,8076.479,532.4807692,93.525
03岿 3林 (2019.03.21 ~ 2019.03.27),9596,7.771428571,1.728571429,14.21428571,0.514285714,1136.1,119,1466058.75,389.8775,385351775.3,8076.479168,532.4807692,93.525
03岿 4林 (2019.03.28 ~ 2019.04.03),9692,7.657142857,2.385714286,13.4,0.542857143,1136.69,119,1466059,389.8775,385351775.3,8076.479,532.4807692,93.525
04岿 1林 (2019.04.04 ~ 2019.04.10),9516,10.57142857,4.528571429,16.95714286,5.014285714,1133.72,223.5,2562686,739.7975,696297246.8,8076.479168,532.4807692,94.801
04岿 2林 (2019.04.11 ~ 2019.04.17),9690,11.72857143,4.714285714,18.78571429,0.2,1135.58,224,2562686,739.798,696297247,8076.479,532.4807692,94.801
04岿 3林 (2019.04.18 ~ 2019.04.24),9804,15.85714286,10.58571429,21.75714286,1.814285714,1157.9,223.5,2562686,739.7975,696297246.8,8076.479168,532.4807692,94.801
04岿 4林 (2019.04.25 ~ 2019.04.30),9610,12.52857143,8.428571429,17.2,4.328571429,1163.68,224,2562686,739.7975,696297246.8,8076.479,532.4807692,94.801
05岿 1林 (2019.05.02 ~ 2019.05.08),8938,16.11428571,8.042857143,24.11428571,0.014285714,1174.2,232.5,2443486.5,567.955,612900765.8,8076.479168,532.4807692,93.634
05岿 2林 (2019.05.09 ~ 2019.05.15),9053,18.51428571,11.52857143,26.07142857,0,1193.73,233,2443487,567.955,612900766,8076.479,532.4807692,93.634
05岿 3林 (2019.05.16 ~ 2019.05.22),9425,19.17142857,13.44285714,24.72857143,4.557142857,1184.77,232.5,2443486.5,567.955,612900765.8,8076.479168,532.4807692,93.634
05岿 4林 (2019.05.23 ~ 2019.05.29),9408,20.91428571,14.17142857,27.72857143,3.285714286,1187.8,233,2443487,567.955,612900765.8,8076.479,532.4807692,93.634
05岿 5林 (2019.05.30 ~ 2019.06.05),9344,20.94285714,14.28571429,27.8,0.128571429,1181.07,233,2443487,567.955,612900766,8076.479,532.4807692,93.634
06岿 1林 (2019.06.07 ~ 2019.06.12),9254,19.47142857,15.62857143,24.35714286,7.271428571,1186.78,113,1857198,305.8425,377201706,8076.479168,532.4807692,91.804
06岿 2林 (2019.06.13 ~ 2019.06.19),9205,20.97142857,16.45714286,26.52857143,1.3,1158.2,113,1857198,305.8425,377201706,8076.479168,532.4807692,91.804
06岿 3林 (2019.06.20 ~ 2019.06.26),9042,22.38571429,17.54285714,27.92857143,5.2,1155.38,113,1857198,305.8425,377201706,8076.479,532.4807692,91.804
06岿 4林 (2019.06.27 ~ 2019.07.03),8981,23.21428571,19.72857143,27.72857143,6.414285714,1174.59,113,1857198,305.843,377201706,8076.479,532.4807692,91.804
07岿 1林 (2019.07.04 ~ 2019.07.10),8716,23.45714286,18.97142857,28.61428571,3.085714286,1176.32,209,2730112.5,554.31,618980600,8076.479168,532.4807692,90.511
07岿 2林 (2019.07.11 ~ 2019.07.17),8326,23.42857143,20.17142857,27.85714286,4.228571429,1175.11,209,2730112.5,554.31,618980600,8076.479168,532.4807692,90.511
07岿 3林 (2019.07.18 ~ 2019.07.24),6938,25.82857143,23.07142857,29.32857143,14.18571429,1183.24,209,2730113,554.31,618980600,8076.479,532.4807692,90.511
07岿 4林 (2019.07.25 ~ 2019.07.31),6889,27.38571429,24.75714286,30.8,9.3,1204.51,209,2730113,554.31,618980600,8076.479,532.4807692,90.511
08岿 1林 (2019.08.01 ~ 2019.08.07),7149,28.21428571,24.11428571,33.48571429,4.414285714,1213.45,5106.75,24803541.75,1628.26,1623398956,8076.479168,532.4807692,91.955
08岿 2林 (2019.08.08 ~ 2019.08.14),7292,28.22857143,24.57142857,32.88571429,4.528571429,1207.47,5106.75,24803541.75,1628.26,1623398956,8076.479168,532.4807692,91.955
08岿 3林 (2019.08.16 ~ 2019.08.21),7350,25.84285714,22.11428571,30.48571429,4.142857143,1212.66,5107,24803542,1628.26,1623398956,8076.479,532.4807692,91.955
08岿 4林 (2019.08.22 ~ 2019.08.28),7187,23.9,20.3,28.45714286,6.3,1209.5,5107,24803542,1628.26,1623398956,8076.479,532.4807692,91.955
08岿 5林 (2019.08.29 ~ 2019.09.04),7184,22.44285714,19.24285714,26.45714286,5.942857143,1191.77,5107,24803542,1628.26,1623398956,8076.479,532.4807692,91.955
09岿 1林 (2019.09.05 ~ 2019.09.11),7075,24.85714286,22.1,28.74285714,9.814285714,1178.72,116.75,1909911.5,313.1575,412958087.5,8076.479168,532.4807692,96.32
09岿 2林 (2019.09.16 ~ 2019.09.18),7159,21.84285714,17.4,27.3,0.9,1193.13,117,1909912,313.158,412958088,8076.479,532.4807692,96.32
09岿 3林 (2019.09.16 ~ 2019.09.18),7085,18.3,14.31428571,23.05714286,15.08571429,1201.99,117,1909912,313.158,412958088,8076.479,532.4807692,96.32
09岿 4林 (2019.09.26 ~ 2019.10.02),7118,21.45714286,17.71428571,26.37142857,16.38571429,1191.25,117,1909912,313.158,412958088,8076.479,532.4807692,96.32
10岿 1林 (2019.10.04 ~ 2019.10.08),7137,17.5,13.38571429,22.5,5.442857143,1182.48,2829.75,15161712,379.3,520377768,8076.479168,532.4807692,96.421
10岿 2林 (2019.10.10 ~ 2019.10.16),7049,15.17142857,9.757142857,21.58571429,0.514285714,1177.91,2830,15161712,379.3,520377768,8076.479,532.4807692,96.421
10岿 3林 (2019.10.17 ~ 2019.10.23),7096,15.12857143,10.28571429,21.34285714,0.642857143,1171.66,2830,15161712,379.3,520377768,8076.479,532.4807692,96.421
10岿 4林 (2019.10.24 ~ 2019.10.30),7203,13.08571429,7.914285714,19.08571429,0.428571429,1164.67,2830,15161712,379.3,520377768,8076.479,532.4807692,96.421
10岿 5林 (2019.10.31 ~ 2019.11.06),7219,12.54285714,6.885714286,19.72857143,0.271428571,1158.6,2829.75,15161712,379.3,520377768,8076.479168,532.4807692,96.421
11岿 1林 (2019.11.07 ~ 2019.11.13),7201,9.228571429,3.642857143,15.91428571,1.685714286,1162.65,5960.25,28410906.75,449.4525,551621644.5,8076.479168,532.4807692,92.064
11岿 2林 (2019.11.14 ~ 2019.11.20),6549,6.414285714,1.242857143,12.25714286,5.214285714,1179.33,5960,28410907,449.453,551621645,8076.479,532.4807692,92.064
11岿 3林 (2019.11.21 ~ 2019.11.27),6750,7.957142857,2.614285714,14.32857143,0.7,1180.7,5960,28410907,449.453,551621645,8076.479,532.4807692,92.064
11岿 4林 (2019.11.28 ~ 2019.12.04),6981,4,-0.385714286,9,2.285714286,1185.51,5960.25,28410906.75,449.4525,551621644.5,8076.479168,532.4807692,92.064
12岿 1林 (2019.12.05 ~ 2019.12.11),7021,1.757142857,-3.585714286,7.971428571,0.114285714,1175.57,7017,32680452,600.8625,734969718,8076.479168,532.4807692,93.953
12岿 2林 (2019.12.12 ~ 2019.12.18),7049,4.271428571,-0.628571429,9.857142857,0.428571429,1158.99,7017,32680452,600.863,734969718,8076.479,532.4807692,93.953
12岿 3林 (2019.12.19 ~ 2019.12.24),7251,1.914285714,-2.557142857,7.528571429,0.142857143,1158.95,7017,32680452,600.863,734969718,8076.479,532.4807692,93.953
12岿 4林 (2019.12.26 ~ 2019.12.31),7325,0.728571429,-3.542857143,5.342857143,1.171428571,1164.95,7017,32680452,600.8625,734969718,8076.479168,532.4807692,93.953
01岿 1林 (2020.01.02 ~ 2020.01.08),6888,3.157142857,-1.114285714,8.571428571,8.057142857,1157.97,150.75,2382126,1021.79,1092109905,7571.5,487.9230769,95.63
01岿 2林 (2020.01.09 ~ 2020.01.15),6724,0.514285714,-3.157142857,5.214285714,0,1160.44,151,2382126,1021.79,1092109905,7571.5,487.9230769,95.63
01岿 3林 (2020.01.16 ~ 2020.01.22),6963,1.228571429,-3.185714286,6.528571429,0.757142857,1169.2,151,2382126,1021.79,1092109905,7571.5,487.9230769,95.63
01岿 4林 (2020.01.23 ~ 2020.01.29),6905,5.342857143,1.742857143,9.7,2.985714286,1194.97,150.75,2382126,1021.79,1092109905,7571.5,487.9230769,95.63
01岿 5林 (2020.01.30 ~ 2020.02.05),7258,1.342857143,-3.042857143,6.457142857,0.171428571,1191.39,151,2382126,1021.79,1092109905,7571.5,487.9230769,95.63
02岿 1林 (2020.02.06 ~ 2020.02.12),6935,1.928571429,-3.642857143,7.642857143,1.928571429,1182.46,98.25,1587721.5,291.9,372846201,7571.5,487.9230769,94.73
02岿 2林 (2020.02.13 ~ 2020.02.19),6971,3.485714286,-1.285714286,9.314285714,1.357142857,1206.91,98,1587722,291.9,372846201,7571.5,487.9230769,94.73
02岿 3林 (2020.02.20 ~ 2020.02.26),7081,6,0.657142857,11.68571429,4.642857143,1200.2,98.25,1587721.5,291.9,372846201,7571.5,487.9230769,94.73
02岿 4林 (2020.02.27 ~ 2020.03.04),6974,5.371428571,1.228571429,10.07142857,0.428571429,1188.7,98,1587722,291.9,372846201,7571.5,487.9230769,94.73
03岿 1林 (2020.03.05 ~ 2020.03.11),6859,5.557142857,-0.014285714,11.52857143,2.057142857,1211.28,309,3095140,1050.72,1263170920,7571.5,487.9230769,96.57
03岿 2林 (2020.03.12 ~ 2020.03.18),6737,6.328571429,-0.242857143,12.9,0.114285714,1254.45,309,3095140,1050.72,1263170920,7571.5,487.9230769,96.57
03岿 3林 (2020.03.19 ~ 2020.03.25),6686,10.61428571,3.414285714,17.81428571,0.057142857,1212.23,309,3095140,1050.72,1263170920,7571.5,487.9230769,96.57
03岿 4林 (2020.03.26 ~ 2020.04.01),6455,10.08571429,4.185714286,16.2,2.014285714,1235.61,309,3095140,1050.72,1263170920,7571.5,487.9230769,96.57
04岿 1林 (2020.04.02 ~ 2020.04.08),6600,9.371428571,2.157142857,16.67142857,0.014285714,1211.05,348.25,4067000,478.4605,627891512.5,7571.5,487.9230769,95.78
04岿 2林 (2020.04.09 ~ 2020.04.14),6911,9.7,3.314285714,16.34285714,0.828571429,1216.13,348,4067000,478.461,627891513,7571.5,487.9230769,95.78
04岿 3林 (2020.04.16 ~ 2020.04.22),6903,10.65714286,6.528571429,15.58571429,4.857142857,1230.53,348.25,4067000,478.4605,627891512.5,7571.5,487.9230769,95.78
04岿 4林 (2020.04.23 ~ 2020.04.29),6703,11.85714286,4.642857143,18.65714286,0.042857143,1224.89,348,4067000,478.461,627891513,7571.5,487.9230769,95.78
05岿 1林 (2020.05.04 ~ 2020.05.06),6526,18.4,12.95714286,24.31428571,2.042857143,1219.65,263.75,4307645,412.225,600387085.8,7571.5,487.9230769,96.98
05岿 1林 (2020.05.07 ~ 2020.05.13),6851,16.54285714,11.11428571,21.98571429,5.385714286,1232.69,264,4307645,412.225,600387086,7571.5,487.9230769,96.98
05岿 2林 (2020.05.14 ~ 2020.05.20),7108,16.61428571,12.48571429,21.65714286,6.457142857,1240.59,263.75,4307645,412.225,600387085.8,7571.5,487.9230769,96.98
05岿 3林 (2020.05.21 ~ 2020.05.27),7226,17.57142857,12.72857143,23.2,0.642857143,1231.49,264,4307645,412.225,600387086,7571.5,487.9230769,96.98
05岿 4林 (2020.05.28 ~ 2020.06.03),7262,19.92857143,14,25.95714286,0.385714286,1202.02,264,4307645,412.225,600387086,7571.5,487.9230769,96.98
06岿 1林 (2020.06.04 ~ 2020.06.10),7291,23.58571429,17.95714286,30.17142857,1.928571429,1203.66,143.25,2128995,393.565,500331672.5,7571.5,487.9230769,97.4
06岿 2林 (2020.06.11 ~ 2020.06.17),7261,23.31428571,19.04285714,28.41428571,8.428571429,1211.83,143.25,2128995,393.565,500331672.5,7571.5,487.9230769,97.4
06岿 3林 (2020.06.18 ~ 2020.06.24),6764,22.47142857,18.18571429,27.51428571,5.5,1203.8,143,2128995,393.565,500331673,7571.5,487.9230769,97.4
06岿 4林 (2020.06.25 ~ 2020.07.01),7243,21.95714286,18.74285714,26.15714286,10.47142857,1198.93,143,2128995,393.565,500331673,7571.5,487.9230769,97.4
07岿 1林 (2020.07.02 ~ 2020.07.08),7250,22.4,18.65714286,26.97142857,1.514285714,1200.42,613,4925492,296.8725,358143098.5,7571.5,487.9230769,98.45
07岿 2林 (2020.07.09 ~ 2020.07.15),7149,21.52857143,19.11428571,24.72857143,23.2,1203.44,613,4925492,296.8725,358143098.5,7571.5,487.9230769,98.45
07岿 3林 (2020.07.16 ~ 2020.07.22),7837,23.31428571,19.85714286,27.5,7.142857143,1201.5,613,4925492,296.873,358143099,7571.5,487.9230769,98.45
07岿 4林 (2020.07.23 ~ 2020.07.29),8493,22.44285714,20.55714286,25.18571429,23.6,1193.59,613,4925492,296.873,358143099,7571.5,487.9230769,98.45
07岿 5林 (2020.07.30 ~ 2020.08.05),9003,25.84285714,23.2,29.47142857,18.5,1188.68,613,4925492,296.873,358143099,7571.5,487.9230769,98.45
08岿 1林 (2020.08.06 ~ 2020.08.12),9579,25.22857143,23.15714286,28.02857143,34.52857143,1186.94,157,2630392,361.9975,388589673.8,7571.5,487.9230769,103.3
08岿 2林 (2020.08.13 ~ 2020.08.19),9861,27.62857143,24.01428571,32.27142857,1.6,1191.72,157,2630392,361.998,388589674,7571.5,487.9230769,103.3
08岿 3林 (2020.08.20 ~ 2020.08.26),9961,26.55714286,22.68571429,31.54285714,3.857142857,1180.48,157,2630392,361.998,388589674,7571.5,487.9230769,103.3
08岿 4林 (2020.08.27 ~ 2020.09.02),10095,26.08571429,23.52857143,29.92857143,14.18571429,1187.3,157,2630392,361.998,388589674,7571.5,487.9230769,103.3
09岿 1林 (2020.09.03 ~ 2020.09.09),10249,21.67142857,18.41428571,25.5,20.01428571,1187.89,543.5,5091806.25,686.5725,744551174.3,7571.5,487.9230769,108.68
09岿 2林 (2020.09.10 ~ 2020.09.16),10153,20.82857143,17.82857143,25.14285714,2.957142857,1164.81,544,5091806,686.573,744551174,7571.5,487.9230769,108.68
09岿 3林 (2020.09.17 ~ 2020.09.23),10203,18.38571429,13.78571429,23.84285714,0.571428571,1174.32,544,5091806,686.573,744551174,7571.5,487.9230769,108.68
09岿 4林 (2020.09.24 ~ 2020.09.29),10267,18.17142857,13.42857143,24.18571429,0.714285714,1166.26,544,5091806,686.573,744551174,7571.5,487.9230769,108.68
10岿 1林 (2020.10.05 ~ 2020.10.07),10307,16.8,12.02857143,22.18571429,0.457142857,1143.52,3055.25,19541142.5,658.015,699444432.5,7571.5,487.9230769,108.45
10岿 2林 (2020.10.08 ~ 2020.10.14),10188,15.21428571,10.35714286,21.14285714,0,1142.13,3055,19541143,658.015,699444433,7571.5,487.9230769,108.45
10岿 3林 (2020.10.15 ~ 2020.10.21),10361,12.35714286,6.714285714,19.31428571,0.871428571,1127.95,3055,19541143,658.015,699444433,7571.5,487.9230769,108.45
10岿 4林 (2020.10.22 ~ 2020.10.28),10342,11.6,6.1,18.27142857,0.171428571,1136.49,3055,19541143,658.015,699444433,7571.5,487.9230769,108.45
10岿 5林 (2020.10.29 ~ 2020.11.04),10292,9.5,4.071428571,15.37142857,0.6,1121.4,3055.25,19541142.5,658.015,699444432.5,7571.5,487.9230769,108.45
11岿 1林 (2020.11.05 ~ 2020.11.11),10063,9.257142857,3.314285714,15.74285714,0,1107.62,3880.25,20944308.5,1037.2665,1057594589,7571.5,487.9230769,101.74
11岿 2林 (2020.11.12 ~ 2020.11.18),10096,11.78571429,5.8,18.94285714,0.571428571,1114.95,3880,20944309,1037.267,1057594589,7571.5,487.9230769,101.74
11岿 3林 (2020.11.19 ~ 2020.11.25),9490,7.542857143,2.914285714,12.41428571,4.642857143,1104.43,3880,20944309,1037.267,1057594589,7571.5,487.9230769,101.74
11岿 4林 (2020.11.26 ~ 2020.12.02),9878,3.328571429,-0.714285714,8.371428571,0,1083.77,3880.25,20944308.5,1037.2665,1057594589,7571.5,487.9230769,101.74
12岿 1林 (2020.12.03 ~ 2020.12.09),10036,1.871428571,-3.142857143,7.785714286,0,1091.67,427.5,3988811.25,746.628,731326410,7571.5,487.9230769,102.3
12岿 2林 (2020.12.10 ~ 2020.12.16),10036,-0.185714286,-4.214285714,4.571428571,0.3,1099.39,428,3988811,746.628,731326410,7571.5,487.9230769,102.3
12岿 3林 (2020.12.17 ~ 2020.12.23),9596,-1.085714286,-6.4,4.714285714,0.028571429,1099.07,428,3988811,746.628,731326410,7571.5,487.9230769,102.3
12岿 4林 (2020.12.24 ~ 2020.12.30),9789,1.142857143,-3.185714286,7.042857143,0.742857143,1084.73,427.5,3988811.25,746.628,731326410,7571.5,487.9230769,102.3
12岿 5林 (2020.12.31 ~ 2021.01.06),10084,-3.657142857,-8.871428571,1.114285714,0.2,1092.93,428,3988811,746.628,731326410,7571.5,487.9230769,102.3
01岿 1林 (2021.01.07 ~ 2021.01.13),9856,-6.571428571,-12.14285714,-0.771428571,0.228571429,1103.27,432.25,4750558.5,1106.6225,1048620106,6427.75,423.0576923,105.7
01岿 2林 (2021.01.14 ~ 2021.01.20),9961,-0.5,-6.157142857,5.857142857,0.257142857,1105.41,432,4750559,1106.623,1048620106,6427.75,423.0576923,105.7
01岿 3林 (2021.01.21 ~ 2021.01.27),10080,5.585714286,1.742857143,10.08571429,1.871428571,1117.64,432.25,4750558.5,1106.6225,1048620106,6427.75,423.0576923,105.7
01岿 4林 (2021.01.28 ~ 2021.02.03),9107,-0.2,-5.628571429,5.742857143,1.7,1116.77,432,4750559,1106.623,1048620106,6427.75,423.0576923,105.7
02岿 1林 (2021.02.04 ~ 2021.02.10),10178,1.814285714,-3.685714286,7.5,0.114285714,1102.59,135.75,2277376,398.555,416800952,6427.75,423.0576923,109.97
02岿 3林 (2021.02.15 ~ 2021.02.17),10239,2.857142857,-2.457142857,9.314285714,0.657142857,1104.27,136,2277376,398.555,416800952,6427.75,423.0576923,109.97
02岿 3林 (2021.02.18 ~ 2021.02.24),10330,4.971428571,-1.571428571,11.87142857,0.014285714,1123.89,135.75,2277376,398.555,416800952,6427.75,423.0576923,109.97
02岿 4林 (2021.02.25 ~ 2021.03.03),10164,5.485714286,0.457142857,10.51428571,8.157142857,1128,136,2277376,398.555,416800952,6427.75,423.0576923,109.97
03岿 1林 (2021.03.04 ~ 2021.03.10),10348,6.614285714,1.485714286,13.04285714,0.614285714,1136,654.6228098,3820553.745,917.3225,903090776.3,6427.75,423.0576923,109.41
03岿 2林 (2021.03.11 ~ 2021.03.17),10320,9.1,2.928571429,15.4,2.257142857,1129.12,654.6228098,3820553.745,917.323,903090776,6427.75,423.0576923,109.41
03岿 3林 (2021.03.18 ~ 2021.03.24),10311,8.942857143,3.8,14.4,0.857142857,1128.52,654.6228098,3820553.745,917.3225,903090776.3,6427.75,423.0576923,109.41
03岿 4林 (2021.03.25 ~ 2021.03.31),10775,12,5.757142857,18.67142857,4.528571429,1128.64,654.6228098,3820553.745,917.323,903090776,6427.75,423.0576923,109.41
04岿 1林 (2021.04.01 ~ 2021.04.07),11108,12.68571429,7.1,18.41428571,5.957142857,1120.98,50.5,931287.75,1069.1085,965689167,6427.75,423.0576923,108.4
04岿 2林 (2021.04.08 ~ 2021.04.14),11243,11.25714286,5.328571429,17.31428571,3.5,1116.5,51,931288,1069.109,965689167,6427.75,423.0576923,108.4
04岿 3林 (2021.04.15 ~ 2021.04.21),11522,12.57142857,5.357142857,19.84285714,0.042857143,1114.72,50.5,931287.75,1069.1085,965689167,6427.75,423.0576923,108.4
04岿 4林 (2021.04.22 ~ 2021.04.28),11626,15.91428571,10.57142857,21.68571429,0.085714286,1117.16,51,931288,1069.109,965689167,6427.75,423.0576923,108.4
04岿 5林 (2021.04.29 ~ 2021.05.04),11552,13.51428571,8.728571429,18.62857143,5.528571429,1111.23,51,931288,1069.109,965689167,6427.75,423.0576923,108.4
05岿 1林 (2021.05.06 ~ 2021.05.12),11673,15.48571429,9.085714286,21.62857143,1.4,1125.79,400,2107028.75,824.365,761680084.3,6427.75,423.0576923,107.94
05岿 2林 (2021.05.13 ~ 2021.05.18),11632,18.7,14.12857143,23.82857143,8.3,1127.63,400,2107028.75,824.365,761680084.3,6427.75,423.0576923,107.94
05岿 3林 (2021.05.20 ~ 2021.05.26),11629,17.44285714,12.72857143,22.7,2.485714286,1113.08,400,2107029,824.365,761680084,6427.75,423.0576923,107.94
05岿 4林 (2021.05.27 ~ 2021.06.02),11624,18.44285714,13.25714286,24.47142857,3.971428571,1110.52,400,2107029,824.365,761680084,6427.75,423.0576923,107.94
06岿 1林 (2021.06.03 ~ 2021.06.09),11426,20.98571429,15.77142857,26.48571429,3.057142857,1116.4,112.5,866813.25,1254.758,1123279834,6427.75,423.0576923,106.63
06岿 2林 (2021.06.10 ~ 2021.06.16),11621,22.18571429,18.78571429,26.5,6.085714286,1134.94,112.5,866813.25,1254.758,1123279834,6427.75,423.0576923,106.63
06岿 3林 (2021.06.17 ~ 2021.06.23),11525,21.31428571,17.31428571,26.2,1.771428571,1127.12,113,866813,1254.758,1123279834,6427.75,423.0576923,106.63
06岿 4林 (2021.06.24 ~ 2021.06.30),11467,22.58571429,18.75714286,27.62857143,2.171428571,1130.53,113,866813,1254.758,1123279834,6427.75,423.0576923,106.63
07岿 1林 (2021.07.01 ~ 2021.07.07),11505,23.45714286,20.4,27.15714286,24.68571429,1143.73,290.5,2385526,585.27,628131218,6427.75,423.0576923,106.81
07岿 2林 (2021.07.08 ~ 2021.07.14),11198,25.82857143,22.55714286,30.41428571,5.628571429,1141.51,290.5,2385526,585.27,628131218,6427.75,423.0576923,106.81
07岿 3林 (2021.07.15 ~ 2021.07.21),11862,26.4,22.48571429,31.61428571,2.3,1151.52,291,2385526,585.27,628131218,6427.75,423.0576923,106.81
07岿 4林 (2021.07.22 ~ 2021.07.28),12122,27.52857143,22.75714286,32.91428571,0.114285714,1151.41,291,2385526,585.27,628131218,6427.75,423.0576923,106.81
07岿 5林 (2021.07.29 ~ 2021.08.04),12206,27.44285714,23.82857143,32.4,5.985714286,1144.93,291,2385526,585.27,628131218,6427.75,423.0576923,106.81
08岿 1林 (2021.08.05 ~ 2021.08.11),12115,26.45714286,22.54285714,31.74285714,4.014285714,1161.37,26,517650,750.8675,776530680,6427.75,423.0576923,109.06
08岿 2林 (2021.08.12 ~ 2021.08.18),12129,24.14285714,20.75714286,28.55714286,3.771428571,1175.15,26,517650,750.868,776530680,6427.75,423.0576923,109.06
08岿 3林 (2021.08.19 ~ 2021.08.25),12145,23.67142857,20.91428571,27.14285714,22.25714286,1161.23,26,517650,750.868,776530680,6427.75,423.0576923,109.06
08岿 4林 (2021.08.26 ~ 2021.09.01),12077,23.25714286,20.28571429,27.31428571,11.48571429,1154.28,26,517650,750.868,776530680,6427.75,423.0576923,109.06
09岿 1林 (2021.09.02 ~ 2021.09.08),12101,21.38571429,18.25714286,25.25714286,3.685714286,1170.23,50,168772.5,715.3275,752066640,6427.75,423.0576923,112.01
09岿 2林 (2021.09.09 ~ 2021.09.15),12102,22.21428571,18.21428571,27.3,0.542857143,1180.69,50,168773,715.328,752066640,6427.75,423.0576923,112.01
09岿 3林 (2021.09.16 ~ 2021.09.17),12097,21.31428571,17.21428571,26.01428571,6.871428571,1179.68,50,168773,715.328,752066640,6427.75,423.0576923,112.01
09岿 4林 (2021.09.23 ~ 2021.09.29),12265,20.37142857,16.77142857,24.84285714,3.614285714,1180.35,50,168773,715.328,752066640,6427.75,423.0576923,112.01
09岿 5林 (2021.09.30 ~ 2021.10.06),12095,21.1,16.5,27.07142857,1.985714286,1196.79,50,168772.5,715.3275,752066640,6427.75,423.0576923,112.01
10岿 1林 (2021.10.07 ~ 2021.10.13),12116,19.3,16.4,23.32857143,4.014285714,1182.07,253,2031211,358.39875,439668752.3,6427.75,423.0576923,109.01
10岿 2林 (2021.10.14 ~ 2021.10.20),12184,12.1,7.1,17.94285714,2.171428571,1177.48,253,2031211,358.399,439668752,6427.75,423.0576923,109.01
10岿 3林 (2021.10.21 ~ 2021.10.27),12130,10.62857143,4.914285714,18.18571429,0.128571429,1174.47,253,2031211,358.399,439668752,6427.75,423.0576923,109.01
10岿 4林 (2021.10.28 ~ 2021.11.03),12218,11.78571429,6.4,18.72857143,0.085714286,1181.05,253,2031211,358.39875,439668752.3,6427.75,423.0576923,109.01
11岿 1林 (2021.11.04 ~ 2021.11.10),12259,10.54285714,5.771428571,16.47142857,4.1,1179.2,325,1152833.5,456.03,559344877,6427.75,423.0576923,109.47
11岿 2林 (2021.11.11 ~ 2021.11.17),11952,7.585714286,2.542857143,13.91428571,0.257142857,1187.1,325,1152834,456.03,559344877,6427.75,423.0576923,109.47
11岿 3林 (2021.11.18 ~ 2021.11.24),11293,7.842857143,3.1,13.5,0.614285714,1194.43,325,1152834,456.03,559344877,6427.75,423.0576923,109.47
11岿 4林 (2021.11.25 ~ 2021.12.01),11617,4.871428571,-0.3,11.05714286,3.328571429,1180,325,1152833.5,456.03,559344877,6427.75,423.0576923,109.47
12岿 1林 (2021.12.02 ~ 2021.12.08),12515,3.785714286,-1.428571429,10.22857143,0.171428571,1180.86,376.25,3249488,511.295,646971048,6427.75,423.0576923,110.3
12岿 2林 (2021.12.09 ~ 2021.12.15),12609,4.528571429,-0.457142857,9.885714286,0.171428571,1187.7,376,3249488,511.295,646971048,6427.75,423.0576923,110.3
12岿 3林 (2021.12.16 ~ 2021.12.22),12517,2.171428571,-3.128571429,8.2,0.285714286,1185.99,376,3249488,511.295,646971048,6427.75,423.0576923,110.3
12岿 4林 (2021.12.23 ~ 2021.12.29),12659,-1.742857143,-6.728571429,3.728571429,0.285714286,1187.96,376.25,3249488,511.295,646971048,6427.75,423.0576923,110.3
12岿 5林 (2021.12.30 ~ 2022.01.05),12670,-1.628571429,-6.557142857,3.757142857,0.1,1197.63,376,3249488,511.295,646971048,6427.75,423.0576923,110.3
01岿 1林 (2022.01.06 ~ 2022.01.12),12598,-0.914285714,-6.314285714,5.228571429,0.042857143,1190.07,20,41790,1083.945,1166706653,5682.479168,430.0384615,112.71
01岿 2林 (2022.01.13 ~ 2022.01.19),11623,-2.528571429,-7.7,2.957142857,0.114285714,1192.51,20,41790,1083.945,1166706653,5682.479,430.0384615,112.71
01岿 3林 (2022.01.20 ~ 2022.01.26),12051,1.271428571,-3.6,6.728571429,0.114285714,1209.56,20,41790,1083.945,1166706653,5682.479168,430.0384615,112.71
01岿 4林 (2022.01.27 ~ 2022.01.28),11556,-0.571428571,-5.071428571,4.742857143,0.128571429,1198.25,20,41790,1083.945,1166706653,5682.479,430.0384615,112.71
02岿 1林 (2022.02.03 ~ 2022.02.09),12402,-1.757142857,-6.985714286,3.728571429,0.057142857,1199.48,228.75,3206746.5,590.5575,720599096.5,5682.479168,430.0384615,111.98
02岿 2林 (2022.02.10 ~ 2022.02.16),12585,1.428571429,-3.528571429,7.514285714,0.171428571,1195.59,229,3206747,590.558,720599097,5682.479,430.0384615,111.98
02岿 3林 (2022.02.17 ~ 2022.02.23),11905,-2.257142857,-7.314285714,3.185714286,0.028571429,1197.57,228.75,3206746.5,590.5575,720599096.5,5682.479168,430.0384615,111.98
02岿 4林 (2022.02.24 ~ 2022.03.02),12516,3.771428571,-2.885714286,10.45714286,0.471428571,1217.45,229,3206747,590.558,720599097,5682.479,430.0384615,111.98
03岿 1林 (2022.03.03 ~ 2022.03.08),11773,4.928571429,-1.757142857,12.14285714,0,1237.08,378,2485956,454.23,594485364,5682.479168,430.0384615,110.2
03岿 2林 (2022.03.10 ~ 2022.03.16),11865,10.61428571,4.428571429,16.97142857,3.257142857,1211.15,378,2485956,454.23,594485364,5682.479,430.0384615,110.2
03岿 3林 (2022.03.17 ~ 2022.03.23),12023,5.914285714,2.271428571,10.12857143,3.314285714,1225.08,378,2485956,454.23,594485364,5682.479168,430.0384615,110.2
03岿 4林 (2022.03.24 ~ 2022.03.30),12659,9.771428571,3.142857143,16.25714286,5.742857143,1219.73,378,2485956,454.23,594485364,5682.479,430.0384615,110.2
03岿 5林 (2022.03.31 ~ 2022.04.06),12877,9.471428571,2.757142857,16.28571429,0.157142857,1229.19,378,2485956,454.23,594485364,5682.479,430.0384615,110.2
04岿 1林 (2022.04.07 ~ 2022.04.13),12782,15.54285714,8.757142857,22.57142857,1.557142857,1228.19,380.25,1362900,775.1775,960532804,5682.479168,430.0384615,110.62
04岿 2林 (2022.04.14 ~ 2022.04.20),12673,12.85714286,6.357142857,19.82857143,0.242857143,1244.11,380.25,1362900,775.1775,960532804,5682.479168,430.0384615,110.62
04岿 3林 (2022.04.21 ~ 2022.04.27),12914,16.87142857,11.24285714,23.01428571,4.7,1263.03,380,1362900,775.178,960532804,5682.479,430.0384615,110.62
04岿 4林 (2022.04.28 ~ 2022.05.04),12730,13.37142857,7.314285714,19.61428571,2.014285714,1269.99,380,1362900,775.178,960532804,5682.479,430.0384615,110.62
05岿 1林 (2022.05.06 ~ 2022.05.11),13017,16.9,10.62857143,23.42857143,0.185714286,1278.45,334.25,2506662.5,841.81,1046001845,5682.479168,430.0384615,112.24
05岿 2林 (2022.05.12 ~ 2022.05.18),13186,17.05714286,10.65714286,23.4,0.128571429,1273.59,334.25,2506662.5,841.81,1046001845,5682.479168,430.0384615,112.24
05岿 3林 (2022.05.19 ~ 2022.05.25),13292,20.62857143,14.18571429,27.44285714,0.2,1251.99,334,2506663,841.81,1046001845,5682.479,430.0384615,112.24
05岿 4林 (2022.05.26 ~ 2022.05.31),13516,20.58571429,14.21428571,27.07142857,0.271428571,1250.58,334,2506663,841.81,1046001845,5682.479,430.0384615,112.24
06岿 1林 (2022.06.02 ~ 2022.06.08),13162,19.5,15.05714286,24.71428571,4.842857143,1279.32,176.5,5553034.5,1026.5775,1269365775,5682.479168,430.0384615,111.59
06岿 2林 (2022.06.09 ~ 2022.06.15),13238,19.88571429,15.78571429,24.78571429,2.671428571,1291.26,176.5,5553034.5,1026.5775,1269365775,5682.479168,430.0384615,111.59
06岿 3林 (2022.06.16 ~ 2022.06.22),13328,24.05714286,19.4,29.47142857,0.385714286,1288.89,177,5553035,1026.578,1269365775,5682.479,430.0384615,111.59
06岿 4林 (2022.06.23 ~ 2022.06.29),13364,25.72857143,22.87142857,29.08571429,13.4,1298.67,177,5553035,1026.578,1269365775,5682.479,430.0384615,111.59
06岿 5林 (2022.06.30 ~ 2022.07.06),13193,26.88571429,22.9,31.91428571,6.257142857,1294.68,177,5553035,1026.578,1269365775,5682.479,430.0384615,111.59
07岿 1林 (2022.07.07 ~ 2022.07.13),13332,26.05714286,23.2,29.88571429,8.557142857,1317.74,36.75,679640,1187.4325,1432433444,5682.479168,430.0384615,114.19
07岿 2林 (2022.07.14 ~ 2022.07.20),13131,25.08571429,21.52857143,29.65714286,6.885714286,1310.01,37,679640,1187.433,1432433444,5682.479,430.0384615,114.19
07岿 3林 (2022.07.21 ~ 2022.07.27),13459,24.88571429,21.7,29.07142857,5.557142857,1302.97,37,679640,1187.433,1432433444,5682.479,430.0384615,114.19
07岿 4林 (2022.07.28 ~ 2022.08.03),13677,27.14285714,24.27142857,30.74285714,8.9,1302.24,37,679640,1187.433,1432433444,5682.479,430.0384615,114.19
08岿 1林 (2022.08.04 ~ 2022.08.10),13466,27.78571429,24.97142857,31.44285714,13.88571429,1301.31,14,281063.5,1412.623,1838204715,5682.479168,430.0384615,116.5
08岿 2林 (2022.08.11 ~ 2022.08.17),13628,26.14285714,23.41428571,29.74285714,13.6,1335.61,14,281064,1412.623,1838204715,5682.479,430.0384615,116.5
08岿 3林 (2022.08.18 ~ 2022.08.24),13249,24.9,21.21428571,29.02857143,5.314285714,1341.81,14,281064,1412.623,1838204715,5682.479,430.0384615,116.5
08岿 4林 (2022.08.25 ~ 2022.08.31),13124,21.31428571,17.64285714,25.45714286,6.228571429,1361.15,14,281064,1412.623,1838204715,5682.479,430.0384615,116.5
09岿 1林 (2022.09.01 ~ 2022.09.07),13104,21.92857143,18.31428571,26.25714286,19.81428571,1379.77,141.25,1897992,859.5825,1089428964,5682.479168,430.0384615,118.59
09岿 2林 (2022.09.08 ~ 2022.09.14),13447,22.01428571,17.92857143,26.98571429,0.185714286,1384.77,141,1897992,859.583,1089428964,5682.479,430.0384615,118.59
09岿 3林 (2022.09.15 ~ 2022.09.21),13363,22.61428571,18.42857143,27.54285714,1.485714286,1421.34,141,1897992,859.583,1089428964,5682.479,430.0384615,118.59
09岿 4林 (2022.09.22 ~ 2022.09.28),13619,17.92857143,12.85714286,24.34285714,0.057142857,1439.96,141,1897992,859.583,1089428964,5682.479,430.0384615,118.59
09岿 5林 (2022.09.29 ~ 2022.10.05),13554,19.21428571,14.37142857,25.37142857,7.957142857,1424.94,141.25,1897992,859.5825,1089428964,5682.479168,430.0384615,118.59
10岿 1林 (2022.10.06 ~ 2022.10.12),13465,13.52857143,9.7,18.35714286,2.428571429,1440.44,254,919701.5,1207.605,1486884769,5682.479168,430.0384615,114.59
10岿 2林 (2022.10.13 ~ 2022.10.19),13481,13.58571429,8.114285714,20.12857143,0,1428.32,254,919702,1207.605,1486884769,5682.479,430.0384615,114.59
10岿 3林 (2022.10.20 ~ 2022.10.26),13461,11.81428571,5.8,18.72857143,0.428571429,1421.66,254,919702,1207.605,1486884769,5682.479,430.0384615,114.59
10岿 4林 (2022.10.27 ~ 2022.11.02),13598,12.3,6.814285714,19.62857143,0.271428571,1403.29,254,919701.5,1207.605,1486884769,5682.479168,430.0384615,114.59
11岿 1林 (2022.11.03 ~ 2022.11.09),13043,8.671428571,2.4,16.17142857,0,1313.69,101.75,1152239,775.94,1011392701,5682.479168,430.0384615,109.85
11岿 2林 (2022.11.10 ~ 2022.11.16),11546,11.44285714,6.271428571,17.82857143,3.542857143,1339.71,102,1152239,775.94,1011392701,5682.479,430.0384615,109.85
11岿 3林 (2022.11.17 ~ 2022.11.23),11213,10.27142857,4.942857143,17.05714286,1.385714286,1334.48,102,1152239,775.94,1011392701,5682.479,430.0384615,109.85
11岿 4林 (2022.11.24 ~ 2022.11.30),11430,7.514285714,1.542857143,14.02857143,3.871428571,1297.89,101.75,1152239,775.94,1011392701,5682.479168,430.0384615,109.85
12岿 1林 (2022.12.01 ~ 2022.12.07),12019,0.571428571,-3.8,5.414285714,0.085714286,1303.87,218,2030184,1215.89,1369915740,5682.479168,430.0384615,110.75
12岿 2林 (2022.12.08 ~ 2022.12.14),12171,1.728571429,-2.957142857,7.214285714,0.442857143,1309.47,218,2030184,1215.89,1369915740,5682.479,430.0384615,110.75
12岿 3林 (2022.12.15 ~ 2022.12.21),12169,-3.342857143,-8.085714286,1.442857143,1.142857143,1279.55,218,2030184,1215.89,1369915740,5682.479,430.0384615,110.75
12岿 4林 (2022.12.22 ~ 2022.12.28),12327,-4.342857143,-8.928571429,1.271428571,0.514285714,1260.92,218,2030184,1215.89,1369915740,5682.479168,430.0384615,110.75
12岿 5林 (2022.12.29 ~ 2023.01.04),12676,-1.6,-6.514285714,4.1,0,1253.5,218,2030184,1215.89,1369915740,5682.479,430.0384615,110.75
01岿 1林 (2023.01.05 ~ 2023.01.11),12816,1.442857143,-4.185714286,8.257142857,0.328571429,1237.26,55.75,991053.25,1262.9525,1390935287,6629.583333,475,113.65
01岿 2林 (2023.01.12 ~ 2023.01.18),12713,2.557142857,-1.571428571,7,5.271428571,1228.86,56,991053,1262.953,1390935287,6629.583,475,113.65
01岿 3林 (2023.01.19 ~ 2023.01.25),12296,-3.442857143,-8.657142857,2.657142857,0.071428571,1229.62,55.75,991053.25,1262.9525,1390935287,6629.583333,475,113.65
01岿 4林 (2023.01.26 ~ 2023.02.01),12818,-1.771428571,-7.671428571,3.657142857,0.1,1247.46,56,991053,1262.953,1390935287,6629.583,475,113.65
02岿 1林 (2023.02.02 ~ 2023.02.08),12937,0.828571429,-4.757142857,7.8,0,1267.45,50,170314,580.5625,668347088.5,6629.583333,475,113.04
02岿 2林 (2023.02.09 ~ 2023.02.15),13143,3.128571429,-1.3,7.971428571,1.814285714,1295.87,50,170314,580.563,668347089,6629.583,475,113.04
02岿 3林 (2023.02.16 ~ 2023.02.22),13238,2.542857143,-2.485714286,7.671428571,0.228571429,1314.45,50,170314,580.5625,668347088.5,6629.583333,475,113.04
02岿 4林 (2023.02.23 ~ 2023.02.28),13150,4.042857143,-1.957142857,10.94285714,0.128571429,1295.73,50,170314,580.563,668347089,6629.583,475,113.04
03岿 1林 (2023.03.02 ~ 2023.03.08),12378,7.371428571,0.157142857,15.1,0.028571429,1320.24,318,3369480,643.1125,739048748.5,6629.583333,475,113.3
03岿 2林 (2023.03.09 ~ 2023.03.15),12424,9.7,2.528571429,17.4,1.2,1308.37,318,3369480,643.113,739048749,6629.583,475,113.3
03岿 3林 (2023.03.16 ~ 2023.03.22),12275,9.685714286,2.971428571,16.81428571,0.2,1294.66,318,3369480,643.1125,739048748.5,6629.583333,475,113.3
03岿 4林 (2023.03.23 ~ 2023.03.29),12608,9.971428571,4.557142857,15.84285714,2.671428571,1306.11,318,3369480,643.113,739048749,6629.583,475,113.3
03岿 5林 (2023.03.30 ~ 2023.04.05),12589,13.94285714,6.514285714,21.27142857,5.442857143,1316.3,318,3369480,643.113,739048749,6629.583,475,113.3
04岿 1林 (2023.04.06 ~ 2023.04.12),12054,11.08571429,4.828571429,17.31428571,0.871428571,1304,2630,50195310,1045.14,1098299730,6629.583333,475,111.75
04岿 2林 (2023.04.13 ~ 2023.04.19),12303,13.27142857,7.5,19.3,1.228571429,1329.36,2630,50195310,1045.14,1098299730,6629.583333,475,111.75
04岿 3林 (2023.04.20 ~ 2023.04.26),12294,13.57142857,8.928571429,18.58571429,0.6,1337.78,2630,50195310,1045.14,1098299730,6629.583,475,111.75
04岿 4林 (2023.04.27 ~ 2023.05.03),11876,14.72857143,7.314285714,21.52857143,1.357142857,1317.47,2630,50195310,1045.14,1098299730,6629.583,475,111.75
05岿 1林 (2023.05.04 ~ 2023.05.10),11471,15.42857143,9.985714286,20.94285714,15.54285714,1342.41,222.75,859216,597.5355,729719732,6629.583333,475,112.19
05岿 2林 (2023.05.11 ~ 2023.05.17),11340,18.65714286,11.64285714,25.75714286,0.228571429,1325.2,222.75,859216,597.5355,729719732,6629.583333,475,112.19
05岿 3林 (2023.05.18 ~ 2023.05.24),11165,18.22857143,13.24285714,23.77142857,1.514285714,1322.66,223,859216,597.536,729719732,6629.583,475,112.19
05岿 4林 (2023.05.25 ~ 2023.05.31),10806,20.22857143,16.51428571,24.35714286,10.27142857,1305.92,223,859216,597.536,729719732,6629.583,475,112.19
06岿 1林 (2023.06.01 ~ 2023.06.07),10327,20.9,15.82857143,26.38571429,0.728571429,1287.32,13,80089.75,576.875,752384836.3,6629.583333,475,112.25
06岿 2林 (2023.06.08 ~ 2023.06.14),10472,21.52857143,17.3,27.4,2.757142857,1276.15,13,80089.75,576.875,752384836.3,6629.583333,475,112.25
06岿 3林 (2023.06.15 ~ 2023.06.21),10220,22.82857143,17.9,28.4,3.071428571,1308.41,13,80090,576.875,752384836,6629.583,475,112.25
06岿 4林 (2023.06.22 ~ 2023.06.28),10433,23.58571429,19.55714286,28.14285714,14.65714286,1315.11,13,80090,576.875,752384836,6629.583,475,112.25
06岿 5林 (2023.06.29 ~ 2023.07.05),9276,24.78571429,21.94285714,28.68571429,16.97142857,1297.9,13,80090,576.875,752384836,6629.583,475,112.25
07岿 1林 (2023.07.06 ~ 2023.07.12),9072,24.67142857,21.35714286,28.82857143,13.72857143,1268.31,112.5,1354479.5,751.3375,864456594.5,6629.583333,475,114.3
07岿 2林 (2023.07.13 ~ 2023.07.19),10153,24.64285714,22.55714286,27.44285714,39.55714286,1286.19,113,1354480,751.338,864456595,6629.583,475,114.3
07岿 3林 (2023.07.20 ~ 2023.07.26),9964,25.74285714,22.75714286,30,9.928571429,1272.83,113,1354480,751.338,864456595,6629.583,475,114.3
07岿 4林 (2023.07.27 ~ 2023.08.02),10312,27.87142857,23.58571429,33.2,0.971428571,1304.08,113,1354480,751.338,864456595,6629.583,475,114.3
08岿 1林 (2023.08.03 ~ 2023.08.09),10047,28.24285714,24.28571429,33.17142857,4.657142857,1330.3,125,496886,387.905,582759960.5,6629.583333,475,120.23
08岿 2林 (2023.08.10 ~ 2023.08.16),9379,25.58571429,22.34285714,29.84285714,16.01428571,1339.17,125,496886,387.905,582759961,6629.583,475,120.23
08岿 3林 (2023.08.17 ~ 2023.08.23),9762,26.82857143,23.57142857,31.51428571,6.742857143,1323.53,125,496886,387.905,582759961,6629.583,475,120.23
08岿 4林 (2023.08.24 ~ 2023.08.30),10022,24.75714286,21.74285714,28.51428571,14.31428571,1317.55,125,496886,387.905,582759961,6629.583,475,120.23
08岿 5林 (2023.08.31 ~ 2023.09.06),8355,24.57142857,20.81428571,29.58571429,2.685714286,1334.96,125,496886,387.905,582759960.5,6629.583333,475,120.23
09岿 1林 (2023.09.07 ~ 2023.09.13),8541,23.3,18.82857143,28.74285714,3.157142857,1328.46,102.5,1225338,352.5275,501854654.3,6629.583333,475,123.76
09岿 2林 (2023.09.14 ~ 2023.09.20),8508,22.98571429,20.6,26.44285714,18.82857143,1334.03,103,1225338,352.528,501854654,6629.583,475,123.76
09岿 3林 (2023.09.21 ~ 2023.09.27),8529,20.38571429,17.08571429,24.57142857,3.914285714,1352.31,103,1225338,352.528,501854654,6629.583,475,123.76
10岿 1林 (2023.10.04 ~ 2023.10.04),9746,18.35714286,13.85714286,24.01428571,0.871428571,1344.61,127,763315,900.74,1252576273,6629.583333,475,123.77
10岿 1林 (2023.10.05 ~ 2023.10.11),9930,15.84285714,11.37142857,21.34285714,0.271428571,1352.21,127,763315,900.74,1252576273,6629.583,475,123.77
10岿 2林 (2023.10.12 ~ 2023.10.18),10069,14.91428571,9.485714286,21.71428571,0.3,1349.08,127,763315,900.74,1252576273,6629.583,475,123.77
10岿 3林 (2023.10.19 ~ 2023.10.25),9979,13.1,7.657142857,19.51428571,1.071428571,1354.91,127,763315,900.74,1252576273,6629.583,475,123.77
10岿 4林 (2023.10.26 ~ 2023.11.01),9664,14.1,8.585714286,21.01428571,0.471428571,1308.23,127,763315,900.74,1252576273,6629.583,475,123.77
11岿 1林 (2023.11.02 ~ 2023.11.08),8870,15.12857143,10.14285714,20.87142857,5.7,1316.51,25,59605,743.0175,1030348405,6629.583333,475,117.79
11岿 2林 (2023.11.09 ~ 2023.11.15),7758,6.157142857,0.842857143,12.07142857,1.114285714,1294.35,25,59605,743.018,1030348405,6629.583,475,117.79
11岿 3林 (2023.11.16 ~ 2023.11.22),8082,5.971428571,0.4,12.01428571,1.871428571,1302.97,25,59605,743.018,1030348405,6629.583,475,117.79
11岿 4林 (2023.11.23 ~ 2023.11.29),7885,4.528571429,-0.028571429,9.314285714,0.371428571,1293.4,25,59605,743.0175,1030348405,6629.583,475,117.79
11岿 5林 (2023.11.30 ~ 2023.12.06),9284,2.385714286,-2.928571429,8.242857143,0.371428571,1316.41,25,59605,743.018,1030348405,6629.583,475,117.79
12岿 1林 (2023.12.07 ~ 2023.12.13),9738,9.471428571,4.671428571,14.32857143,4.942857143,1300.4,0,0,512.0925,772714540,6629.583333,475,119.27
12岿 2林 (2023.12.14 ~ 2023.12.20),9808,0.028571429,-3.628571429,3.8,8.285714286,1297.25,0,0,512.093,772714540,6629.583,475,119.27
12岿 3林 (2023.12.21 ~ 2023.12.27),9778,-2.942857143,-7,2.114285714,0.228571429,1294.4,0,0,512.0925,772714540,6629.583,475,119.27
12岿 4林 (2023.12.28 ~ 2024.01.03),10229,2.814285714,-0.914285714,7.214285714,1.028571429,1314.16,0,0,512.093,772714540,6629.583,475,119.27
01岿 1林 (2024.01.04 ~ 2024.01.10),9325,0.7,-3.871428571,5.4,0.385714286,1313.22,150,2592542.75,1073.78075,1496004700,6627.89285,464.9038462,122.71
01岿 2林 (2024.01.11 ~ 2024.01.17),9949,1.3,-3.928571429,6.685714286,0.885714286,1333.66,150,2592543,1073.781,1496004700,6627.89285,464.9038462,122.71
01岿 3林 (2024.01.18 ~ 2024.01.24),9871,0.171428571,-2.414285714,3.514285714,3.028571429,1336.75,150,2592543,1073.78075,1496004700,6627.89285,464.9038462,122.71
01岿 4林 (2024.01.25 ~ 2024.01.31),10158,0.142857143,-5.142857143,6.457142857,0.085714286,1337.76,150,2592543,1073.781,1496004700,6627.89285,464.9038462,122.71
02岿 1林 (2024.02.01 ~ 2024.02.07),9440,3.357142857,0.457142857,6.828571429,2.757142857,1330.07,59.75,539021.75,368.125,581164011.5,6627.89285,464.9038462,125.98
02岿 2林 (2024.02.08 ~ 2024.02.14),9652,3.9,-1.8,10.31428571,0.314285714,1331.29,60,539022,368.125,581164012,6627.89285,464.9038462,125.98
02岿 3林 (2024.02.15 ~ 2024.02.21),9894,5.928571429,1.314285714,11.14285714,9.842857143,1329.95,60,539022,368.125,581164011.5,6627.89285,464.9038462,125.98
02岿 4林 (2024.02.22 ~ 2024.02.28),10329,3.2,0,7,1.471428571,1330.52,60,539022,368.125,581164012,6627.89285,464.9038462,125.98
02岿 5林 (2024.02.29 ~ 2024.03.06),9626,3.642857143,-0.757142857,8.057142857,1.128571429,1316,60,539022,368.125,581164012,6627.89285,464.9038462,125.98
03岿 1林 (2024.03.07 ~ 2024.03.13),10235,4.285714286,-1.171428571,10.14285714,0.214285714,1330.63,13,38257.625,260.7725,459359303.5,6627.89285,464.9038462,126.54
03岿 2林 (2024.03.14 ~ 2024.03.20),9715,8.214285714,1.828571429,14.82857143,0.257142857,1343.43,13,38258,260.7725,459359303.5,6627.89285,464.9038462,126.54
03岿 3林 (2024.03.21 ~ 2024.03.27),9755,9.3,4.071428571,14.72857143,4.628571429,1345.09,13,38258,260.773,459359304,6627.89285,464.9038462,126.54
03岿 4林 (2024.03.28 ~ 2024.04.03),9455,11.27142857,5.457142857,17.11428571,7.342857143,1350.91,13,38258,260.773,459359304,6627.89285,464.9038462,126.54
04岿 1林 (2024.04.04 ~ 2024.04.09),8753,13.27142857,7.542857143,19.5,0.071428571,1379.69,516.475,5514060.658,630.61,984768830.5,6627.89285,464.9038462,123.54
04岿 2林 (2024.04.11 ~ 2024.04.17),8978,15.87142857,9.714285714,22.68571429,2.628571429,1374.3,516,5514061,630.61,984768830.5,6627.89285,464.9038462,123.54
04岿 3林 (2024.04.18 ~ 2024.04.24),9066,15.11428571,10.72857143,19.98571429,2.885714286,1376.43,516,5514061,630.61,984768831,6627.89285,464.9038462,123.54
04岿 4林 (2024.04.25 ~ 2024.04.30),9853,16.31428571,10.81428571,22.91428571,2.085714286,1354.63,516,5514061,630.61,984768831,6627.89285,464.9038462,123.54
05岿 1林 (2024.05.02 ~ 2024.05.08),9328,15.98571429,10.75714286,21.47142857,9.885714286,1369.65,103,1298485.89,1216.9625,1781725402,6627.89285,464.9038462,121.9
05岿 2林 (2024.05.09 ~ 2024.05.14),9263,16.75714286,9.871428571,23.85714286,4.285714286,1351.76,103,1298486,1216.9625,1781725402,6627.89285,464.9038462,121.9
05岿 3林 (2024.05.16 ~ 2024.05.22),9312,18.44285714,11.85714286,25.41428571,0.514285714,1365.93,103,1298486,1216.963,1781725402,6627.89285,464.9038462,121.9
05岿 4林 (2024.05.23 ~ 2024.05.29),8992,19.42857143,13.91428571,25.32857143,1.857142857,1381.68,103,1298486,1216.963,1781725402,6627.89285,464.9038462,121.9
05岿 5林 (2024.05.30 ~ 2024.06.05),9938,19.58571429,14.07142857,25.67142857,0.185714286,1378.8,103,1298485.89,1216.9625,1781725402,6627.89285,464.9038462,121.9
06岿 1林 (2024.06.07 ~ 2024.06.12),10119,22.24285714,17.02857143,28.15714286,2.057142857,1381.84,298,2654683.903,1521.9875,2199957321,6627.89285,464.9038462,119.5
06岿 2林 (2024.06.13 ~ 2024.06.19),10330,24.34285714,18.05714286,31.1,0.6,1387.01,298,2654684,1521.988,2199957321,6627.89285,464.9038462,119.5
06岿 3林 (2024.06.20 ~ 2024.06.26),10422,23.51428571,19.4,28.2,5.571428571,1380.73,298,2654684,1521.988,2199957321,6627.89285,464.9038462,119.5
06岿 4林 (2024.06.27 ~ 2024.07.03),10337,24.07142857,20.35714286,28.31428571,17.65714286,1376.57,298,2654683.903,1521.9875,2199957321,6627.89285,464.9038462,119.5
07岿 1林 (2024.07.04 ~ 2024.07.10),10469,25.38571429,22.62857143,28.68571429,20.14285714,1373.67,127.75,3333261.338,1013.92,1475284591,6627.89285,464.9038462,120.59
07岿 2林 (2024.07.11 ~ 2024.07.17),9601,24.81428571,21.92857143,28.71428571,10.65714286,1388.79,127.75,3333261.338,1013.92,1475284591,6627.89285,464.9038462,120.59
07岿 3林 (2024.07.18 ~ 2024.07.24),9565,26.88571429,24.1,30.34285714,13.12857143,1383.72,127.75,3333261.338,1013.92,1475284591,6627.89285,464.9038462,120.59
07岿 4林 (2024.07.25 ~ 2024.07.31),10203,28.4,25.2,32.6,2.871428571,1356.63,127.75,3333261.338,1013.92,1475284591,6627.89285,464.9038462,120.59
08岿 1林 (2024.08.01 ~ 2024.08.07),10089,28.84285714,25.15714286,33.9,2.9,1364.19,654.6228098,3820553.745,730.5270906,885369413.2,6627.89285,464.9038462,123.15
08岿 2林 (2024.08.08 ~ 2024.08.14),9587,28.14285714,24,33.44285714,0.928571429,1349.11,654.6228098,3820553.745,730.5270906,885369413.2,6627.89285,464.9038462,123.15
08岿 3林 (2024.08.16 ~ 2024.08.21),10006,28.04285714,24.34285714,33.04285714,5.971428571,1323.43,654.6228098,3820553.745,730.5270906,885369413.2,6627.89285,464.9038462,123.15
08岿 4林 (2024.08.22 ~ 2024.08.28),10449,27.2,23.7,31.8,2.171428571,1336.56,654.6228098,3820553.745,730.5270906,885369413.2,6627.89285,464.9038462,123.15
08岿 5林 (2024.08.29 ~ 2024.09.04),10126,25.82,21.38571429,31.11428571,0.814285714,1337.26,654.6228098,3820553.745,730.5270906,885369413.2,6627.89285,464.9038462,123.15
