week,¼Ò¸Å°¡,Æò±Õ±â¿Â,ÃÖÀú±â¿Â,ÃÖ°í±â¿Â,°­¼ö·®,È¯À²,¼öÀÔ·®,¼öÀÔ¾×,»ý»ê·®,Àç¹è¸éÀû,¹°°¡Áö¼ö
01??1ì£?(2014.01.02 ~ 2014.01.08),1755,1.657142857,-3.242857143,7.628571429,0.442857143,1061.77,165.95,9816.717375,3312.414175,459.8269231,86.119
01??2ì£?(2014.01.09 ~ 2014.01.15),1835,-2.7,-7.728571429,2.9,0,1061.8,165.95,9816.717375,3312.414175,459.8269231,86.119
01??3ì£?(2014.01.16 ~ 2014.01.22),1830,-1.128571429,-5.742857143,4.057142857,0.414285714,1080.35,165.95,9816.717375,3312.414175,459.8269231,86.119
01??4ì£?(2014.01.23 ~ 2014.01.29),1795,-1,-4.314285714,9.1,0.414285714,1081.31,165.95,9816.717375,3312.414175,459.8269231,86.119
02??1ì£?(2014.02.03 ~ 2014.02.05),1882,2.671428571,-2.285714286,8.085714286,1.071428571,1075,88.0475,5400.78525,3312.414175,459.8269231,82.431
02??1ì£?(2014.02.06 ~ 2014.02.12),1899,0.828571429,-2.514285714,4.9,1.814285714,1063.5,88.0475,5400.78525,3312.414175,459.8269231,82.431
02??2ì£?(2014.02.13 ~ 2014.02.19),1861,2.285714286,-2.157142857,7.371428571,0.771428571,1073,88.0475,5400.78525,3312.414175,459.8269231,82.431
02??3ì£?(2014.02.20 ~ 2014.02.26),1775,3.328571429,-2.657142857,10.3,0.585714286,1066.46,88.0475,5400.78525,3312.414175,459.8269231,82.431
02??4ì£?(2014.02.27 ~ 2014.03.05),1764,5.685714286,0.957142857,11.22857143,0.557142857,1065.15,88.0475,5400.78525,3312.414175,459.8269231,82.431
03??1ì£?(2014.03.06 ~ 2014.03.12),1792,2.914285714,-2.871428571,8.557142857,3.471428571,1071.23,104.775,6163.44435,3312.414175,459.8269231,82.625
03??2ì£?(2014.03.13 ~ 2014.03.19),1701,8.428571429,2.9,14.15714286,1.571428571,1080,104.775,6163.44435,3312.414175,459.8269231,82.625
03??3ì£?(2014.03.20 ~ 2014.03.26),1541,9.771428571,3.971428571,15.74285714,2.985714286,1070,104.775,6163.44435,3312.414175,459.8269231,82.625
03??4ì£?(2014.03.27 ~ 2014.04.02),1529,13.54285714,7.285714286,20.58571429,2.071428571,1054.3,104.775,6163.44435,3312.414175,459.8269231,82.625
04??1ì£?(2014.04.03 ~ 2014.04.09),1097,9.8,3.457142857,16.71428571,0.9,1035.65,137.13,7809.049875,3312.414175,459.8269231,75.542
04??2ì£?(2014.04.10 ~ 2014.04.16),1059,14,8.028571429,20.71428571,0.371428571,1038,137.13,7809.049875,3312.414175,459.8269231,75.542
04??3ì£?(2014.04.17 ~ 2014.04.23),1041,14.04285714,8.442857143,20.45714286,1.885714286,1041.2,137.13,7809.049875,3312.414175,459.8269231,75.542
04??4ì£?(2014.04.24 ~ 2014.04.30),1043,15.52857143,10.8,20.74285714,9.085714286,1030.12,137.13,7809.049875,3312.414175,459.8269231,75.542
05??1ì£?(2014.05.02 ~ 2014.05.07),1073,14.42857143,7.828571429,21.41428571,0.257142857,1024.2,109.625,6357.998125,3312.414175,459.8269231,70.453
05??2ì£?(2014.05.08 ~ 2014.05.14),1081,17.41428571,11.4,23.61428571,5.485714286,1023.82,109.625,6357.998125,3312.414175,459.8269231,70.453
05??3ì£?(2014.05.15 ~ 2014.05.21),1085,18.72857143,12.74285714,25.25714286,0.642857143,1024.85,109.625,6357.998125,3312.414175,459.8269231,70.453
05??4ì£?(2014.05.22 ~ 2014.05.28),1088,20.72857143,15.12857143,26.94285714,1.6,1020.8,109.625,6357.998125,3312.414175,459.8269231,70.453
05??5ì£?(2014.05.29 ~ 2014.06.03),1092,22.24285714,16.97142857,28.04285714,4.114285714,1019.95,109.625,6357.998125,3312.414175,459.8269231,70.453
06??1ì£?(2014.06.05 ~ 2014.06.11),1096,20.85714286,17.41428571,25.54285714,1.685714286,1018.05,125.1825,6933.607175,3312.414175,459.8269231,68.504
06??2ì£?(2014.06.12 ~ 2014.06.18),1096,21.74285714,17.21428571,27.22857143,1.485714286,1021.21,125.1825,6933.607175,3312.414175,459.8269231,68.504
06??3ì£?(2014.06.19 ~ 2014.06.25),1096,21.95714286,18.31428571,26.68571429,3.542857143,1014.12,125.1825,6933.607175,3312.414175,459.8269231,68.504
06??4ì£?(2014.06.26 ~ 2014.07.02),1093,23.78571429,19.37142857,29.28571429,1.671428571,1009.45,125.1825,6933.607175,3312.414175,459.8269231,68.504
07??1ì£?(2014.07.03 ~ 2014.07.09),1087,23.41428571,20.37142857,27.3,6.828571429,1019.05,88.62775,4883.7345,3312.414175,459.8269231,62.462
07??2ì£?(2014.07.10 ~ 2014.07.16),1082,25.32857143,21.5,30.21428571,1.9,1029.5,88.62775,4883.7345,3312.414175,459.8269231,62.462
07??3ì£?(2014.07.17 ~ 2014.07.23),1192,25.82857143,22.51428571,30.21428571,6.914285714,1026.05,88.62775,4883.7345,3312.414175,459.8269231,62.462
07??4ì£?(2014.07.24 ~ 2014.07.30),1307,25.6,21.38571429,30.6,4.071428571,1037.75,88.62775,4883.7345,3312.414175,459.8269231,62.462
07??5ì£?(2014.07.31 ~ 2014.08.06),1308,26.48571429,23.61428571,30.41428571,15.02857143,1036.55,88.62775,4883.7345,3312.414175,459.8269231,62.462
08??1ì£?(2014.08.07 ~ 2014.08.13),1341,23.68571429,20.41428571,27.94285714,6.842857143,1021.2,83.625,4717.485625,3312.414175,459.8269231,55.873
08??2ì£?(2014.08.14 ~ 2014.08.20),1325,22.75714286,20.47142857,26.02857143,17.71428571,1018,83.625,4717.485625,3312.414175,459.8269231,55.873
08??3ì£?(2014.08.21 ~ 2014.08.27),1238,23.87142857,20.94285714,27.94285714,13.11428571,1014.1,83.625,4717.485625,3312.414175,459.8269231,55.873
08??4ì£?(2014.08.28 ~ 2014.09.03),1297,21.74285714,17.88571429,26.51428571,6.3,1024.65,83.625,4717.485625,3312.414175,459.8269231,55.873
09??1ì£?(2014.09.04 ~ 2014.09.05),1325,22.54285714,17.85714286,28.74285714,0.142857143,1035.3,103.25,5627.861475,3312.414175,459.8269231,55.798
09??2ì£?(2014.09.11 ~ 2014.09.17),1311,21.1,16.67142857,26.62857143,0.428571429,1044.2,103.25,5627.861475,3312.414175,459.8269231,55.798
09??3ì£?(2014.09.18 ~ 2014.09.24),1377,19.45714286,14.38571429,25.47142857,10,1044.35,103.25,5627.861475,3312.414175,459.8269231,55.798
09??4ì£?(2014.09.25 ~ 2014.10.01),1368,19.71428571,16,24.7,0.985714286,1061.35,103.25,5627.861475,3312.414175,459.8269231,55.798
10??1ì£?(2014.10.02 ~ 2014.10.08),1346,16.31428571,11.05714286,22.51428571,0.4,1074.1,97.125,5125.471,3312.414175,459.8269231,56.855
10??2ì£?(2014.10.10 ~ 2014.10.15),1336,16.1,10.38571429,22.5,2.128571429,1063.37,97.125,5125.471,3312.414175,459.8269231,56.855
10??3ì£?(2014.10.16 ~ 2014.10.22),1376,14.1,8.871428571,20.02857143,10.72857143,1057.5,97.125,5125.471,3312.414175,459.8269231,56.855
10??4ì£?(2014.10.23 ~ 2014.10.29),1347,12.87142857,7,20.6,0.014285714,1073.6,97.125,5125.471,3312.414175,459.8269231,56.855
10??5ì£?(2014.10.30 ~ 2014.11.05),1290,11.62857143,6.871428571,17.07142857,3.928571429,1086.84,97.125,5125.471,3312.414175,459.8269231,56.855
11??1ì£?(2014.11.06 ~ 2014.11.12),1279,10.11428571,4.885714286,16.2,0.8,1100.84,89.75,5133.277875,3312.414175,459.8269231,56.293
11??2ì£?(2014.11.13 ~ 2014.11.19),1321,5.514285714,0.628571429,11.52857143,0.142857143,1111.25,89.75,5133.277875,3312.414175,459.8269231,56.293
11??3ì£?(2014.11.20 ~ 2014.11.26),1305,8.828571429,4.285714286,14.34285714,4.414285714,1113.17,89.75,5133.277875,3312.414175,459.8269231,56.293
11??4ì£?(2014.11.27 ~ 2014.12.03),1233,5.571428571,1.371428571,10.11428571,2.885714286,1121.6,89.75,5133.277875,3312.414175,459.8269231,56.293
12??1ì£?(2014.12.04 ~ 2014.12.10),1264,-0.657142857,-4.7,3.971428571,0.771428571,1104.35,96.0425,5567.886,3312.414175,459.8269231,56.758
12??2ì£?(2014.12.11 ~ 2014.12.17),1301,-0.957142857,-4.957142857,2.957142857,1.571428571,1100.11,96.0425,5567.886,3312.414175,459.8269231,56.758
12??3ì£?(2014.12.18 ~ 2014.12.24),1252,-1.271428571,-6.385714286,3.928571429,0.571428571,1099.8,96.0425,5567.886,3312.414175,459.8269231,56.758
12??4ì£?(2014.12.26 ~ 2014.12.31),1303,0.385714286,-4.357142857,6.171428571,0.128571429,1106.92,96.0425,5567.886,3312.414175,459.8269231,56.758
01??1ì£?(2015.01.02 ~ 2015.01.07),1318,-0.857142857,-5.628571429,4.542857143,1.371428571,1085.82,123.5,6451.72605,227.925,346.4423077,55.948
01??2ì£?(2015.01.08 ~ 2015.01.14),1320,0.1,-4.8,5.642857143,0.071428571,1079.07,123.5,6451.72605,227.925,346.4423077,55.948
01??3ì£?(2015.01.15 ~ 2015.01.21),1321,1.385714286,-3.214285714,6.142857143,0.757142857,1077.51,123.5,6451.72605,227.925,346.4423077,55.948
01??4ì£?(2015.01.22 ~ 2015.01.28),1265,2.114285714,-1.771428571,6.7,1.142857143,1102.4,123.5,6451.72605,227.925,346.4423077,55.948
01??5ì£?(2015.01.29 ~ 2015.02.04),1324,-0.414285714,-5.157142857,5.242857143,0.228571429,1098.01,123.5,6451.72605,227.925,346.4423077,55.948
02??1ì£?(2015.02.05 ~ 2015.02.11),1271,0.385714286,-4.5,5.914285714,0.057142857,1097.88,85.75,5218.65675,227.925,346.4423077,58.228
02??2ì£?(2015.02.12 ~ 2015.02.17),1332,2.742857143,-1.214285714,6.885714286,2.028571429,1110.56,85.75,5218.65675,227.925,346.4423077,58.228
02??4ì£?(2015.02.23 ~ 2015.02.25),1333,4.428571429,-0.171428571,9.771428571,1.314285714,1101.28,85.75,5218.65675,227.925,346.4423077,58.228
02??4ì£?(2015.02.26 ~ 2015.03.04),1330,2.257142857,-1.9,6.942857143,0.785714286,1110.81,85.75,5218.65675,227.925,346.4423077,58.228
03??1ì£?(2015.03.05 ~ 2015.03.11),1345,2.8,-3.685714286,9.457142857,0.014285714,1138.12,96.9175,5309.06565,227.925,346.4423077,58.402
03??2ì£?(2015.03.12 ~ 2015.03.18),1337,7.271428571,0.742857143,14.12857143,4.714285714,1113.51,96.9175,5309.06565,227.925,346.4423077,58.402
03??3ì£?(2015.03.19 ~ 2015.03.25),1305,8.771428571,2.642857143,15.98571429,0.071428571,1103.73,96.9175,5309.06565,227.925,346.4423077,58.402
03??4ì£?(2015.03.26 ~ 2015.04.01),1300,11.2,4.342857143,18.05714286,0.714285714,1086.48,96.9175,5309.06565,227.925,346.4423077,58.402
04??1ì£?(2015.04.02 ~ 2015.04.08),1324,10.45714286,7.185714286,14.67142857,6.128571429,1093.96,93.63,5401.685025,227.925,346.4423077,63.709
04??2ì£?(2015.04.09 ~ 2015.04.15),1404,10.54285714,5.085714286,16.45714286,2.757142857,1083.79,93.63,5401.685025,227.925,346.4423077,63.709
04??3ì£?(2015.04.16 ~ 2015.04.22),1432,12.71428571,6.642857143,19.24285714,4.328571429,1076.39,93.63,5401.685025,227.925,346.4423077,63.709
04??4ì£?(2015.04.23 ~ 2015.04.29),1598,16.57142857,9.414285714,23.57142857,4.485714286,1081.35,93.63,5401.685025,227.925,346.4423077,63.709
04??5ì£?(2015.04.30 ~ 2015.05.06),1745,17.14285714,11.32857143,23.22857143,2.142857143,1087.99,86,4667.270725,227.925,346.4423077,63.709
05??1ì£?(2015.05.07 ~ 2015.05.13),1778,17.11428571,11.14285714,23.21428571,4.714285714,1083.72,86,4667.270725,227.925,346.4423077,70.183
05??2ì£?(2015.05.14 ~ 2015.05.20),1736,18.1,12.47142857,24.18571429,0.857142857,1096.68,86,4667.270725,227.925,346.4423077,70.183
05??3ì£?(2015.05.21 ~ 2015.05.27),1607,20.47142857,12.68571429,28.42857143,0,1113.01,86,4667.270725,227.925,346.4423077,70.183
05??4ì£?(2015.05.28 ~ 2015.06.03),1506,21.27142857,15.45714286,27.62857143,0.442857143,1124.54,86,4667.270725,227.925,346.4423077,70.183
06??1ì£?(2015.06.04 ~ 2015.06.10),1476,20.58571429,14.58571429,26.85714286,0.642857143,1112.17,128.24,7304.2554,227.925,346.4423077,77.231
06??2ì£?(2015.06.11 ~ 2015.06.17),1530,22.34285714,18.21428571,27.67142857,1.742857143,1103.2,128.24,7304.2554,227.925,346.4423077,77.231
06??3ì£?(2015.06.18 ~ 2015.06.24),1587,21.91428571,17.94285714,26.98571429,2.714285714,1122.95,128.24,7304.2554,227.925,346.4423077,77.231
06??4ì£?(2015.06.25 ~ 2015.07.01),1723,21.98571429,18.55714286,26.48571429,8.614285714,1122.6,128.24,7304.2554,227.925,346.4423077,77.231
07??1ì£?(2015.07.02 ~ 2015.07.08),1766,21.57142857,17.34285714,26.31428571,5.371428571,1131.2,102.925,6154.340625,227.925,346.4423077,76.456
07??2ì£?(2015.07.09 ~ 2015.07.15),1916,24.6,21.3,28.91428571,11.11428571,1150.18,102.925,6154.340625,227.925,346.4423077,76.456
07??3ì£?(2015.07.16 ~ 2015.07.22),1941,23.72857143,20.64285714,27.75714286,1.642857143,1170.35,102.925,6154.340625,227.925,346.4423077,76.456
07??4ì£?(2015.07.23 ~ 2015.07.29),1917,26.61428571,23.71428571,30.35714286,7.5,1166.67,102.925,6154.340625,227.925,346.4423077,76.456
07??5ì£?(2015.07.30 ~ 2015.08.05),2006,27.95714286,23.94285714,33.11428571,0.9,1164.7,102.925,6154.340625,227.925,346.4423077,76.456
08??1ì£?(2015.08.06 ~ 2015.08.12),2034,26.58571429,22.5,31.97142857,2.971428571,1179.33,170.7225,11054.12715,227.925,346.4423077,88.064
08??2ì£?(2015.08.13 ~ 2015.08.19),2038,25.12857143,21.08571429,30.35714286,2.271428571,1195.85,170.7225,11054.12715,227.925,346.4423077,88.064
08??3ì£?(2015.08.20 ~ 2015.08.26),2047,23.61428571,20.87142857,27.54285714,8.9,1179.87,170.7225,11054.12715,227.925,346.4423077,88.064
08??4ì£?(2015.08.27 ~ 2015.09.02),2147,23.22857143,19.18571429,28.51428571,2.957142857,1201.33,170.7225,11054.12715,227.925,346.4423077,88.064
09??1ì£?(2015.09.03 ~ 2015.09.09),2116,21.4,17.02857143,26.71428571,2.557142857,1182.69,169.1505,11555.32013,227.925,346.4423077,97.931
09??2ì£?(2015.09.10 ~ 2015.09.16),2102,19.47142857,14.02857143,25.32857143,0.985714286,1173.04,169.1505,11555.32013,227.925,346.4423077,97.931
09??3ì£?(2015.09.17 ~ 2015.09.23),2141,19.97142857,15.04285714,26.02857143,1.828571429,1193.07,169.1505,11555.32013,227.925,346.4423077,97.931
09??4ì£?(2015.09.24 ~ 2015.09.30),2199,20.22857143,15.15714286,26.4,0.414285714,1173.1,169.1505,11555.32013,227.925,346.4423077,97.931
10??1ì£?(2015.10.01 ~ 2015.10.07),2215,17.05714286,11.17142857,23.94285714,5.342857143,1148.05,200.00625,12372.1969,227.925,346.4423077,105.431
10??2ì£?(2015.10.08 ~ 2015.10.14),2261,14.74285714,9.328571429,21.01428571,1.142857143,1131.44,200.00625,12372.1969,227.925,346.4423077,105.431
10??3ì£?(2015.10.15 ~ 2015.10.21),2126,16.27142857,10.58571429,24.11428571,0.042857143,1136.01,200.00625,12372.1969,227.925,346.4423077,105.431
10??4ì£?(2015.10.22 ~ 2015.10.28),2099,14.67142857,10.02857143,20.24285714,2.6,1141.16,200.00625,12372.1969,227.925,346.4423077,105.431
10??5ì£?(2015.10.29 ~ 2015.11.04),2149,9.042857143,3.414285714,15.55714286,0.1,1152.78,200.00625,12372.1969,227.925,346.4423077,105.431
11??1ì£?(2015.11.05 ~ 2015.11.11),2268,12.65714286,9.214285714,16.77142857,7.114285714,1170.34,179.97725,11273.8752,227.925,346.4423077,107.772
11??2ì£?(2015.11.12 ~ 2015.11.18),2331,13.08571429,10.31428571,16.22857143,7.014285714,1154.62,179.97725,11273.8752,227.925,346.4423077,107.772
11??3ì£?(2015.11.19 ~ 2015.11.25),2389,9.585714286,6.914285714,12.64285714,3.442857143,1156.83,179.97725,11273.8752,227.925,346.4423077,107.772
11??4ì£?(2015.11.26 ~ 2015.12.02),2514,4.114285714,0.314285714,8.614285714,1.514285714,1163.64,179.97725,11273.8752,227.925,346.4423077,107.772
12??1ì£?(2015.12.03 ~ 2015.12.09),2557,4.114285714,-0.342857143,9.057142857,0.5,1187.58,188.8885,12057.1258,227.925,346.4423077,112.801
12??2ì£?(2015.12.10 ~ 2015.12.16),2660,6.3,3.057142857,9.842857143,3.514285714,1182.43,188.8885,12057.1258,227.925,346.4423077,112.801
12??3ì£?(2015.12.17 ~ 2015.12.23),2683,2.242857143,-1.871428571,6.914285714,0.657142857,1170.95,188.8885,12057.1258,227.925,346.4423077,112.801
12??4ì£?(2015.12.24 ~ 2015.12.30),2637,0.814285714,-3.828571429,6.057142857,0.185714286,1175.45,188.8885,12057.1258,227.925,346.4423077,112.801
12??5ì£?(2015.12.31 ~ 2016.01.06),2625,3.042857143,-1.542857143,8.271428571,0.114285714,1207.94,188.8885,12057.1258,275.727825,346.4423077,112.801
01??1ì£?(2016.01.07 ~ 2016.01.13),2652,-0.242857143,-4.2,4.385714286,0.114285714,1214.81,1803.55,11969.78645,275.727825,382.6153846,127.906
01??2ì£?(2016.01.14 ~ 2016.01.20),2581,-2.114285714,-6.285714286,2.657142857,0.742857143,1197.57,1803.55,11969.78645,275.727825,382.6153846,127.906
01??3ì£?(2016.01.21 ~ 2016.01.27),2585,-4.971428571,-9.628571429,-0.271428571,0.442857143,1208.11,1803.55,11969.78645,275.727825,382.6153846,127.906
01??4ì£?(2016.01.28 ~ 2016.02.03),2568,-0.542857143,-4.542857143,3.8,2.214285714,1206.35,1803.55,11969.78645,275.727825,382.6153846,127.906
02??1ì£?(2016.02.04 ~ 2016.02.05),2632,0.5,-5.171428571,6.471428571,0.1,1207,158.265,10242.3937,275.727825,382.6153846,126.392
02??2ì£?(2016.02.11 ~ 2016.02.17),2707,3.9,-0.671428571,8.857142857,4.828571429,1233.87,158.265,10242.3937,275.727825,382.6153846,126.392
02??3ì£?(2016.02.18 ~ 2016.02.24),2661,2.514285714,-2.114285714,7.385714286,0.128571429,1243.13,158.265,10242.3937,275.727825,382.6153846,126.392
02??4ì£?(2016.02.25 ~ 2016.03.02),2622,1.757142857,-3.342857143,7.2,1.185714286,1198.5,158.265,10242.3937,275.727825,382.6153846,126.392
03??1ì£?(2016.03.03 ~ 2016.03.09),2652,8.085714286,3.442857143,13.2,6.414285714,1187.9,192.779,12393.4239,275.727825,382.6153846,128.393
03??2ì£?(2016.03.10 ~ 2016.03.16),2672,3.914285714,-1.285714286,9.757142857,0.042857143,1164.3,192.779,12393.4239,275.727825,382.6153846,128.393
03??3ì£?(2016.03.17 ~ 2016.03.23),2661,9.428571429,3.671428571,15.77142857,1.414285714,1169.05,192.779,12393.4239,275.727825,382.6153846,128.393
03??4ì£?(2016.03.24 ~ 2016.03.30),2567,8.4,2.1,15.01428571,0.142857143,1147.89,192.779,12393.4239,275.727825,382.6153846,128.393
03??5ì£?(2016.03.31 ~ 2016.04.06),2656,12.45714286,6.014285714,19.48571429,3.357142857,1151.64,192.779,12393.4239,275.727825,382.6153846,128.393
04??1ì£?(2016.04.07 ~ 2016.04.12),2617,13.24285714,8.214285714,19.5,5.171428571,1146.99,109.2025,7243.3347,275.727825,382.6153846,126.592
04??2ì£?(2016.04.14 ~ 2016.04.20),2622,13.64285714,8.157142857,19.8,5.8,1149.99,109.2025,7243.3347,275.727825,382.6153846,126.592
04??3ì£?(2016.04.21 ~ 2016.04.27),2396,15.1,9.571428571,21.5,7.885714286,1144.83,109.2025,7243.3347,275.727825,382.6153846,126.592
04??4ì£?(2016.04.28 ~ 2016.05.04),1972,16.25714286,10.34285714,22.57142857,5.328571429,1169.3,109.2025,7243.3347,275.727825,382.6153846,126.592
05??2ì£?(2016.05.09 ~ 2016.05.11),1958,16.9,11.57142857,22.74285714,3.385714286,1176.8,195.78825,12844.6805,275.727825,382.6153846,119.692
05??2ì£?(2016.05.12 ~ 2016.05.18),1827,17.64285714,10.71428571,24.77142857,2.657142857,1186.2,195.78825,12844.6805,275.727825,382.6153846,119.692
05??3ì£?(2016.05.19 ~ 2016.05.25),1577,19.78571429,12.88571429,26.81428571,2.9,1186.25,195.78825,12844.6805,275.727825,382.6153846,119.692
05??4ì£?(2016.05.26 ~ 2016.06.01),1547,20.98571429,15.65714286,27.14285714,0.171428571,1163.55,195.78825,12844.6805,275.727825,382.6153846,119.692
06??1ì£?(2016.06.02 ~ 2016.06.08),1494,20.55714286,15.92857143,25.57142857,0.942857143,1171.53,130.12,8164.651125,275.727825,382.6153846,86.115
06??2ì£?(2016.06.09 ~ 2016.06.15),1523,22.54285714,18.72857143,27.45714286,1.442857143,1170.46,130.12,8164.651125,275.727825,382.6153846,86.115
06??3ì£?(2016.06.16 ~ 2016.06.22),1546,23.2,19.07142857,28.18571429,2.414285714,1171.95,130.12,8164.651125,275.727825,382.6153846,86.115
06??4ì£?(2016.06.23 ~ 2016.06.29),1544,22.75714286,18.67142857,27.47142857,4.685714286,1150,130.12,8164.651125,275.727825,382.6153846,86.115
06??5ì£?(2016.06.30 ~ 2016.07.06),1533,23.6,21.02857143,27.11428571,31.94285714,1149.8,130.12,8164.651125,275.727825,382.6153846,86.115
07??1ì£?(2016.07.07 ~ 2016.07.13),1572,25.35714286,21.61428571,30.22857143,1.914285714,1138.6,229.3775,14409.538,275.727825,382.6153846,70.896
07??2ì£?(2016.07.14 ~ 2016.07.20),1457,24.07142857,20.7,28.28571429,4.571428571,1136.35,229.3775,14409.538,275.727825,382.6153846,70.896
07??3ì£?(2016.07.21 ~ 2016.07.27),1534,26.84285714,23.14285714,31.42857143,1.885714286,1112.24,229.3775,14409.538,275.727825,382.6153846,70.896
07??4ì£?(2016.07.28 ~ 2016.08.03),1514,27.57142857,24.08571429,32.44285714,4.042857143,1115.27,229.3775,14409.538,275.727825,382.6153846,70.896
08??1ì£?(2016.08.04 ~ 2016.08.10),1541,28.11428571,23.71428571,33.7,1.142857143,1103.49,149.8275,9219.87,275.727825,382.6153846,69.435
08??2ì£?(2016.08.11 ~ 2016.08.17),1604,28.78571429,24.35714286,34.42857143,1.185714286,1115.57,149.8275,9219.87,275.727825,382.6153846,69.435
08??3ì£?(2016.08.18 ~ 2016.08.24),1614,27.85714286,23.47142857,33.48571429,0.585714286,1122.52,149.8275,9219.87,275.727825,382.6153846,69.435
08??4ì£?(2016.08.25 ~ 2016.08.31),1611,21.95714286,17.95714286,26.67142857,6.942857143,1116.45,149.8275,9219.87,275.727825,382.6153846,69.435
09??1ì£?(2016.09.01 ~ 2016.09.07),1601,23.54285714,20.22857143,28.04285714,8.014285714,1108.73,205.89,12424.71893,275.727825,382.6153846,69.913
09??2ì£?(2016.09.08 ~ 2016.09.13),1559,22.48571429,18.71428571,27.62857143,2.671428571,1126.06,205.89,12424.71893,275.727825,382.6153846,69.913
09??3ì£?(2016.09.19 ~ 2016.09.21),1615,20.41428571,16.94285714,24.52857143,13.9,1104.02,205.89,12424.71893,275.727825,382.6153846,69.913
09??4ì£?(2016.09.22 ~ 2016.09.28),1657,20.84285714,16.92857143,26.04285714,2.171428571,1101.91,205.89,12424.71893,275.727825,382.6153846,69.913
09??5ì£?(2016.09.29 ~ 2016.10.05),1691,20.04285714,17.05714286,23.8,12.01428571,1115.76,205.89,12424.71893,275.727825,382.6153846,69.913
10??1ì£?(2016.10.06 ~ 2016.10.12),1635,15.72857143,11.62857143,21.04285714,4.7,1136.41,177.0925,10503.30938,275.727825,382.6153846,74.107
10??2ì£?(2016.10.13 ~ 2016.10.19),1690,16.17142857,11.84285714,22.14285714,2.685714286,1136.21,177.0925,10503.30938,275.727825,382.6153846,74.107
10??3ì£?(2016.10.20 ~ 2016.10.26),1724,15.31428571,11.77142857,19.55714286,2.414285714,1147.32,177.0925,10503.30938,275.727825,382.6153846,74.107
10??4ì£?(2016.10.27 ~ 2016.11.02),1695,9.357142857,4.971428571,13.98571429,0.957142857,1141.45,177.0925,10503.30938,275.727825,382.6153846,74.107
11??1ì£?(2016.11.03 ~ 2016.11.09),1685,9.957142857,4.957142857,15.62857143,0.728571429,1165.58,192,11885.48795,275.727825,382.6153846,78.431
11??2ì£?(2016.11.10 ~ 2016.11.16),1712,9.942857143,4.428571429,15.98571429,1.328571429,1181.08,192,11885.48795,275.727825,382.6153846,78.431
11??3ì£?(2016.11.17 ~ 2016.11.23),1743,9.142857143,4.7,14.1,2.157142857,1175.77,192,11885.48795,275.727825,382.6153846,78.431
11??4ì£?(2016.11.24 ~ 2016.11.30),1736,3,-1.242857143,7.928571429,0.742857143,1167.32,192,11885.48795,275.727825,382.6153846,78.431
12??1ì£?(2016.12.01 ~ 2016.12.07),1677,4.3,-1.128571429,10.17142857,0.042857143,1172.89,164.803,10729.4277,275.727825,382.6153846,81.895
12??2ì£?(2016.12.08 ~ 2016.12.14),1780,2.857142857,-2.142857143,8.314285714,0.8,1186.58,164.803,10729.4277,275.727825,382.6153846,81.895
12??3ì£?(2016.12.15 ~ 2016.12.21),1768,4.057142857,-0.671428571,9.071428571,4.185714286,1200.36,164.803,10729.4277,275.727825,382.6153846,81.895
12??4ì£?(2016.12.22 ~ 2016.12.28),1797,2.557142857,-1.128571429,6.928571429,3.928571429,1207.26,164.803,10729.4277,275.727825,382.6153846,81.895
12??5ì£?(2016.12.29 ~ 2017.01.04),1789,2.157142857,-2.528571429,7.871428571,0.028571429,1202,164.803,10729.4277,275.727825,382.6153846,81.895
01??1ì£?(2017.01.05 ~ 2017.01.11),1834,3.4,-1,8,0.557142857,1175,213.8025,13355.95725,2384.364168,375.7307692,85.862
01??2ì£?(2017.01.12 ~ 2017.01.18),2021,-2.214285714,-7.014285714,3.471428571,0.071428571,1175.39,213.8025,13355.95725,2384.364168,375.7307692,85.862
01??3ì£?(2017.01.19 ~ 2017.01.25),2147,-3.171428571,-7.871428571,2,0.657142857,1178.82,213.8025,13355.95725,2384.364168,375.7307692,85.862
01??4ì£?(2017.01.26 ~ 2017.02.01),2193,-0.1,-5.528571429,5.5,0.9,1138.52,213.8025,13355.95725,2384.364168,375.7307692,85.862
02??1ì£?(2017.02.02 ~ 2017.02.08),2302,1.557142857,-3.242857143,6.914285714,0.271428571,1146.6,168.13825,10316.1065,2384.364168,375.7307692,92.675
02??2ì£?(2017.02.09 ~ 2017.02.15),2318,-0.685714286,-5.714285714,4.828571429,0.157142857,1150.78,168.13825,10316.1065,2384.364168,375.7307692,92.675
02??3ì£?(2017.02.16 ~ 2017.02.22),2340,3.342857143,-3.185714286,9.285714286,3.8,1130.5,168.13825,10316.1065,2384.364168,375.7307692,92.675
02??4ì£?(2017.02.23 ~ 2017.02.28),2374,3.3,-2.228571429,9.585714286,0.314285714,1152.32,168.13825,10316.1065,2384.364168,375.7307692,92.675
03??1ì£?(2017.03.02 ~ 2017.03.08),2307,3.328571429,-1.9,9.114285714,0.428571429,1148.81,169.85,10226.06625,2384.364168,375.7307692,108.215
03??2ì£?(2017.03.09 ~ 2017.03.15),2318,6.228571429,-0.485714286,13.35714286,0.085714286,1129.04,169.85,10226.06625,2384.364168,375.7307692,108.215
03??3ì£?(2017.03.16 ~ 2017.03.22),2373,7.471428571,0.614285714,14.77142857,0.614285714,1117.56,169.85,10226.06625,2384.364168,375.7307692,108.215
03??4ì£?(2017.03.23 ~ 2017.03.29),2470,7.271428571,2.857142857,12.47142857,1.485714286,1117.65,169.85,10226.06625,2384.364168,375.7307692,108.215
03??5ì£?(2017.03.30 ~ 2017.04.05),2577,10.44285714,4.571428571,16.6,3.557142857,1137.89,169.85,10226.06625,2384.364168,375.7307692,108.215
04??1ì£?(2017.04.06 ~ 2017.04.12),2726,13.42857143,8.6,19.38571429,3.042857143,1135.45,166.7275,9842.371,2384.364168,375.7307692,112.418
04??2ì£?(2017.04.13 ~ 2017.04.19),2625,14.77142857,8.785714286,21.27142857,2.771428571,1133.57,166.7275,9842.371,2384.364168,375.7307692,112.418
04??3ì£?(2017.04.20 ~ 2017.04.26),2429,14.17142857,8.071428571,20.61428571,0.428571429,1136.87,166.7275,9842.371,2384.364168,375.7307692,112.418
04??4ì£?(2017.04.27 ~ 2017.05.02),2150,16.85714286,8.985714286,24.65714286,0,1134.71,166.7275,9842.371,2384.364168,375.7307692,112.418
05??1ì£?(2017.05.04 ~ 2017.05.10),1989,17.35714286,11.85714286,23.21428571,2.328571429,1122.41,163.05,9991.125,2384.364168,375.7307692,117.203
05??2ì£?(2017.05.11 ~ 2017.05.17),2023,17.28571429,11.8,23.34285714,0.8,1116.61,163.05,9991.125,2384.364168,375.7307692,117.203
05??3ì£?(2017.05.18 ~ 2017.05.24),2024,20.35714286,13.62857143,27.34285714,0.714285714,1117.83,163.05,9991.125,2384.364168,375.7307692,117.203
05??4ì£?(2017.05.25 ~ 2017.05.31),2090,20.27142857,13.57142857,27.4,0.357142857,1117.39,163.05,9991.125,2384.364168,375.7307692,117.203
06??1ì£?(2017.06.01 ~ 2017.06.07),1994,19.32857143,13.94285714,25.1,2.757142857,1124.29,161.2775,9779.83925,2384.364168,375.7307692,94.294
06??2ì£?(2017.06.08 ~ 2017.06.14),2050,20.5,15.14285714,26.58571429,0.542857143,1132.07,161.2775,9779.83925,2384.364168,375.7307692,94.294
06??3ì£?(2017.06.15 ~ 2017.06.21),1998,23.05714286,16.98571429,29.78571429,0.342857143,1133.89,161.2775,9779.83925,2384.364168,375.7307692,94.294
06??4ì£?(2017.06.22 ~ 2017.06.28),1983,23.42857143,19.18571429,29.11428571,4.257142857,1144.43,161.2775,9779.83925,2384.364168,375.7307692,94.294
06??5ì£?(2017.06.29 ~ 2017.07.05),1890,25.3,22.28571429,29.55714286,12.08571429,1152.74,161.2775,9779.83925,2384.364168,375.7307692,94.294
07??1ì£?(2017.07.06 ~ 2017.07.12),1963,26.25714286,23.15714286,30.28571429,12.12857143,1128.09,164.974,9617.7375,2384.364168,375.7307692,92.066
07??2ì£?(2017.07.13 ~ 2017.07.19),1911,26.55714286,23.12857143,31.2,9.314285714,1117.83,164.974,9617.7375,2384.364168,375.7307692,92.066
07??3ì£?(2017.07.20 ~ 2017.07.26),1945,27.47142857,24.14285714,31.77142857,5.6,1123.69,164.974,9617.7375,2384.364168,375.7307692,92.066
07??4ì£?(2017.07.27 ~ 2017.08.02),2021,25.94285714,22.68571429,30.18571429,6.042857143,1127.77,164.974,9617.7375,2384.364168,375.7307692,92.066
08??1ì£?(2017.08.03 ~ 2017.08.09),1997,28.02857143,24.02857143,32.88571429,2.271428571,1141.86,260.9075,14978.7378,2384.364168,375.7307692,90.517
08??2ì£?(2017.08.10 ~ 2017.08.16),1985,24.54285714,21.98571429,28,15.25714286,1138.77,260.9075,14978.7378,2384.364168,375.7307692,90.517
08??3ì£?(2017.08.17 ~ 2017.08.23),2008,25.57142857,22.7,29.78571429,12.68571429,1120.59,260.9075,14978.7378,2384.364168,375.7307692,90.517
08??4ì£?(2017.08.24 ~ 2017.08.30),2045,23.6,19.07142857,28.68571429,3.842857143,1120.69,260.9075,14978.7378,2384.364168,375.7307692,90.517
08??5ì£?(2017.08.31 ~ 2017.09.06),2055,21.12857143,16.52857143,26.31428571,2.428571429,1130.97,260.9075,14978.7378,2384.364168,375.7307692,90.517
09??1ì£?(2017.09.07 ~ 2017.09.13),2051,21.55714286,17.22857143,27.21428571,6.857142857,1132.21,279.295,16229.5689,2384.364168,375.7307692,95.355
09??2ì£?(2017.09.14 ~ 2017.09.20),2056,20.68571429,15.55714286,26.05714286,0.828571429,1132.13,279.295,16229.5689,2384.364168,375.7307692,95.355
09??3ì£?(2017.09.21 ~ 2017.09.27),2040,20.28571429,15.4,26.5,3,1144.29,279.295,16229.5689,2384.364168,375.7307692,95.355
09??4ì£?(2017.09.28 ~ 2017.09.29),2117,17.78571429,13.21428571,23.3,5.3,1144.31,279.295,16229.5689,2384.364168,375.7307692,95.355
10??2ì£?(2017.10.10 ~ 2017.10.11),2134,18.94285714,15.27142857,23.8,2.485714286,1125.67,136.05025,8040.03,2384.364168,375.7307692,98.87
10??2ì£?(2017.10.12 ~ 2017.10.18),2167,14.44285714,10.28571429,19.27142857,1.485714286,1131.31,136.05025,8040.03,2384.364168,375.7307692,98.87
10??3ì£?(2017.10.19 ~ 2017.10.25),2133,13.91428571,8.785714286,20.58571429,0.1,1124.97,136.05025,8040.03,2384.364168,375.7307692,98.87
10??4ì£?(2017.10.26 ~ 2017.11.01),2146,12.01428571,6.171428571,18.94285714,0.271428571,1115.29,136.05025,8040.03,2384.364168,375.7307692,98.87
11??1ì£?(2017.11.02 ~ 2017.11.08),2067,11.2,5.371428571,17.8,0.4,1119.87,238.6225,13432.32475,2384.364168,375.7307692,101.602
11??2ì£?(2017.11.09 ~ 2017.11.15),2162,7.985714286,2.1,14.54285714,0.342857143,1093.32,238.6225,13432.32475,2384.364168,375.7307692,101.602
11??3ì£?(2017.11.16 ~ 2017.11.22),1989,3.185714286,-1.985714286,8.857142857,0.1,1084.61,238.6225,13432.32475,2384.364168,375.7307692,101.602
11??4ì£?(2017.11.23 ~ 2017.11.29),2138,4.742857143,-0.671428571,10.6,0.928571429,1082.47,238.6225,13432.32475,2384.364168,375.7307692,101.602
11??5ì£?(2017.11.30 ~ 2017.12.06),2148,1.1,-3.928571429,6.571428571,0.257142857,1091.85,238.6225,13432.32475,2384.364168,375.7307692,101.602
12??1ì£?(2017.12.07 ~ 2017.12.13),2130,-1.242857143,-5.4,3.642857143,0.5,1087.95,185.8025,10419.27405,2384.364168,375.7307692,99.479
12??2ì£?(2017.12.14 ~ 2017.12.20),2132,-1.985714286,-7.614285714,3.385714286,0.2,1076.74,185.8025,10419.27405,2384.364168,375.7307692,99.479
12??3ì£?(2017.12.21 ~ 2017.12.27),2096,0.785714286,-3.5,5.957142857,2.042857143,1066.37,185.8025,10419.27405,2384.364168,375.7307692,99.479
12??4ì£?(2017.12.28 ~ 2018.01.03),2155,0.657142857,-4.014285714,5.485714286,0.142857143,1061.53,185.8025,10419.27405,2384.364168,375.7307692,99.479
01??1ì£?(2018.01.04 ~ 2018.01.10),2063,-0.9,-4.614285714,3.214285714,0.928571429,1058.99,223.22625,12568.64648,31686.85418,508.1730769,101.611
01??2ì£?(2018.01.11 ~ 2018.01.17),2070,-1.085714286,-5.785714286,4.085714286,1.842857143,1067.11,223.22625,12568.64648,31686.85418,508.1730769,101.611
01??3ì£?(2018.01.18 ~ 2018.01.24),2076,-0.928571429,-4.985714286,4.585714286,0.171428571,1063.67,223.22625,12568.64648,31686.85418,508.1730769,101.611
01??4ì£?(2018.01.25 ~ 2018.01.31),2086,-5.928571429,-10.72857143,-0.671428571,0.028571429,1089.37,223.22625,12568.64648,31686.85418,508.1730769,101.611
02??1ì£?(2018.02.01 ~ 2018.02.07),2074,-5.457142857,-10.3,-0.171428571,0.1,1084.67,162.483,9330.579,31686.85418,508.1730769,99.88
02??2ì£?(2018.02.08 ~ 2018.02.14),2113,-0.628571429,-6.828571429,5.314285714,0.171428571,1066.19,162.483,9330.579,31686.85418,508.1730769,99.88
02??3ì£?(2018.02.19 ~ 2018.02.21),2104,1.357142857,-3.8,7.171428571,0,1076,162.483,9330.579,31686.85418,508.1730769,99.88
02??4ì£?(2018.02.22 ~ 2018.02.28),2084,3.885714286,-2.085714286,10.31428571,4.342857143,1078.69,162.483,9330.579,31686.85418,508.1730769,99.88
03??1ì£?(2018.03.02 ~ 2018.03.07),2078,5.571428571,0.114285714,11.61428571,4.871428571,1064.38,272.635,14638.16,31686.85418,508.1730769,99.958
03??2ì£?(2018.03.08 ~ 2018.03.14),2074,7.628571429,1.671428571,14.11428571,2.4,1069.53,272.635,14638.16,31686.85418,508.1730769,99.958
03??3ì£?(2018.03.15 ~ 2018.03.21),1709,6.714285714,2.571428571,10.84285714,8.528571429,1082.87,272.635,14638.16,31686.85418,508.1730769,99.958
03??4ì£?(2018.03.22 ~ 2018.03.28),1615,10.25714286,3.328571429,17.64285714,0,1060.25,272.635,14638.16,31686.85418,508.1730769,99.958
03??5ì£?(2018.03.29 ~ 2018.04.04),1561,14.9,9.128571429,21.47142857,2.142857143,1069.75,272.635,14638.16,31686.85418,508.1730769,99.958
04??1ì£?(2018.04.05 ~ 2018.04.11),1545,9.985714286,4.7,15.05714286,4.942857143,1070.68,229.975,12671.4996,31686.85418,508.1730769,95.79
04??2ì£?(2018.04.12 ~ 2018.04.18),1552,11.81428571,5.871428571,18.15714286,3.271428571,1070.1,229.975,12671.4996,31686.85418,508.1730769,95.79
04??3ì£?(2018.04.19 ~ 2018.04.25),1560,14.72857143,8.657142857,21.3,8.742857143,1066.73,229.975,12671.4996,31686.85418,508.1730769,95.79
04??4ì£?(2018.04.26 ~ 2018.05.02),1821,16.31428571,9.642857143,23.08571429,1.914285714,1073.11,229.975,12671.4996,31686.85418,508.1730769,95.79
05??1ì£?(2018.05.03 ~ 2018.05.09),1808,15.08571429,10.38571429,20.14285714,4.7,1066.89,193.3375,11159.8416,31686.85418,508.1730769,83.983
05??2ì£?(2018.05.10 ~ 2018.05.16),1799,18.58571429,13.47142857,24.11428571,3.7,1080.57,193.3375,11159.8416,31686.85418,508.1730769,83.983
05??3ì£?(2018.05.17 ~ 2018.05.23),1696,17.64285714,12.65714286,22.92857143,6.714285714,1077.37,193.3375,11159.8416,31686.85418,508.1730769,83.983
05??4ì£?(2018.05.24 ~ 2018.05.30),1585,20.1,13.97142857,26.5,0.614285714,1070.73,193.3375,11159.8416,31686.85418,508.1730769,83.983
05??5ì£?(2018.05.31 ~ 2018.06.05),1663,21.97142857,15.84285714,28.72857143,0.2,1073.93,193.3375,11159.8416,31686.85418,508.1730769,83.983
06??1ì£?(2018.06.07 ~ 2018.06.12),1633,20.7,16.95714286,25.52857143,1.457142857,1102.42,178.4825,10668.06255,31686.85418,508.1730769,81.225
06??2ì£?(2018.06.14 ~ 2018.06.20),1690,21.14285714,16.77142857,26.52857143,0.771428571,1111,178.4825,10668.06255,31686.85418,508.1730769,81.225
06??3ì£?(2018.06.21 ~ 2018.06.27),1666,24.22857143,19.11428571,30.11428571,8.685714286,1113.91,178.4825,10668.06255,31686.85418,508.1730769,81.225
06??4ì£?(2018.06.28 ~ 2018.07.04),1656,23.85714286,20.98571429,27.67142857,26.87142857,1114.69,178.4825,10668.06255,31686.85418,508.1730769,81.225
07??1ì£?(2018.07.05 ~ 2018.07.11),1516,22.55714286,19.78571429,26.04285714,4.871428571,1129,208.95775,11720.49833,31686.85418,508.1730769,78.327
07??2ì£?(2018.07.12 ~ 2018.07.18),1602,27.91428571,23.41428571,33.18571429,0,1126.9,208.95775,11720.49833,31686.85418,508.1730769,78.327
07??3ì£?(2018.07.19 ~ 2018.07.25),1590,29.24285714,24.41428571,34.95714286,0,1114.65,208.95775,11720.49833,31686.85418,508.1730769,78.327
07??4ì£?(2018.07.26 ~ 2018.08.01),1569,29.48571429,24.84285714,35.14285714,0.571428571,1122.34,208.95775,11720.49833,31686.85418,508.1730769,78.327
08??1ì£?(2018.08.02 ~ 2018.08.08),1572,29.58571429,25.41428571,34.95714286,2.371428571,1129.17,217.248,12541.9722,31686.85418,508.1730769,73.907
08??2ì£?(2018.08.09 ~ 2018.08.14),1542,28.71428571,24.68571429,34.08571429,2.428571429,1119.52,217.248,12541.9722,31686.85418,508.1730769,73.907
08??3ì£?(2018.08.16 ~ 2018.08.22),1564,26.24285714,21.24285714,31.84285714,1.057142857,1114.33,217.248,12541.9722,31686.85418,508.1730769,73.907
08??4ì£?(2018.08.23 ~ 2018.08.29),1599,24.88571429,22.24285714,28.35714286,27.71428571,1115.46,217.248,12541.9722,31686.85418,508.1730769,73.907
08??5ì£?(2018.08.30 ~ 2018.09.05),1577,23.78571429,20.24285714,28.08571429,16.45714286,1127.57,217.248,12541.9722,31686.85418,508.1730769,73.907
09??1ì£?(2018.09.06 ~ 2018.09.12),1509,20.71428571,15.84285714,26.01428571,0.9,1120.66,218.996,12415.60748,31686.85418,508.1730769,69.696
09??2ì£?(2018.09.13 ~ 2018.09.19),1614,21.52857143,18.34285714,25.65714286,2.728571429,1113.95,218.996,12415.60748,31686.85418,508.1730769,69.696
09??3ì£?(2018.09.20 ~ 2018.09.21),1646,18.44285714,14.38571429,23.35714286,5.8,1109.98,218.996,12415.60748,31686.85418,508.1730769,69.696
09??4ì£?(2018.09.27 ~ 2018.10.02),1671,16.88571429,11.84285714,22.85714286,0.528571429,1131.13,218.996,12415.60748,31686.85418,508.1730769,69.696
10??1ì£?(2018.10.04 ~ 2018.10.10),1696,16.45714286,12.02857143,21.18571429,20.15714286,1130.3,262.16,15109.87725,31686.85418,508.1730769,71.592
10??2ì£?(2018.10.11 ~ 2018.10.17),1593,12.2,6.828571429,18.92857143,0.257142857,1131.15,262.16,15109.87725,31686.85418,508.1730769,71.592
10??3ì£?(2018.10.18 ~ 2018.10.24),1626,12.14285714,6.5,19.6,1.071428571,1139.28,262.16,15109.87725,31686.85418,508.1730769,71.592
10??4ì£?(2018.10.25 ~ 2018.10.31),1660,10.12857143,5.228571429,15.65714286,1.785714286,1117.1,262.16,15109.87725,31686.85418,508.1730769,71.592
11??1ì£?(2018.11.01 ~ 2018.11.07),1682,10.27142857,4.114285714,18.14285714,0.9,1129.69,272.92,15954.60463,31686.85418,508.1730769,73.872
11??2ì£?(2018.11.08 ~ 2018.11.14),1624,10.48571429,6.085714286,15.98571429,5.414285714,1120.4,272.92,15954.60463,31686.85418,508.1730769,73.872
11??3ì£?(2018.11.15 ~ 2018.11.21),1613,7.285714286,2.357142857,13.31428571,0.257142857,1132.5,272.92,15954.60463,31686.85418,508.1730769,73.872
11??4ì£?(2018.11.22 ~ 2018.11.28),1638,5.057142857,0.242857143,10.95714286,0.614285714,1119.44,272.92,15954.60463,31686.85418,508.1730769,73.872
11??5ì£?(2018.11.29 ~ 2018.12.05),1631,7.171428571,2.171428571,12.55714286,3,1123.85,272.92,15954.60463,31686.85418,508.1730769,73.872
12??1ì£?(2018.12.06 ~ 2018.12.12),1657,-1.5,-5.257142857,3.071428571,0.628571429,1131.7,220.2625,12886.06003,31686.85418,508.1730769,72.175
12??2ì£?(2018.12.13 ~ 2018.12.19),1671,0.971428571,-3.914285714,6.6,0.142857143,1128.04,220.2625,12886.06003,31686.85418,508.1730769,72.175
12??3ì£?(2018.12.20 ~ 2018.12.26),1644,3.442857143,-1.514285714,9.114285714,0.128571429,1116.05,220.2625,12886.06003,31686.85418,508.1730769,72.175
12??4ì£?(2018.12.27 ~ 2019.01.02),1685,-4.2,-8.628571429,0.9,0.028571429,1115.85,220.2625,12886.06003,31686.85418,508.1730769,72.175
01??1ì£?(2019.01.03 ~ 2019.01.09),1627,-1.142857143,-6.4,4.842857143,0,1117.23,329.75925,19315.2861,3321.778325,418.7884615,69.87
01??2ì£?(2019.01.10 ~ 2019.01.16),1650,0.8,-3.742857143,6.314285714,0.357142857,1125.08,329.75925,19315.2861,3321.778325,418.7884615,69.87
01??3ì£?(2019.01.17 ~ 2019.01.23),1610,1.7,-3.642857143,7.585714286,0.042857143,1117.78,329.75925,19315.2861,3321.778325,418.7884615,69.87
01??4ì£?(2019.01.24 ~ 2019.01.30),1522,0.628571429,-5.214285714,7.128571429,0.028571429,1118.4,329.75925,19315.2861,3321.778325,418.7884615,69.87
01??5ì£?(2019.01.31 ~ 2019.02.01),1556,2.528571429,-2.785714286,8.257142857,2.528571429,1123.5,329.75925,19315.2861,3321.778325,418.7884615,69.87
02??1ì£?(2019.02.07 ~ 2019.02.13),1596,-0.485714286,-5.014285714,4.385714286,0.071428571,1125.44,172.4075,10100.60865,3321.778325,418.7884615,69.234
02??2ì£?(2019.02.14 ~ 2019.02.20),1570,1.428571429,-2.671428571,6.042857143,2.428571429,1121.99,172.4075,10100.60865,3321.778325,418.7884615,69.234
02??3ì£?(2019.02.21 ~ 2019.02.27),1504,5.171428571,-0.614285714,12.2,0.057142857,1126.67,172.4075,10100.60865,3321.778325,418.7884615,69.234
02??4ì£?(2019.02.28 ~ 2019.03.06),1569,7.742857143,1.785714286,14.34285714,0.157142857,1132.9,172.4075,10100.60865,3321.778325,418.7884615,69.234
03??1ì£?(2019.03.07 ~ 2019.03.13),1497,6.342857143,0.528571429,12.54285714,1.528571429,1134.7,208.7495,11705.93483,3321.778325,418.7884615,67.66
03??2ì£?(2019.03.14 ~ 2019.03.20),1539,7.571428571,1.128571429,14.21428571,2.8,1135.11,208.7495,11705.93483,3321.778325,418.7884615,67.66
03??3ì£?(2019.03.21 ~ 2019.03.27),1579,7.771428571,1.728571429,14.21428571,0.514285714,1136.1,208.7495,11705.93483,3321.778325,418.7884615,67.66
03??4ì£?(2019.03.28 ~ 2019.04.03),1511,7.657142857,2.385714286,13.4,0.542857143,1136.69,208.7495,11705.93483,3321.778325,418.7884615,67.66
04??1ì£?(2019.04.04 ~ 2019.04.10),1616,10.57142857,4.528571429,16.95714286,5.014285714,1133.72,200.9575,11346.58893,3321.778325,418.7884615,66.72
04??2ì£?(2019.04.11 ~ 2019.04.17),1627,11.72857143,4.714285714,18.78571429,0.2,1135.58,200.9575,11346.58893,3321.778325,418.7884615,66.72
04??3ì£?(2019.04.18 ~ 2019.04.24),2036,15.85714286,10.58571429,21.75714286,1.814285714,1157.9,200.9575,11346.58893,3321.778325,418.7884615,66.72
04??4ì£?(2019.04.25 ~ 2019.04.30),1965,12.52857143,8.428571429,17.2,4.328571429,1163.68,200.9575,11346.58893,3321.778325,418.7884615,66.72
05??1ì£?(2019.05.02 ~ 2019.05.08),1952,16.11428571,8.042857143,24.11428571,0.014285714,1174.2,210.1445,12823.0102,3321.778325,418.7884615,80.032
05??2ì£?(2019.05.09 ~ 2019.05.15),1858,18.51428571,11.52857143,26.07142857,0,1193.73,210.1445,12823.0102,3321.778325,418.7884615,80.032
05??3ì£?(2019.05.16 ~ 2019.05.22),1838,19.17142857,13.44285714,24.72857143,4.557142857,1184.77,210.1445,12823.0102,3321.778325,418.7884615,80.032
05??4ì£?(2019.05.23 ~ 2019.05.29),1805,20.91428571,14.17142857,27.72857143,3.285714286,1187.8,210.1445,12823.0102,3321.778325,418.7884615,80.032
05??5ì£?(2019.05.30 ~ 2019.06.05),1672,20.94285714,14.28571429,27.8,0.128571429,1181.07,210.1445,12823.0102,3321.778325,418.7884615,80.032
06??1ì£?(2019.06.07 ~ 2019.06.12),1600,19.47142857,15.62857143,24.35714286,7.271428571,1186.78,196.40875,13347.8646,3321.778325,418.7884615,87.22
06??2ì£?(2019.06.13 ~ 2019.06.19),1574,20.97142857,16.45714286,26.52857143,1.3,1158.2,196.40875,13347.8646,3321.778325,418.7884615,87.22
06??3ì£?(2019.06.20 ~ 2019.06.26),1522,22.38571429,17.54285714,27.92857143,5.2,1155.38,196.40875,13347.8646,3321.778325,418.7884615,87.22
06??4ì£?(2019.06.27 ~ 2019.07.03),1472,23.21428571,19.72857143,27.72857143,6.414285714,1174.59,196.40875,13347.8646,3321.778325,418.7884615,87.22
07??1ì£?(2019.07.04 ~ 2019.07.10),1352,23.45714286,18.97142857,28.61428571,3.085714286,1176.32,209.66675,12485.13875,3321.778325,418.7884615,76.265
07??2ì£?(2019.07.11 ~ 2019.07.17),1351,23.42857143,20.17142857,27.85714286,4.228571429,1175.11,209.66675,12485.13875,3321.778325,418.7884615,76.265
07??3ì£?(2019.07.18 ~ 2019.07.24),1305,25.82857143,23.07142857,29.32857143,14.18571429,1183.24,209.66675,12485.13875,3321.778325,418.7884615,76.265
07??4ì£?(2019.07.25 ~ 2019.07.31),1277,27.38571429,24.75714286,30.8,9.3,1204.51,209.66675,12485.13875,3321.778325,418.7884615,76.265
08??1ì£?(2019.08.01 ~ 2019.08.07),1273,28.21428571,24.11428571,33.48571429,4.414285714,1213.45,153.87375,9853.41045,3321.778325,418.7884615,63.144
08??2ì£?(2019.08.08 ~ 2019.08.14),1328,28.22857143,24.57142857,32.88571429,4.528571429,1207.47,153.87375,9853.41045,3321.778325,418.7884615,63.144
08??3ì£?(2019.08.16 ~ 2019.08.21),1313,25.84285714,22.11428571,30.48571429,4.142857143,1212.66,153.87375,9853.41045,3321.778325,418.7884615,63.144
08??4ì£?(2019.08.22 ~ 2019.08.28),1277,23.9,20.3,28.45714286,6.3,1209.5,153.87375,9853.41045,3321.778325,418.7884615,63.144
08??5ì£?(2019.08.29 ~ 2019.09.04),1327,22.44285714,19.24285714,26.45714286,5.942857143,1191.77,153.87375,9853.41045,3321.778325,418.7884615,63.144
09??1ì£?(2019.09.05 ~ 2019.09.11),1327,24.85714286,22.1,28.74285714,9.814285714,1178.72,196.9255,12304.44835,3321.778325,418.7884615,58.637
09??2ì£?(2019.09.16 ~ 2019.09.18),1337,21.84285714,17.4,27.3,0.9,1193.13,196.9255,12304.44835,3321.778325,418.7884615,58.637
09??3ì£?(2019.09.19 ~ 2019.09.25),1268,18.3,14.31428571,23.05714286,15.08571429,1201.99,196.9255,12304.44835,3321.778325,418.7884615,58.637
09??4ì£?(2019.09.26 ~ 2019.10.02),1310,21.45714286,17.71428571,26.37142857,16.38571429,1191.25,196.9255,12304.44835,3321.778325,418.7884615,58.637
10??1ì£?(2019.10.04 ~ 2019.10.08),1257,17.5,13.38571429,22.5,5.442857143,1182.48,317.265,23189.9424,3321.778325,418.7884615,61.56
10??2ì£?(2019.10.10 ~ 2019.10.16),1307,15.17142857,9.757142857,21.58571429,0.514285714,1177.91,317.265,23189.9424,3321.778325,418.7884615,61.56
10??3ì£?(2019.10.17 ~ 2019.10.23),1299,15.12857143,10.28571429,21.34285714,0.642857143,1171.66,317.265,23189.9424,3321.778325,418.7884615,61.56
10??4ì£?(2019.10.24 ~ 2019.10.30),1309,13.08571429,7.914285714,19.08571429,0.428571429,1164.67,317.265,23189.9424,3321.778325,418.7884615,61.56
10??5ì£?(2019.10.31 ~ 2019.11.06),1331,12.54285714,6.885714286,19.72857143,0.271428571,1158.6,317.265,23189.9424,3321.778325,418.7884615,61.56
11??1ì£?(2019.11.07 ~ 2019.11.13),1355,9.228571429,3.642857143,15.91428571,1.685714286,1162.65,202.78625,13796.53658,3321.778325,418.7884615,62.596
11??2ì£?(2019.11.14 ~ 2019.11.20),1343,6.414285714,1.242857143,12.25714286,5.214285714,1179.33,202.78625,13796.53658,3321.778325,418.7884615,62.596
11??3ì£?(2019.11.21 ~ 2019.11.27),1362,7.957142857,2.614285714,14.32857143,0.7,1180.7,202.78625,13796.53658,3321.778325,418.7884615,62.596
11??4ì£?(2019.11.28 ~ 2019.12.04),1377,4,-0.385714286,9,2.285714286,1185.51,202.78625,13796.53658,3321.778325,418.7884615,62.596
12??1ì£?(2019.12.05 ~ 2019.12.11),1364,1.757142857,-3.585714286,7.971428571,0.114285714,1175.57,213.76,13537.6416,3321.778325,418.7884615,63.405
12??2ì£?(2019.12.12 ~ 2019.12.18),1448,4.271428571,-0.628571429,9.857142857,0.428571429,1158.99,213.76,13537.6416,3321.778325,418.7884615,63.405
12??3ì£?(2019.12.19 ~ 2019.12.24),1490,1.914285714,-2.557142857,7.528571429,0.142857143,1158.95,213.76,13537.6416,3321.778325,418.7884615,63.405
12??4ì£?(2019.12.26 ~ 2019.12.31),1486,0.728571429,-3.542857143,5.342857143,1.171428571,1164.95,213.76,13537.6416,3321.778325,418.7884615,63.405
01??1ì£?(2020.01.02 ~ 2020.01.08),1524,3.157142857,-1.114285714,8.571428571,8.057142857,1157.97,239.915,16081.8531,2433.8625,282.1730769,68.504
01??2ì£?(2020.01.09 ~ 2020.01.15),1614,0.514285714,-3.157142857,5.214285714,0,1160.44,239.915,16081.8531,2433.8625,282.1730769,68.504
01??3ì£?(2020.01.16 ~ 2020.01.22),1686,1.228571429,-3.185714286,6.528571429,0.757142857,1169.2,239.915,16081.8531,2433.8625,282.1730769,68.504
01??4ì£?(2020.01.23 ~ 2020.01.29),1671,5.342857143,1.742857143,9.7,2.985714286,1194.97,239.915,16081.8531,2433.8625,282.1730769,68.504
01??5ì£?(2020.01.30 ~ 2020.02.05),1727,1.342857143,-3.042857143,6.457142857,0.171428571,1191.39,239.915,16081.8531,2433.8625,282.1730769,68.504
02??1ì£?(2020.02.06 ~ 2020.02.12),1772,1.928571429,-3.642857143,7.642857143,1.928571429,1182.46,120.885,7986.27795,2433.8625,282.1730769,79.78
02??2ì£?(2020.02.13 ~ 2020.02.19),1750,3.485714286,-1.285714286,9.314285714,1.357142857,1206.91,120.885,7986.27795,2433.8625,282.1730769,79.78
02??3ì£?(2020.02.20 ~ 2020.02.26),1827,6,0.657142857,11.68571429,4.642857143,1200.2,120.885,7986.27795,2433.8625,282.1730769,79.78
02??4ì£?(2020.02.27 ~ 2020.03.04),2299,5.371428571,1.228571429,10.07142857,0.428571429,1188.7,120.885,7986.27795,2433.8625,282.1730769,79.78
03??1ì£?(2020.03.05 ~ 2020.03.11),2529,5.557142857,-0.014285714,11.52857143,2.057142857,1211.28,215.3775,15082.0975,2433.8625,282.1730769,85.65
03??2ì£?(2020.03.12 ~ 2020.03.18),2397,6.328571429,-0.242857143,12.9,0.114285714,1254.45,215.3775,15082.0975,2433.8625,282.1730769,85.65
03??3ì£?(2020.03.19 ~ 2020.03.25),2433,10.61428571,3.414285714,17.81428571,0.057142857,1212.23,215.3775,15082.0975,2433.8625,282.1730769,85.65
03??4ì£?(2020.03.26 ~ 2020.04.01),2411,10.08571429,4.185714286,16.2,2.014285714,1235.61,215.3775,15082.0975,2433.8625,282.1730769,85.65
04??1ì£?(2020.04.02 ~ 2020.04.08),2350,9.371428571,2.157142857,16.67142857,0.014285714,1211.05,200.723,14730.0125,2433.8625,282.1730769,113.13
04??2ì£?(2020.04.09 ~ 2020.04.14),2388,9.7,3.314285714,16.34285714,0.828571429,1216.13,200.723,14730.0125,2433.8625,282.1730769,113.13
04??3ì£?(2020.04.16 ~ 2020.04.22),2425,10.65714286,6.528571429,15.58571429,4.857142857,1230.53,200.723,14730.0125,2433.8625,282.1730769,113.13
04??4ì£?(2020.04.23 ~ 2020.04.29),2352,11.85714286,4.642857143,18.65714286,0.042857143,1224.89,200.723,14730.0125,2433.8625,282.1730769,113.13
05??1ì£?(2020.05.04 ~ 2020.05.06),2303,18.4,12.95714286,24.31428571,2.042857143,1219.65,199.4265,13405.65548,2433.8625,282.1730769,111.43
05??1ì£?(2020.05.07 ~ 2020.05.13),2248,16.54285714,11.11428571,21.98571429,5.385714286,1232.69,199.4265,13405.65548,2433.8625,282.1730769,111.43
05??2ì£?(2020.05.14 ~ 2020.05.20),2270,16.61428571,12.48571429,21.65714286,6.457142857,1240.59,199.4265,13405.65548,2433.8625,282.1730769,111.43
05??3ì£?(2020.05.21 ~ 2020.05.27),2202,17.57142857,12.72857143,23.2,0.642857143,1231.49,199.4265,13405.65548,2433.8625,282.1730769,111.43
05??4ì£?(2020.05.28 ~ 2020.06.03),2209,19.92857143,14,25.95714286,0.385714286,1202.02,199.4265,13405.65548,2433.8625,282.1730769,111.43
06??1ì£?(2020.06.04 ~ 2020.06.10),2174,23.58571429,17.95714286,30.17142857,1.928571429,1203.66,273.9825,20803.772,2433.8625,282.1730769,102.25
06??2ì£?(2020.06.11 ~ 2020.06.17),2118,23.31428571,19.04285714,28.41428571,8.428571429,1211.83,273.9825,20803.772,2433.8625,282.1730769,102.25
06??3ì£?(2020.06.18 ~ 2020.06.24),2083,22.47142857,18.18571429,27.51428571,5.5,1203.8,273.9825,20803.772,2433.8625,282.1730769,102.25
06??4ì£?(2020.06.25 ~ 2020.07.01),2052,21.95714286,18.74285714,26.15714286,10.47142857,1198.93,273.9825,20803.772,2433.8625,282.1730769,102.25
07??1ì£?(2020.07.02 ~ 2020.07.08),1965,22.4,18.65714286,26.97142857,1.514285714,1200.42,229.8225,15359.4298,2433.8625,282.1730769,95.4
07??2ì£?(2020.07.09 ~ 2020.07.15),1984,21.52857143,19.11428571,24.72857143,23.2,1203.44,229.8225,15359.4298,2433.8625,282.1730769,95.4
07??3ì£?(2020.07.16 ~ 2020.07.22),1997,23.31428571,19.85714286,27.5,7.142857143,1201.5,229.8225,15359.4298,2433.8625,282.1730769,95.4
07??4ì£?(2020.07.23 ~ 2020.07.29),1977,22.44285714,20.55714286,25.18571429,23.6,1193.59,229.8225,15359.4298,2433.8625,282.1730769,95.4
07??5ì£?(2020.07.30 ~ 2020.08.05),1990,25.84285714,23.2,29.47142857,18.5,1188.68,252.6775,16111.89288,2433.8625,282.1730769,95.4
08??1ì£?(2020.08.06 ~ 2020.08.12),2016,25.22857143,23.15714286,28.02857143,34.52857143,1186.94,252.6775,16111.89288,2433.8625,282.1730769,88.5
08??2ì£?(2020.08.13 ~ 2020.08.19),2079,27.62857143,24.01428571,32.27142857,1.6,1191.72,252.6775,16111.89288,2433.8625,282.1730769,88.5
08??3ì£?(2020.08.20 ~ 2020.08.26),2088,26.55714286,22.68571429,31.54285714,3.857142857,1180.48,252.6775,16111.89288,2433.8625,282.1730769,88.5
08??4ì£?(2020.08.27 ~ 2020.09.02),2020,26.08571429,23.52857143,29.92857143,14.18571429,1187.3,252.6775,16111.89288,2433.8625,282.1730769,88.5
09??1ì£?(2020.09.03 ~ 2020.09.09),2133,21.67142857,18.41428571,25.5,20.01428571,1187.89,290.175,21614.0175,2433.8625,282.1730769,91.3
09??2ì£?(2020.09.10 ~ 2020.09.16),2217,20.82857143,17.82857143,25.14285714,2.957142857,1164.81,290.175,21614.0175,2433.8625,282.1730769,91.3
09??3ì£?(2020.09.17 ~ 2020.09.23),2253,18.38571429,13.78571429,23.84285714,0.571428571,1174.32,290.175,21614.0175,2433.8625,282.1730769,91.3
09??4ì£?(2020.09.24 ~ 2020.09.29),2276,18.17142857,13.42857143,24.18571429,0.714285714,1166.26,290.175,21614.0175,2433.8625,282.1730769,91.3
10??1ì£?(2020.10.05 ~ 2020.10.07),2277,16.8,12.02857143,22.18571429,0.457142857,1143.52,240.8575,13824.30063,2433.8625,282.1730769,100.51
10??2ì£?(2020.10.08 ~ 2020.10.14),2331,15.21428571,10.35714286,21.14285714,0,1142.13,240.8575,13824.30063,2433.8625,282.1730769,100.51
10??3ì£?(2020.10.15 ~ 2020.10.21),2392,12.35714286,6.714285714,19.31428571,0.871428571,1127.95,240.8575,13824.30063,2433.8625,282.1730769,100.51
10??4ì£?(2020.10.22 ~ 2020.10.28),2398,11.6,6.1,18.27142857,0.171428571,1136.49,240.8575,13824.30063,2433.8625,282.1730769,100.51
10??5ì£?(2020.10.29 ~ 2020.11.04),2396,9.5,4.071428571,15.37142857,0.6,1121.4,240.8575,13824.30063,2433.8625,282.1730769,100.51
11??1ì£?(2020.11.05 ~ 2020.11.11),2336,9.257142857,3.314285714,15.74285714,0,1107.62,243.4325,15112.81453,2433.8625,282.1730769,107.03
11??2ì£?(2020.11.12 ~ 2020.11.18),2410,11.78571429,5.8,18.94285714,0.571428571,1114.95,243.4325,15112.81453,2433.8625,282.1730769,107.03
11??3ì£?(2020.11.19 ~ 2020.11.25),2409,7.542857143,2.914285714,12.41428571,4.642857143,1104.43,243.4325,15112.81453,2433.8625,282.1730769,107.03
11??4ì£?(2020.11.26 ~ 2020.12.02),2408,3.328571429,-0.714285714,8.371428571,0,1083.77,243.4325,15112.81453,2433.8625,282.1730769,107.03
12??1ì£?(2020.12.03 ~ 2020.12.09),2405,1.871428571,-3.142857143,7.785714286,0,1091.67,289.3775,17914.36425,2433.8625,282.1730769,111.13
12??2ì£?(2020.12.10 ~ 2020.12.16),2442,-0.185714286,-4.214285714,4.571428571,0.3,1099.39,289.3775,17914.36425,2433.8625,282.1730769,111.13
12??3ì£?(2020.12.17 ~ 2020.12.23),2432,-1.085714286,-6.4,4.714285714,0.028571429,1099.07,289.3775,17914.36425,2433.8625,282.1730769,111.13
12??4ì£?(2020.12.24 ~ 2020.12.30),2397,1.142857143,-3.185714286,7.042857143,0.742857143,1084.73,289.3775,17914.36425,2433.8625,282.1730769,111.13
12??5ì£?(2020.12.31 ~ 2021.01.06),2461,-3.657142857,-8.871428571,1.114285714,0.2,1092.93,289.3775,17914.36425,2433.8625,282.1730769,111.13
01??1ì£?(2021.01.07 ~ 2021.01.13),2540,-6.571428571,-12.14285714,-0.771428571,0.228571429,1103.27,253.461,20681.46675,32.849,355.0192308,113.89
01??2ì£?(2021.01.14 ~ 2021.01.20),2848,-0.5,-6.157142857,5.857142857,0.257142857,1105.41,253.461,20681.46675,32.849,355.0192308,113.89
01??3ì£?(2021.01.21 ~ 2021.01.27),3151,5.585714286,1.742857143,10.08571429,1.871428571,1117.64,253.461,20681.46675,32.849,355.0192308,113.89
01??4ì£?(2021.01.28 ~ 2021.02.03),3300,-0.2,-5.628571429,5.742857143,1.7,1116.77,253.461,20681.46675,32.849,355.0192308,113.89
02??1ì£?(2021.02.04 ~ 2021.02.10),3330,1.814285714,-3.685714286,7.5,0.114285714,1102.59,194.50625,11232.4232,32.849,355.0192308,126.5
02??3ì£?(2021.02.15 ~ 2021.02.17),3335,2.857142857,-2.457142857,9.314285714,0.657142857,1104.27,194.50625,11232.4232,32.849,355.0192308,126.5
02??3ì£?(2021.02.18 ~ 2021.02.24),3385,4.971428571,-1.571428571,11.87142857,0.014285714,1123.89,194.50625,11232.4232,32.849,355.0192308,126.5
02??4ì£?(2021.02.25 ~ 2021.03.03),3465,5.485714286,0.457142857,10.51428571,8.157142857,1128,194.50625,11232.4232,32.849,355.0192308,126.5
03??1ì£?(2021.03.04 ~ 2021.03.10),3509,6.614285714,1.485714286,13.04285714,0.614285714,1136,327.3675,22265.40323,32.849,355.0192308,143.66
03??2ì£?(2021.03.11 ~ 2021.03.17),3561,9.1,2.928571429,15.4,2.257142857,1129.12,327.3675,22265.40323,32.849,355.0192308,143.66
03??3ì£?(2021.03.18 ~ 2021.03.24),3571,8.942857143,3.8,14.4,0.857142857,1128.52,327.3675,22265.40323,32.849,355.0192308,143.66
03??4ì£?(2021.03.25 ~ 2021.03.31),3520,12,5.757142857,18.67142857,4.528571429,1128.64,327.3675,22265.40323,32.849,355.0192308,143.66
04??1ì£?(2021.04.01 ~ 2021.04.07),3472,12.68571429,7.1,18.41428571,5.957142857,1120.98,293.768,17488.03973,32.849,355.0192308,154.04
04??2ì£?(2021.04.08 ~ 2021.04.14),3108,11.25714286,5.328571429,17.31428571,3.5,1116.5,293.768,17488.03973,32.849,355.0192308,154.04
04??3ì£?(2021.04.15 ~ 2021.04.21),2681,12.57142857,5.357142857,19.84285714,0.042857143,1114.72,293.768,17488.03973,32.849,355.0192308,154.04
04??4ì£?(2021.04.22 ~ 2021.04.28),2500,15.91428571,10.57142857,21.68571429,0.085714286,1117.16,293.768,17488.03973,32.849,355.0192308,154.04
04??5ì£?(2021.04.29 ~ 2021.05.04),2250,13.51428571,8.728571429,18.62857143,5.528571429,1111.23,293.768,17488.03973,32.849,355.0192308,154.04
05??1ì£?(2021.05.06 ~ 2021.05.12),2151,15.48571429,9.085714286,21.62857143,1.4,1125.79,222.21,14213.27758,32.849,355.0192308,129.01
05??2ì£?(2021.05.13 ~ 2021.05.18),2095,18.7,14.12857143,23.82857143,8.3,1127.63,222.21,14213.27758,32.849,355.0192308,129.01
05??3ì£?(2021.05.20 ~ 2021.05.26),2008,17.44285714,12.72857143,22.7,2.485714286,1113.08,222.21,14213.27758,32.849,355.0192308,129.01
05??4ì£?(2021.05.27 ~ 2021.06.02),1984,18.44285714,13.25714286,24.47142857,3.971428571,1110.52,222.21,14213.27758,32.849,355.0192308,129.01
06??1ì£?(2021.06.03 ~ 2021.06.09),1941,20.98571429,15.77142857,26.48571429,3.057142857,1116.4,252.5675,18936.57658,32.849,355.0192308,91.94
06??2ì£?(2021.06.10 ~ 2021.06.16),1914,22.18571429,18.78571429,26.5,6.085714286,1134.94,252.5675,18936.57658,32.849,355.0192308,91.94
06??3ì£?(2021.06.17 ~ 2021.06.23),1921,21.31428571,17.31428571,26.2,1.771428571,1127.12,252.5675,18936.57658,32.849,355.0192308,91.94
06??4ì£?(2021.06.24 ~ 2021.06.30),1962,22.58571429,18.75714286,27.62857143,2.171428571,1130.53,252.5675,18936.57658,32.849,355.0192308,91.94
07??1ì£?(2021.07.01 ~ 2021.07.07),1959,23.45714286,20.4,27.15714286,24.68571429,1143.73,244.222,18765.3066,32.849,355.0192308,82.15
07??2ì£?(2021.07.08 ~ 2021.07.14),1971,25.82857143,22.55714286,30.41428571,5.628571429,1141.51,244.222,18765.3066,32.849,355.0192308,82.15
07??3ì£?(2021.07.15 ~ 2021.07.21),1952,26.4,22.48571429,31.61428571,2.3,1151.52,244.222,18765.3066,32.849,355.0192308,82.15
07??4ì£?(2021.07.22 ~ 2021.07.28),1895,27.52857143,22.75714286,32.91428571,0.114285714,1151.41,244.222,18765.3066,32.849,355.0192308,82.15
07??5ì£?(2021.07.29 ~ 2021.08.04),1867,27.44285714,23.82857143,32.4,5.985714286,1144.93,244.222,18765.3066,32.849,355.0192308,82.15
08??1ì£?(2021.08.05 ~ 2021.08.11),1919,26.45714286,22.54285714,31.74285714,4.014285714,1161.37,275.145,21214.4048,32.849,355.0192308,82.41
08??2ì£?(2021.08.12 ~ 2021.08.18),1904,24.14285714,20.75714286,28.55714286,3.771428571,1175.15,275.145,21214.4048,32.849,355.0192308,82.41
08??3ì£?(2021.08.19 ~ 2021.08.25),2005,23.67142857,20.91428571,27.14285714,22.25714286,1161.23,275.145,21214.4048,32.849,355.0192308,82.41
08??4ì£?(2021.08.26 ~ 2021.09.01),2034,23.25714286,20.28571429,27.31428571,11.48571429,1154.28,275.145,21214.4048,32.849,355.0192308,82.41
09??1ì£?(2021.09.02 ~ 2021.09.08),2044,21.38571429,18.25714286,25.25714286,3.685714286,1170.23,309.12,25763.8388,32.849,355.0192308,82.47
09??2ì£?(2021.09.09 ~ 2021.09.15),2045,22.21428571,18.21428571,27.3,0.542857143,1180.69,309.12,25763.8388,32.849,355.0192308,82.47
09??3ì£?(2021.09.16 ~ 2021.09.17),2065,21.31428571,17.21428571,26.01428571,6.871428571,1179.68,309.12,25763.8388,32.849,355.0192308,82.47
09??4ì£?(2021.09.23 ~ 2021.09.29),2070,20.37142857,16.77142857,24.84285714,3.614285714,1180.35,309.12,25763.8388,32.849,355.0192308,82.47
09??5ì£?(2021.09.30 ~ 2021.10.06),2085,21.1,16.5,27.07142857,1.985714286,1196.79,309.12,25763.8388,32.849,355.0192308,82.47
10??1ì£?(2021.10.07 ~ 2021.10.13),2058,19.3,16.4,23.32857143,4.014285714,1182.07,272.4885,19161.70165,32.849,355.0192308,87.8
10??2ì£?(2021.10.14 ~ 2021.10.20),2120,12.1,7.1,17.94285714,2.171428571,1177.48,272.4885,19161.70165,32.849,355.0192308,87.8
10??3ì£?(2021.10.21 ~ 2021.10.27),2134,10.62857143,4.914285714,18.18571429,0.128571429,1174.47,272.4885,19161.70165,32.849,355.0192308,87.8
10??4ì£?(2021.10.28 ~ 2021.11.03),2121,11.78571429,6.4,18.72857143,0.085714286,1181.05,272.4885,19161.70165,32.849,355.0192308,87.8
11??1ì£?(2021.11.04 ~ 2021.11.10),2096,10.54285714,5.771428571,16.47142857,4.1,1179.2,305.96,22666.36873,32.849,355.0192308,87.06
11??2ì£?(2021.11.11 ~ 2021.11.17),2090,7.585714286,2.542857143,13.91428571,0.257142857,1187.1,305.96,22666.36873,32.849,355.0192308,87.06
11??3ì£?(2021.11.18 ~ 2021.11.24),2140,7.842857143,3.1,13.5,0.614285714,1194.43,305.96,22666.36873,32.849,355.0192308,87.06
11??4ì£?(2021.11.25 ~ 2021.12.01),2141,4.871428571,-0.3,11.05714286,3.328571429,1180,305.96,22666.36873,32.849,355.0192308,87.06
12??1ì£?(2021.12.02 ~ 2021.12.08),2149,3.785714286,-1.428571429,10.22857143,0.171428571,1180.86,295.918,2445.5236,32.849,355.0192308,87.59
12??2ì£?(2021.12.09 ~ 2021.12.15),2146,4.528571429,-0.457142857,9.885714286,0.171428571,1187.7,295.918,2445.5236,32.849,355.0192308,87.59
12??3ì£?(2021.12.16 ~ 2021.12.22),2133,2.171428571,-3.128571429,8.2,0.285714286,1185.99,295.918,2445.5236,32.849,355.0192308,87.59
12??4ì£?(2021.12.23 ~ 2021.12.29),2129,-1.742857143,-6.728571429,3.728571429,0.285714286,1187.96,295.918,2445.5236,32.849,355.0192308,87.59
12??5ì£?(2021.12.30 ~ 2022.01.05),2126,-1.628571429,-6.557142857,3.757142857,0.1,1197.63,295.918,2445.5236,32.849,355.0192308,87.59
01??1ì£?(2022.01.06 ~ 2022.01.12),2113,-0.914285714,-6.314285714,5.228571429,0.042857143,1190.07,294.792,24882.0526,2497.5625,339.6346154,88.07
01??2ì£?(2022.01.13 ~ 2022.01.19),2062,-2.528571429,-7.7,2.957142857,0.114285714,1192.51,294.792,24882.0526,2497.5625,339.6346154,88.07
01??3ì£?(2022.01.20 ~ 2022.01.26),2089,1.271428571,-3.6,6.728571429,0.114285714,1209.56,294.792,24882.0526,2497.5625,339.6346154,88.07
01??4ì£?(2022.01.27 ~ 2022.01.28),1989,-0.571428571,-5.071428571,4.742857143,0.128571429,1198.25,294.792,24882.0526,2497.5625,339.6346154,88.07
02??1ì£?(2022.02.03 ~ 2022.02.09),1946,-1.757142857,-6.985714286,3.728571429,0.057142857,1199.48,173.55,13670.3181,2497.5625,339.6346154,86.61
02??2ì£?(2022.02.10 ~ 2022.02.16),2056,1.428571429,-3.528571429,7.514285714,0.171428571,1195.59,173.55,13670.3181,2497.5625,339.6346154,86.61
02??3ì£?(2022.02.17 ~ 2022.02.23),2009,-2.257142857,-7.314285714,3.185714286,0.028571429,1197.57,173.55,13670.3181,2497.5625,339.6346154,86.61
02??4ì£?(2022.02.24 ~ 2022.03.02),1990,3.771428571,-2.885714286,10.45714286,0.471428571,1217.45,173.55,13670.3181,2497.5625,339.6346154,86.61
03??1ì£?(2022.03.03 ~ 2022.03.08),1989,4.928571429,-1.757142857,12.14285714,0,1237.08,259.015,19984.93118,2497.5625,339.6346154,83.87
03??2ì£?(2022.03.10 ~ 2022.03.16),1928,10.61428571,4.428571429,16.97142857,3.257142857,1211.15,259.015,19984.93118,2497.5625,339.6346154,83.87
03??3ì£?(2022.03.17 ~ 2022.03.23),1826,5.914285714,2.271428571,10.12857143,3.314285714,1225.08,259.015,19984.93118,2497.5625,339.6346154,83.87
03??4ì£?(2022.03.24 ~ 2022.03.30),1877,9.771428571,3.142857143,16.25714286,5.742857143,1219.73,259.015,19984.93118,2497.5625,339.6346154,83.87
03??5ì£?(2022.03.31 ~ 2022.04.06),1852,9.471428571,2.757142857,16.28571429,0.157142857,1229.19,259.015,19984.93118,2497.5625,339.6346154,83.87
04??1ì£?(2022.04.07 ~ 2022.04.13),1829,15.54285714,8.757142857,22.57142857,1.557142857,1228.19,246.494,20603.8941,2497.5625,339.6346154,77.52
04??2ì£?(2022.04.14 ~ 2022.04.20),1876,12.85714286,6.357142857,19.82857143,0.242857143,1244.11,246.494,20603.8941,2497.5625,339.6346154,77.52
04??3ì£?(2022.04.21 ~ 2022.04.27),1981,16.87142857,11.24285714,23.01428571,4.7,1263.03,246.494,20603.8941,2497.5625,339.6346154,77.52
04??4ì£?(2022.04.28 ~ 2022.05.04),1938,13.37142857,7.314285714,19.61428571,2.014285714,1269.99,246.494,20603.8941,2497.5625,339.6346154,77.52
05??1ì£?(2022.05.06 ~ 2022.05.11),1964,16.9,10.62857143,23.42857143,0.185714286,1278.45,229.602,20757.0324,2497.5625,339.6346154,78.91
05??2ì£?(2022.05.12 ~ 2022.05.18),1897,17.05714286,10.65714286,23.4,0.128571429,1273.59,229.602,20757.0324,2497.5625,339.6346154,78.91
05??3ì£?(2022.05.19 ~ 2022.05.25),1855,20.62857143,14.18571429,27.44285714,0.2,1251.99,229.602,20757.0324,2497.5625,339.6346154,78.91
05??4ì£?(2022.05.26 ~ 2022.05.31),1820,20.58571429,14.21428571,27.07142857,0.271428571,1250.58,229.602,20757.0324,2497.5625,339.6346154,78.91
06??1ì£?(2022.06.02 ~ 2022.06.08),1924,19.5,15.05714286,24.71428571,4.842857143,1279.32,226.575,20563.97795,2497.5625,339.6346154,78.38
06??2ì£?(2022.06.09 ~ 2022.06.15),2147,19.88571429,15.78571429,24.78571429,2.671428571,1291.26,226.575,20563.97795,2497.5625,339.6346154,78.38
06??3ì£?(2022.06.16 ~ 2022.06.22),2257,24.05714286,19.4,29.47142857,0.385714286,1288.89,226.575,20563.97795,2497.5625,339.6346154,78.38
06??4ì£?(2022.06.23 ~ 2022.06.29),2430,25.72857143,22.87142857,29.08571429,13.4,1298.67,226.575,20563.97795,2497.5625,339.6346154,78.38
06??5ì£?(2022.06.30 ~ 2022.07.06),2442,26.88571429,22.9,31.91428571,6.257142857,1294.68,226.575,20563.97795,2497.5625,339.6346154,78.38
07??1ì£?(2022.07.07 ~ 2022.07.13),2524,26.05714286,23.2,29.88571429,8.557142857,1317.74,288.5525,25876.34543,2497.5625,339.6346154,88.37
07??2ì£?(2022.07.14 ~ 2022.07.20),2534,25.08571429,21.52857143,29.65714286,6.885714286,1310.01,288.5525,25876.34543,2497.5625,339.6346154,88.37
07??3ì£?(2022.07.21 ~ 2022.07.27),2548,24.88571429,21.7,29.07142857,5.557142857,1302.97,288.5525,25876.34543,2497.5625,339.6346154,88.37
07??4ì£?(2022.07.28 ~ 2022.08.03),2605,27.14285714,24.27142857,30.74285714,8.9,1302.24,288.5525,25876.34543,2497.5625,339.6346154,88.37
08??1ì£?(2022.08.04 ~ 2022.08.10),2578,27.78571429,24.97142857,31.44285714,13.88571429,1301.31,350.598,34478.3264,2497.5625,339.6346154,97.64
08??2ì£?(2022.08.11 ~ 2022.08.17),2419,26.14285714,23.41428571,29.74285714,13.6,1335.61,350.598,34478.3264,2497.5625,339.6346154,97.64
08??3ì£?(2022.08.18 ~ 2022.08.24),2509,24.9,21.21428571,29.02857143,5.314285714,1341.81,350.598,34478.3264,2497.5625,339.6346154,97.64
08??4ì£?(2022.08.25 ~ 2022.08.31),2564,21.31428571,17.64285714,25.45714286,6.228571429,1361.15,350.598,34478.3264,2497.5625,339.6346154,97.64
09??1ì£?(2022.09.01 ~ 2022.09.07),2600,21.92857143,18.31428571,26.25714286,19.81428571,1379.77,347.468,36268.6296,2497.5625,339.6346154,100.94
09??2ì£?(2022.09.08 ~ 2022.09.14),2611,22.01428571,17.92857143,26.98571429,0.185714286,1384.77,347.468,36268.6296,2497.5625,339.6346154,100.94
09??3ì£?(2022.09.15 ~ 2022.09.21),2617,22.61428571,18.42857143,27.54285714,1.485714286,1421.34,347.468,36268.6296,2497.5625,339.6346154,100.94
09??4ì£?(2022.09.22 ~ 2022.09.28),2634,17.92857143,12.85714286,24.34285714,0.057142857,1439.96,347.468,36268.6296,2497.5625,339.6346154,100.94
09??5ì£?(2022.09.29 ~ 2022.10.05),2635,19.21428571,14.37142857,25.37142857,7.957142857,1424.94,347.468,36268.6296,2497.5625,339.6346154,100.94
10??1ì£?(2022.10.06 ~ 2022.10.12),2648,13.52857143,9.7,18.35714286,2.428571429,1440.44,272.0975,27229.90698,2497.5625,339.6346154,105.89
10??2ì£?(2022.10.13 ~ 2022.10.19),2651,13.58571429,8.114285714,20.12857143,0,1428.32,272.0975,27229.90698,2497.5625,339.6346154,105.89
10??3ì£?(2022.10.20 ~ 2022.10.26),2700,11.81428571,5.8,18.72857143,0.428571429,1421.66,272.0975,27229.90698,2497.5625,339.6346154,105.89
10??4ì£?(2022.10.27 ~ 2022.11.02),2758,12.3,6.814285714,19.62857143,0.271428571,1403.29,272.0975,27229.90698,2497.5625,339.6346154,105.89
11??1ì£?(2022.11.03 ~ 2022.11.09),2748,8.671428571,2.4,16.17142857,0,1313.69,325.4825,31887.1487,2497.5625,339.6346154,108.92
11??2ì£?(2022.11.10 ~ 2022.11.16),2785,11.44285714,6.271428571,17.82857143,3.542857143,1339.71,325.4825,31887.1487,2497.5625,339.6346154,108.92
11??3ì£?(2022.11.17 ~ 2022.11.23),2818,10.27142857,4.942857143,17.05714286,1.385714286,1334.48,325.4825,31887.1487,2497.5625,339.6346154,108.92
11??4ì£?(2022.11.24 ~ 2022.11.30),2834,7.514285714,1.542857143,14.02857143,3.871428571,1297.89,325.4825,31887.1487,2497.5625,339.6346154,108.92
12??1ì£?(2022.12.01 ~ 2022.12.07),2777,0.571428571,-3.8,5.414285714,0.085714286,1303.87,253.635,21969.0468,2497.5625,339.6346154,111.34
12??2ì£?(2022.12.08 ~ 2022.12.14),2839,1.728571429,-2.957142857,7.214285714,0.442857143,1309.47,253.635,21969.0468,2497.5625,339.6346154,111.34
12??3ì£?(2022.12.15 ~ 2022.12.21),2859,-3.342857143,-8.085714286,1.442857143,1.142857143,1279.55,253.635,21969.0468,2497.5625,339.6346154,111.34
12??4ì£?(2022.12.22 ~ 2022.12.28),2923,-4.342857143,-8.928571429,1.271428571,0.514285714,1260.92,253.635,21969.0468,2497.5625,339.6346154,111.34
12??5ì£?(2022.12.29 ~ 2023.01.04),2934,-1.6,-6.514285714,4.1,0,1253.5,253.635,21969.0468,2497.5625,339.6346154,111.34
01??1ì£?(2023.01.05 ~ 2023.01.11),2852,1.442857143,-4.185714286,8.257142857,0.328571429,1237.26,318.595,29138.55548,24434.33333,332.3461538,114.69
01??2ì£?(2023.01.12 ~ 2023.01.18),2765,2.557142857,-1.571428571,7,5.271428571,1228.86,318.595,29138.55548,24434.33333,332.3461538,114.69
01??3ì£?(2023.01.19 ~ 2023.01.25),2750,-3.442857143,-8.657142857,2.657142857,0.071428571,1229.62,318.595,29138.55548,24434.33333,332.3461538,114.69
01??4ì£?(2023.01.26 ~ 2023.02.01),2724,-1.771428571,-7.671428571,3.657142857,0.1,1247.46,318.595,29138.55548,24434.33333,332.3461538,114.69
02??1ì£?(2023.02.02 ~ 2023.02.08),2563,0.828571429,-4.757142857,7.8,0,1267.45,264.94925,23647.4634,24434.33333,332.3461538,114.59
02??2ì£?(2023.02.09 ~ 2023.02.15),2535,3.128571429,-1.3,7.971428571,1.814285714,1295.87,264.94925,23647.4634,24434.33333,332.3461538,114.59
02??3ì£?(2023.02.16 ~ 2023.02.22),2541,2.542857143,-2.485714286,7.671428571,0.228571429,1314.45,264.94925,23647.4634,24434.33333,332.3461538,114.59
02??4ì£?(2023.02.23 ~ 2023.02.28),2555,4.042857143,-1.957142857,10.94285714,0.128571429,1295.73,264.94925,23647.4634,24434.33333,332.3461538,114.59
03??1ì£?(2023.03.02 ~ 2023.03.08),2668,7.371428571,0.157142857,15.1,0.028571429,1320.24,253.41,22847.5558,24434.33333,332.3461538,111.6
03??2ì£?(2023.03.09 ~ 2023.03.15),2788,9.7,2.528571429,17.4,1.2,1308.37,253.41,22847.5558,24434.33333,332.3461538,111.6
03??3ì£?(2023.03.16 ~ 2023.03.22),2973,9.685714286,2.971428571,16.81428571,0.2,1294.66,253.41,22847.5558,24434.33333,332.3461538,111.6
03??4ì£?(2023.03.23 ~ 2023.03.29),2910,9.971428571,4.557142857,15.84285714,2.671428571,1306.11,253.41,22847.5558,24434.33333,332.3461538,111.6
03??5ì£?(2023.03.30 ~ 2023.04.05),2888,13.94285714,6.514285714,21.27142857,5.442857143,1316.3,253.41,22847.5558,24434.33333,332.3461538,111.6
04??1ì£?(2023.04.06 ~ 2023.04.12),2850,11.08571429,4.828571429,17.31428571,0.871428571,1304,269.157,24081.255,24434.33333,332.3461538,122.75
04??2ì£?(2023.04.13 ~ 2023.04.19),2815,13.27142857,7.5,19.3,1.228571429,1329.36,269.157,24081.255,24434.33333,332.3461538,122.75
04??3ì£?(2023.04.20 ~ 2023.04.26),2419,13.57142857,8.928571429,18.58571429,0.6,1337.78,269.157,24081.255,24434.33333,332.3461538,122.75
04??4ì£?(2023.04.27 ~ 2023.05.03),2153,14.72857143,7.314285714,21.52857143,1.357142857,1317.47,269.157,24081.255,24434.33333,332.3461538,122.75
05??1ì£?(2023.05.04 ~ 2023.05.10),2246,15.42857143,9.985714286,20.94285714,15.54285714,1342.41,230.205,20544.658,24434.33333,332.3461538,118.82
05??2ì£?(2023.05.11 ~ 2023.05.17),2245,18.65714286,11.64285714,25.75714286,0.228571429,1325.2,230.205,20544.658,24434.33333,332.3461538,118.82
05??3ì£?(2023.05.18 ~ 2023.05.24),2217,18.22857143,13.24285714,23.77142857,1.514285714,1322.66,230.205,20544.658,24434.33333,332.3461538,118.82
05??4ì£?(2023.05.25 ~ 2023.05.31),2281,20.22857143,16.51428571,24.35714286,10.27142857,1305.92,230.205,20544.658,24434.33333,332.3461538,118.82
06??1ì£?(2023.06.01 ~ 2023.06.07),2024,20.9,15.82857143,26.38571429,0.728571429,1287.32,262.738,22633.7914,24434.33333,332.3461538,104.25
06??2ì£?(2023.06.08 ~ 2023.06.14),2179,21.52857143,17.3,27.4,2.757142857,1276.15,262.738,22633.7914,24434.33333,332.3461538,104.25
06??3ì£?(2023.06.15 ~ 2023.06.21),2147,22.82857143,17.9,28.4,3.071428571,1308.41,262.738,22633.7914,24434.33333,332.3461538,104.25
06??4ì£?(2023.06.22 ~ 2023.06.28),2142,23.58571429,19.55714286,28.14285714,14.65714286,1315.11,262.738,22633.7914,24434.33333,332.3461538,104.25
06??5ì£?(2023.06.29 ~ 2023.07.05),2107,24.78571429,21.94285714,28.68571429,16.97142857,1297.9,262.738,22633.7914,24434.33333,332.3461538,104.25
07??1ì£?(2023.07.06 ~ 2023.07.12),2104,24.67142857,21.35714286,28.82857143,13.72857143,1268.31,294.273,26731.47115,24434.33333,332.3461538,106.21
07??2ì£?(2023.07.13 ~ 2023.07.19),2154,24.64285714,22.55714286,27.44285714,39.55714286,1286.19,294.273,26731.47115,24434.33333,332.3461538,106.21
07??3ì£?(2023.07.20 ~ 2023.07.26),2117,25.74285714,22.75714286,30,9.928571429,1272.83,294.273,26731.47115,24434.33333,332.3461538,106.21
07??4ì£?(2023.07.27 ~ 2023.08.02),2082,27.87142857,23.58571429,33.2,0.971428571,1304.08,294.273,26731.47115,24434.33333,332.3461538,106.21
08??1ì£?(2023.08.03 ~ 2023.08.09),2095,28.24285714,24.28571429,33.17142857,4.657142857,1330.3,257.262,23355.7508,24434.33333,332.3461538,104.71
08??2ì£?(2023.08.10 ~ 2023.08.16),2108,25.58571429,22.34285714,29.84285714,16.01428571,1339.17,257.262,23355.7508,24434.33333,332.3461538,104.71
08??3ì£?(2023.08.17 ~ 2023.08.23),2086,26.82857143,23.57142857,31.51428571,6.742857143,1323.53,257.262,23355.7508,24434.33333,332.3461538,104.71
08??4ì£?(2023.08.24 ~ 2023.08.30),2067,24.75714286,21.74285714,28.51428571,14.31428571,1317.55,257.262,23355.7508,24434.33333,332.3461538,104.71
08??5ì£?(2023.08.31 ~ 2023.09.06),2047,24.57142857,20.81428571,29.58571429,2.685714286,1334.96,257.262,23355.7508,24434.33333,332.3461538,104.71
09??1ì£?(2023.09.07 ~ 2023.09.13),2062,23.3,18.82857143,28.74285714,3.157142857,1328.46,313.815,28657.92473,24434.33333,332.3461538,104.73
09??2ì£?(2023.09.14 ~ 2023.09.20),2069,22.98571429,20.6,26.44285714,18.82857143,1334.03,313.815,28657.92473,24434.33333,332.3461538,104.73
09??3ì£?(2023.09.21 ~ 2023.09.27),2075,20.38571429,17.08571429,24.57142857,3.914285714,1352.31,313.815,28657.92473,24434.33333,332.3461538,104.73
10??1ì£?(2023.10.04 ~ 2023.10.04),2367,18.35714286,13.85714286,24.01428571,0.871428571,1344.61,334.9775,30224.94353,24434.33333,332.3461538,104.78
10??1ì£?(2023.10.05 ~ 2023.10.11),2277,15.84285714,11.37142857,21.34285714,0.271428571,1352.21,334.9775,30224.94353,24434.33333,332.3461538,104.78
10??2ì£?(2023.10.12 ~ 2023.10.18),2236,14.91428571,9.485714286,21.71428571,0.3,1349.08,334.9775,30224.94353,24434.33333,332.3461538,104.78
10??3ì£?(2023.10.19 ~ 2023.10.25),2293,13.1,7.657142857,19.51428571,1.071428571,1354.91,334.9775,30224.94353,24434.33333,332.3461538,104.78
10??4ì£?(2023.10.26 ~ 2023.11.01),2376,14.1,8.585714286,21.01428571,0.471428571,1308.23,334.9775,30224.94353,24434.33333,332.3461538,104.78
11??1ì£?(2023.11.02 ~ 2023.11.08),2046,15.12857143,10.14285714,20.87142857,5.7,1316.51,271.15,24090.4284,24434.33333,332.3461538,105.79
11??2ì£?(2023.11.09 ~ 2023.11.15),2093,6.157142857,0.842857143,12.07142857,1.114285714,1294.35,271.15,24090.4284,24434.33333,332.3461538,105.79
11??3ì£?(2023.11.16 ~ 2023.11.22),2122,5.971428571,0.4,12.01428571,1.871428571,1302.97,271.15,24090.4284,24434.33333,332.3461538,105.79
11??4ì£?(2023.11.23 ~ 2023.11.29),2174,4.528571429,-0.028571429,9.314285714,0.371428571,1293.4,271.15,24090.4284,24434.33333,332.3461538,105.79
11??5ì£?(2023.11.30 ~ 2023.12.06),2333,2.385714286,-2.928571429,8.242857143,0.371428571,1316.41,271.15,24090.4284,24434.33333,332.3461538,105.79
12??1ì£?(2023.12.07 ~ 2023.12.13),2476,9.471428571,4.671428571,14.32857143,4.942857143,1300.4,312.32,26808.2514,24434.33333,332.3461538,106.14
12??2ì£?(2023.12.14 ~ 2023.12.20),2306,0.028571429,-3.628571429,3.8,8.285714286,1297.25,312.32,26808.2514,24434.33333,332.3461538,106.14
12??3ì£?(2023.12.21 ~ 2023.12.27),2370,-2.942857143,-7,2.114285714,0.228571429,1294.4,312.32,26808.2514,24434.33333,332.3461538,106.14
12??4ì£?(2023.12.28 ~ 2024.01.03),2364,2.814285714,-0.914285714,7.214285714,1.028571429,1314.16,312.32,26808.2514,24434.33333,332.3461538,106.14
01??1ì£?(2024.01.04 ~ 2024.01.10),2270,0.7,-3.871428571,5.4,0.385714286,1313.22,333.5105,28816.43515,7038.905139,379.823018,104.35
01??2ì£?(2024.01.11 ~ 2024.01.17),2266,1.3,-3.928571429,6.685714286,0.885714286,1333.66,333.5105,28816.43515,7038.905139,379.823018,104.35
01??3ì£?(2024.01.18 ~ 2024.01.24),2422,0.171428571,-2.414285714,3.514285714,3.028571429,1336.75,333.5105,28816.43515,7038.905139,379.823018,104.35
01??4ì£?(2024.01.25 ~ 2024.01.31),2423,0.142857143,-5.142857143,6.457142857,0.085714286,1337.76,333.5105,28816.43515,7038.905139,379.823018,104.35
02??1ì£?(2024.02.01 ~ 2024.02.07),2119,3.357142857,0.457142857,6.828571429,2.757142857,1330.07,179.251,15775.4458,7038.905139,379.823018,103.67
02??2ì£?(2024.02.08 ~ 2024.02.14),2052,3.9,-1.8,10.31428571,0.314285714,1331.29,179.251,15775.4458,7038.905139,379.823018,103.67
02??3ì£?(2024.02.15 ~ 2024.02.21),2235,5.928571429,1.314285714,11.14285714,9.842857143,1329.95,179.251,15775.4458,7038.905139,379.823018,103.67
02??4ì£?(2024.02.22 ~ 2024.02.28),2382,3.2,0,7,1.471428571,1330.52,179.251,15775.4458,7038.905139,379.823018,103.67
02??5ì£?(2024.02.29 ~ 2024.03.06),2372,3.642857143,-0.757142857,8.057142857,1.128571429,1316,179.251,15775.4458,7038.905139,379.823018,103.67
03??1ì£?(2024.03.07 ~ 2024.03.13),2404,4.285714286,-1.171428571,10.14285714,0.214285714,1330.63,272.4379,26211.42998,7038.905139,379.823018,103.76
03??2ì£?(2024.03.14 ~ 2024.03.20),2505,8.214285714,1.828571429,14.82857143,0.257142857,1343.43,272.4379,26211.42998,7038.905139,379.823018,103.76
03??3ì£?(2024.03.21 ~ 2024.03.27),2695,9.3,4.071428571,14.72857143,4.628571429,1345.09,272.4379,26211.42998,7038.905139,379.823018,103.76
03??4ì£?(2024.03.28 ~ 2024.04.03),2753,11.27142857,5.457142857,17.11428571,7.342857143,1350.91,272.4379,26211.42998,7038.905139,379.823018,103.76
04??1ì£?(2024.04.04 ~ 2024.04.09),2806,13.27142857,7.542857143,19.5,0.071428571,1379.69,357.1972,34269.45098,7038.905139,379.823018,109.82
04??2ì£?(2024.04.11 ~ 2024.04.17),2683,15.87142857,9.714285714,22.68571429,2.628571429,1374.3,357.1972,34269.45098,7038.905139,379.823018,109.82
04??3ì£?(2024.04.18 ~ 2024.04.24),2335,15.11428571,10.72857143,19.98571429,2.885714286,1376.43,357.1972,34269.45098,7038.905139,379.823018,109.82
04??4ì£?(2024.04.25 ~ 2024.04.30),2830,16.31428571,10.81428571,22.91428571,2.085714286,1354.63,357.1972,34269.45098,7038.905139,379.823018,109.82
05??1ì£?(2024.05.02 ~ 2024.05.08),2230,15.98571429,10.75714286,21.47142857,9.885714286,1369.65,288.94328,26794.68644,7038.905139,379.823018,123.98
05??2ì£?(2024.05.09 ~ 2024.05.14),2214,16.75714286,9.871428571,23.85714286,4.285714286,1351.76,288.94328,26794.68644,7038.905139,379.823018,123.98
05??3ì£?(2024.05.16 ~ 2024.05.22),2127,18.44285714,11.85714286,25.41428571,0.514285714,1365.93,288.94328,26794.68644,7038.905139,379.823018,123.98
05??4ì£?(2024.05.23 ~ 2024.05.29),2077,19.42857143,13.91428571,25.32857143,1.857142857,1381.68,288.94328,26794.68644,7038.905139,379.823018,123.98
05??5ì£?(2024.05.30 ~ 2024.06.05),2077,19.58571429,14.07142857,25.67142857,0.185714286,1378.8,288.94328,26794.68644,7038.905139,379.823018,123.98
06??1ì£?(2024.06.07 ~ 2024.06.12),2341,22.24285714,17.02857143,28.15714286,2.057142857,1381.84,265.2,22485.80061,7038.905139,379.823018,113.14
06??2ì£?(2024.06.13 ~ 2024.06.19),2248,24.34285714,18.05714286,31.1,0.6,1387.01,265.2,22485.80061,7038.905139,379.823018,113.14
06??3ì£?(2024.06.20 ~ 2024.06.26),2118,23.51428571,19.4,28.2,5.571428571,1380.73,265.2,22485.80061,7038.905139,379.823018,113.14
06??4ì£?(2024.06.27 ~ 2024.07.03),2042,24.07142857,20.35714286,28.31428571,17.65714286,1376.57,265.2,22485.80061,7038.905139,379.823018,113.14
07??1ì£?(2024.07.04 ~ 2024.07.10),2071,25.38571429,22.62857143,28.68571429,20.14285714,1373.67,294.4654,24626.0158,7038.905139,379.823018,101.46
07??2ì£?(2024.07.11 ~ 2024.07.17),2052,24.81428571,21.92857143,28.71428571,10.65714286,1388.79,294.4654,24626.0158,7038.905139,379.823018,101.46
07??3ì£?(2024.07.18 ~ 2024.07.24),1944,26.88571429,24.1,30.34285714,13.12857143,1383.72,294.4654,24626.0158,7038.905139,379.823018,101.46
07??4ì£?(2024.07.25 ~ 2024.07.31),1874,28.4,25.2,32.6,2.871428571,1356.63,294.4654,24626.0158,7038.905139,379.823018,101.46
08??1ì£?(2024.08.01 ~ 2024.08.07),1899,28.84285714,25.15714286,33.9,2.9,1364.19,226.6742018,15232.20518,7038.905139,379.823018,93.83
08??2ì£?(2024.08.08 ~ 2024.08.14),1985,28.14285714,24,33.44285714,0.928571429,1349.11,226.6742018,15232.20518,7038.905139,379.823018,91.02891501
08??3ì£?(2024.08.16 ~ 2024.08.21),1977,28.04285714,24.34285714,33.04285714,5.971428571,1323.43,226.6742018,15232.20518,7038.905139,379.823018,91.02891501
08??4ì£?(2024.08.22 ~ 2024.08.28),1920,27.2,23.7,31.8,2.171428571,1336.56,226.6742018,15232.20518,7038.905139,379.823018,91.02891501
08??5ì£?(2024.08.29 ~ 2024.09.04),1949,25.82,21.38571429,31.11428571,0.814285714,1337.26,226.6742018,15232.20518,7038.905139,379.823018,91.02891501
