week,소매가,평균기온,최저기온,최고기온,강수량,환율,수출량,수출가,생산량,재배면적,물가지수
01월 1주 (2014.01.02 ~ 2014.01.08),14347.0,1.657142857,-3.242857143,7.628571429,0.442857143,1061.77,9045.75,66801060.0,5645479.168,752.5,80.748
01월 2주 (2014.01.09 ~ 2014.01.15),14244.0,-2.7,-7.728571429,2.9,0.0,1061.8,9046.0,66801060.0,5645479.168,752.5,80.748
01월 3주 (2014.01.16 ~ 2014.01.22),14467.0,-1.128571429,-5.742857143,4.057142857,0.414285714,1080.35,9046.0,66801060.0,5645479.168,752.5,80.748
01월 4주 (2014.01.23 ~ 2014.01.29),16148.0,-1.0,-4.314285714,9.1,0.414285714,1081.31,9045.75,66801060.0,5645479.168,752.5,80.748
02월 1주 (2014.02.03 ~ 2014.02.05),16144.0,2.671428571,-2.285714286,8.085714286,1.071428571,1075.0,7538.0,58088630.25,5645479.168,752.5,82.358
02월 1주 (2014.02.06 ~ 2014.02.12),15570.0,0.828571429,-2.514285714,4.9,1.814285714,1063.5,7538.0,58088630.25,5645479.168,752.5,82.358
02월 2주 (2014.02.13 ~ 2014.02.19),13635.0,2.285714286,-2.157142857,7.371428571,0.771428571,1073.0,7538.0,58088630.25,5645479.168,752.5,82.358
02월 3주 (2014.02.20 ~ 2014.02.26),12578.0,3.328571429,-2.657142857,10.3,0.585714286,1066.46,7538.0,58088630.0,5645479.168,752.5,82.358
02월 4주 (2014.02.27 ~ 2014.03.05),12601.0,5.685714286,0.957142857,11.22857143,0.557142857,1065.15,7538.0,58088630.25,5645479.168,752.5,83.296
03월 1주 (2014.03.06 ~ 2014.03.12),13852.0,2.914285714,-2.871428571,8.557142857,3.471428571,1071.23,8387.75,61509939.75,5645479.168,752.5,83.296
03월 2주 (2014.03.13 ~ 2014.03.19),15133.0,8.428571429,2.9,14.15714286,1.571428571,1080.0,8387.75,61509939.75,5645479.168,752.5,83.296
03월 3주 (2014.03.20 ~ 2014.03.26),18095.0,9.771428571,3.971428571,15.74285714,2.985714286,1070.0,8387.75,61509939.75,5645479.168,752.5,83.296
03월 4주 (2014.03.27 ~ 2014.04.02),21361.0,13.54285714,7.285714286,20.58571429,2.071428571,1054.3,8387.75,61509939.75,5645479.168,752.5,83.296
04월 1주 (2014.04.03 ~ 2014.04.09),27326.0,9.8,3.457142857,16.71428571,0.9,1035.65,9081.25,68588575.0,5645479.168,752.5,83.205
04월 2주 (2014.04.10 ~ 2014.04.16),32122.0,14.0,8.028571429,20.71428571,0.371428571,1038.0,9081.25,68588575.0,5645479.168,752.5,83.205
04월 3주 (2014.04.17 ~ 2014.04.23),35414.0,14.04285714,8.442857143,20.45714286,1.885714286,1041.2,9081.25,68588575.0,5645479.168,752.5,83.205
04월 4주 (2014.04.24 ~ 2014.04.30),29701.0,15.52857143,10.8,20.74285714,9.085714286,1030.12,9081.25,68588575.0,5645479.168,752.5,83.205
05월 1주 (2014.05.02 ~ 2014.05.07),20173.0,14.42857143,7.828571429,21.41428571,0.257142857,1024.2,12682.5,66149143.75,5645479.168,752.5,83.054
05월 2주 (2014.05.08 ~ 2014.05.14),14531.0,17.41428571,11.4,23.61428571,5.485714286,1023.82,12682.5,66149143.75,5645479.168,752.5,83.054
05월 3주 (2014.05.15 ~ 2014.05.21),13658.0,18.72857143,12.74285714,25.25714286,0.642857143,1024.85,12682.5,66149143.75,5645479.168,752.5,83.054
05월 4주 (2014.05.22 ~ 2014.05.28),12642.0,20.72857143,15.12857143,26.94285714,1.6,1020.8,12682.5,66149143.75,5645479.168,752.5,83.054
05월 5주 (2014.05.29 ~ 2014.06.03),12288.0,22.24285714,16.97142857,28.04285714,4.114285714,1019.95,12683.0,66149144.0,5645479.168,752.5,82.729
06월 1주 (2014.06.05 ~ 2014.06.11),12417.0,20.85714286,17.41428571,25.54285714,1.685714286,1018.05,33115.0,98953561.5,5645479.168,752.5,82.729
06월 2주 (2014.06.12 ~ 2014.06.18),12394.0,21.74285714,17.21428571,27.22857143,1.485714286,1021.21,33115.0,98953562.0,5645479.168,752.5,82.729
06월 3주 (2014.06.19 ~ 2014.06.25),12736.0,21.95714286,18.31428571,26.68571429,3.542857143,1014.12,33115.0,98953561.5,5645479.168,752.5,82.729
06월 4주 (2014.06.26 ~ 2014.07.02),12733.0,23.78571429,19.37142857,29.28571429,1.671428571,1009.45,33115.0,98953561.5,5645479.168,752.5,82.729
07월 1주 (2014.07.03 ~ 2014.07.09),12057.0,23.41428571,20.37142857,27.3,6.828571429,1019.05,59044.5,170911455.0,5645479.168,752.5,81.671
07월 2주 (2014.07.10 ~ 2014.07.16),11152.0,25.32857143,21.5,30.21428571,1.9,1029.5,59044.5,170911455.0,5645479.168,752.5,81.671
07월 3주 (2014.07.17 ~ 2014.07.23),11255.0,25.82857143,22.51428571,30.21428571,6.914285714,1026.05,59044.5,170911455.0,5645479.168,752.5,81.671
07월 4주 (2014.07.24 ~ 2014.07.30),11234.0,25.6,21.38571429,30.6,4.071428571,1037.75,59044.5,170911455.0,5645479.168,752.5,81.671
07월 5주 (2014.07.31 ~ 2014.08.06),10910.0,26.48571429,23.61428571,30.41428571,15.02857143,1036.55,59044.5,170911455.0,5645479.168,752.5,81.754
08월 1주 (2014.08.07 ~ 2014.08.13),11058.0,23.68571429,20.41428571,27.94285714,6.842857143,1021.2,34568.25,125173768.8,5645479.168,752.5,81.754
08월 2주 (2014.08.14 ~ 2014.08.20),10200.0,22.75714286,20.47142857,26.02857143,17.71428571,1018.0,34568.25,125173768.8,5645479.168,752.5,81.754
08월 3주 (2014.08.21 ~ 2014.08.27),9257.0,23.87142857,20.94285714,27.94285714,13.11428571,1014.1,34568.25,125173768.8,5645479.168,752.5,81.754
08월 4주 (2014.08.28 ~ 2014.09.03),9786.0,21.74285714,17.88571429,26.51428571,6.3,1024.65,34568.25,125173768.8,5645479.168,752.5,81.754
09월 1주 (2014.09.04 ~ 2014.09.05),10220.0,22.54285714,17.85714286,28.74285714,0.142857143,1035.3,24279.75,107724855.5,5645479.168,752.5,82.994
09월 2주 (2014.09.11 ~ 2014.09.17),10758.0,21.1,16.67142857,26.62857143,0.428571429,1044.2,24279.75,107724855.5,5645479.168,752.5,82.994
09월 3주 (2014.09.18 ~ 2014.09.24),11014.0,19.45714286,14.38571429,25.47142857,10.0,1044.35,24280.0,107724856.0,5645479.168,752.5,82.994
09월 4주 (2014.09.25 ~ 2014.10.01),10659.0,19.71428571,16.0,24.7,0.985714286,1061.35,24280.0,107724856.0,5645479.168,752.5,82.994
10월 1주 (2014.10.02 ~ 2014.10.08),10491.0,16.31428571,11.05714286,22.51428571,0.4,1074.1,41848.5,176159280.0,5645479.168,752.5,83.953
10월 2주 (2014.10.10 ~ 2014.10.15),11219.0,16.1,10.38571429,22.5,2.128571429,1063.37,41848.5,176159280.0,5645479.168,752.5,83.953
10월 3주 (2014.10.16 ~ 2014.10.22),12225.0,14.1,8.871428571,20.02857143,10.72857143,1057.5,41848.5,176159280.0,5645479.168,752.5,83.953
10월 4주 (2014.10.23 ~ 2014.10.29),14988.0,12.87142857,7.0,20.6,0.014285714,1073.6,41848.5,176159280.0,5645479.168,752.5,83.953
10월 5주 (2014.10.30 ~ 2014.11.05),16549.0,11.62857143,6.871428571,17.07142857,3.928571429,1086.84,41848.5,176159280.0,5645479.168,752.5,80.982
11월 1주 (2014.11.06 ~ 2014.11.12),17104.0,10.11428571,4.885714286,16.2,0.8,1100.84,17642.25,80039298.75,5645479.168,752.5,80.982
11월 2주 (2014.11.13 ~ 2014.11.19),17970.0,5.514285714,0.628571429,11.52857143,0.142857143,1111.25,17642.25,80039298.75,5645479.168,752.5,80.982
11월 3주 (2014.11.20 ~ 2014.11.26),16576.0,8.828571429,4.285714286,14.34285714,4.414285714,1113.17,17642.25,80039298.75,5645479.168,752.5,80.982
11월 4주 (2014.11.27 ~ 2014.12.03),15801.0,5.571428571,1.371428571,10.11428571,2.885714286,1121.6,17642.25,80039298.75,5645479.168,752.5,80.982
12월 1주 (2014.12.04 ~ 2014.12.10),17072.0,-0.657142857,-4.7,3.971428571,0.771428571,1104.35,4052.25,39782088.0,5645479.168,752.5,80.219
12월 2주 (2014.12.11 ~ 2014.12.17),17560.0,-0.957142857,-4.957142857,2.957142857,1.571428571,1100.11,4052.25,39782088.0,5645479.168,752.5,80.219
12월 3주 (2014.12.18 ~ 2014.12.24),18056.0,-1.271428571,-6.385714286,3.928571429,0.571428571,1099.8,4052.25,39782088.0,5645479.168,752.5,80.219
12월 4주 (2014.12.26 ~ 2014.12.31),18522.0,0.385714286,-4.357142857,6.171428571,0.128571429,1106.92,4052.25,39782088.0,5645479.168,752.5,80.219
01월 1주 (2015.01.02 ~ 2015.01.07),20445.0,-0.857142857,-5.628571429,4.542857143,1.371428571,1085.82,3705.0,39091560.75,5693145.833,719.0416668,81.573
01월 2주 (2015.01.08 ~ 2015.01.14),23756.0,0.1,-4.8,5.642857143,0.071428571,1079.07,3705.0,39091561.0,5693145.833,719.0416668,81.573
01월 3주 (2015.01.15 ~ 2015.01.21),24074.0,1.385714286,-3.214285714,6.142857143,0.757142857,1077.51,3705.0,39091561.0,5693145.833,719.0416668,81.573
01월 4주 (2015.01.22 ~ 2015.01.28),25299.0,2.114285714,-1.771428571,6.7,1.142857143,1102.4,3705.0,39091560.75,5693145.833,719.0416668,81.573
01월 5주 (2015.01.29 ~ 2015.02.04),26561.0,-0.414285714,-5.157142857,5.242857143,0.228571429,1098.01,3705.0,39091560.75,5693145.833,719.0416668,83.728
02월 1주 (2015.02.05 ~ 2015.02.11),27426.0,0.385714286,-4.5,5.914285714,0.057142857,1097.88,6710.0,32220535.5,5693145.833,719.0416668,83.728
02월 2주 (2015.02.12 ~ 2015.02.17),27767.0,2.742857143,-1.214285714,6.885714286,2.028571429,1110.56,6710.0,32220535.5,5693145.833,719.0416668,83.728
02월 4주 (2015.02.23 ~ 2015.02.25),28526.0,4.428571429,-0.171428571,9.771428571,1.314285714,1101.28,6710.0,32220536.0,5693145.833,719.0416668,83.728
02월 4주 (2015.02.26 ~ 2015.03.04),25693.0,2.257142857,-1.9,6.942857143,0.785714286,1110.81,6710.0,32220535.5,5693145.833,719.0416668,83.728
03월 1주 (2015.03.05 ~ 2015.03.11),18755.0,2.8,-3.685714286,9.457142857,0.014285714,1138.12,5820.0,43353297.75,5693145.833,719.0416668,84.803
03월 2주 (2015.03.12 ~ 2015.03.18),17791.0,7.271428571,0.742857143,14.12857143,4.714285714,1113.51,5820.0,43353297.75,5693145.833,719.0416668,84.803
03월 3주 (2015.03.19 ~ 2015.03.25),17404.0,8.771428571,2.642857143,15.98571429,0.071428571,1103.73,5820.0,43353297.75,5693145.833,719.0416668,84.803
03월 4주 (2015.03.26 ~ 2015.04.01),18104.0,11.2,4.342857143,18.05714286,0.714285714,1086.48,5820.0,43353297.75,5693145.833,719.0416668,84.803
04월 1주 (2015.04.02 ~ 2015.04.08),19540.0,10.45714286,7.185714286,14.67142857,6.128571429,1093.96,5497.0,44008395.75,5693145.833,719.0416668,83.141
04월 2주 (2015.04.09 ~ 2015.04.15),20859.0,10.54285714,5.085714286,16.45714286,2.757142857,1083.79,5497.0,44008395.75,5693145.833,719.0416668,83.141
04월 3주 (2015.04.16 ~ 2015.04.22),24924.0,12.71428571,6.642857143,19.24285714,4.328571429,1076.39,5497.0,44008395.75,5693145.833,719.0416668,83.141
04월 4주 (2015.04.23 ~ 2015.04.29),25451.0,16.57142857,9.414285714,23.57142857,4.485714286,1081.35,5497.0,44008395.75,5693145.833,719.0416668,83.141
04월 5주 (2015.04.30 ~ 2015.05.06),22722.0,17.14285714,11.32857143,23.22857143,2.142857143,1087.99,5497.0,44008395.75,5693145.833,719.0416668,83.208
05월 1주 (2015.05.07 ~ 2015.05.13),18498.0,17.11428571,11.14285714,23.21428571,4.714285714,1083.72,6431.75,42540817.5,5693145.833,719.0416668,83.208
05월 2주 (2015.05.14 ~ 2015.05.20),14257.0,18.1,12.47142857,24.18571429,0.857142857,1096.68,6431.75,42540817.5,5693145.833,719.0416668,83.208
05월 3주 (2015.05.21 ~ 2015.05.27),12013.0,20.47142857,12.68571429,28.42857143,0.0,1113.01,6431.75,42540817.5,5693145.833,719.0416668,83.208
05월 4주 (2015.05.28 ~ 2015.06.03),11597.0,21.27142857,15.45714286,27.62857143,0.442857143,1124.54,6432.0,42540818.0,5693145.833,719.0416668,83.208
06월 1주 (2015.06.04 ~ 2015.06.10),13757.0,20.58571429,14.58571429,26.85714286,0.642857143,1112.17,24454.0,62848572.0,5693145.833,719.0416668,84.988
06월 2주 (2015.06.11 ~ 2015.06.17),13949.0,22.34285714,18.21428571,27.67142857,1.742857143,1103.2,24454.0,62848572.0,5693145.833,719.0416668,84.988
06월 3주 (2015.06.18 ~ 2015.06.24),12951.0,21.91428571,17.94285714,26.98571429,2.714285714,1122.95,24454.0,62848572.0,5693145.833,719.0416668,84.988
06월 4주 (2015.06.25 ~ 2015.07.01),11246.0,21.98571429,18.55714286,26.48571429,8.614285714,1122.6,24454.0,62848572.0,5693145.833,719.0416668,84.988
07월 1주 (2015.07.02 ~ 2015.07.08),10973.0,21.57142857,17.34285714,26.31428571,5.371428571,1131.2,9926.25,18649188.0,5693145.833,719.0416668,84.61
07월 2주 (2015.07.09 ~ 2015.07.15),10766.0,24.6,21.3,28.91428571,11.11428571,1150.18,9926.25,18649188.0,5693145.833,719.0416668,84.61
07월 3주 (2015.07.16 ~ 2015.07.22),10291.0,23.72857143,20.64285714,27.75714286,1.642857143,1170.35,9926.25,18649188.0,5693145.833,719.0416668,84.61
07월 4주 (2015.07.23 ~ 2015.07.29),9635.0,26.61428571,23.71428571,30.35714286,7.5,1166.67,9926.25,18649188.0,5693145.833,719.0416668,84.61
07월 5주 (2015.07.30 ~ 2015.08.05),9196.0,27.95714286,23.94285714,33.11428571,0.9,1164.7,9926.25,18649188.0,5693145.833,719.0416668,84.182
08월 1주 (2015.08.06 ~ 2015.08.12),8963.0,26.58571429,22.5,31.97142857,2.971428571,1179.33,971.75,7084611.0,5693145.833,719.0416668,84.182
08월 2주 (2015.08.13 ~ 2015.08.19),8864.0,25.12857143,21.08571429,30.35714286,2.271428571,1195.85,971.75,7084611.0,5693145.833,719.0416668,84.182
08월 3주 (2015.08.20 ~ 2015.08.26),8935.0,23.61428571,20.87142857,27.54285714,8.9,1179.87,971.75,7084611.0,5693145.833,719.0416668,84.182
08월 4주 (2015.08.27 ~ 2015.09.02),8695.0,23.22857143,19.18571429,28.51428571,2.957142857,1201.33,971.75,7084611.0,5693145.833,719.0416668,84.182
09월 1주 (2015.09.03 ~ 2015.09.09),8131.0,21.4,17.02857143,26.71428571,2.557142857,1182.69,515.25,3824291.25,5693145.833,719.0416668,85.206
09월 2주 (2015.09.10 ~ 2015.09.16),7931.0,19.47142857,14.02857143,25.32857143,0.985714286,1173.04,515.25,3824291.25,5693145.833,719.0416668,85.206
09월 3주 (2015.09.17 ~ 2015.09.23),8128.0,19.97142857,15.04285714,26.02857143,1.828571429,1193.07,515.0,3824291.0,5693145.833,719.0416668,85.206
09월 4주 (2015.09.24 ~ 2015.09.30),8509.0,20.22857143,15.15714286,26.4,0.414285714,1173.1,515.0,3824291.0,5693145.833,719.0416668,85.206
10월 1주 (2015.10.01 ~ 2015.10.07),9110.0,17.05714286,11.17142857,23.94285714,5.342857143,1148.05,946.5,4773671.0,5693145.833,719.0416668,85.046
10월 2주 (2015.10.08 ~ 2015.10.14),9138.0,14.74285714,9.328571429,21.01428571,1.142857143,1131.44,946.5,4773671.0,5693145.833,719.0416668,85.046
10월 3주 (2015.10.15 ~ 2015.10.21),8915.0,16.27142857,10.58571429,24.11428571,0.042857143,1136.01,946.5,4773671.0,5693145.833,719.0416668,85.046
10월 4주 (2015.10.22 ~ 2015.10.28),9324.0,14.67142857,10.02857143,20.24285714,2.6,1141.16,946.5,4773671.0,5693145.833,719.0416668,85.046
10월 5주 (2015.10.29 ~ 2015.11.04),9434.0,9.042857143,3.414285714,15.55714286,0.1,1152.78,946.5,4773671.0,5693145.833,719.0416668,83.376
11월 1주 (2015.11.05 ~ 2015.11.11),9829.0,12.65714286,9.214285714,16.77142857,7.114285714,1170.34,1866.25,12921984.0,5693145.833,719.0416668,83.376
11월 2주 (2015.11.12 ~ 2015.11.18),9472.0,13.08571429,10.31428571,16.22857143,7.014285714,1154.62,1866.25,12921984.0,5693145.833,719.0416668,83.376
11월 3주 (2015.11.19 ~ 2015.11.25),9234.0,9.585714286,6.914285714,12.64285714,3.442857143,1156.83,1866.25,12921984.0,5693145.833,719.0416668,83.376
11월 4주 (2015.11.26 ~ 2015.12.02),9163.0,4.114285714,0.314285714,8.614285714,1.514285714,1163.64,1866.25,12921984.0,5693145.833,719.0416668,83.376
12월 1주 (2015.12.03 ~ 2015.12.09),8790.0,4.114285714,-0.342857143,9.057142857,0.5,1187.58,10030.5,108891985.0,5693145.833,719.0416668,81.294
12월 2주 (2015.12.10 ~ 2015.12.16),8320.0,6.3,3.057142857,9.842857143,3.514285714,1182.43,10030.5,108891985.0,5693145.833,719.0416668,81.294
12월 3주 (2015.12.17 ~ 2015.12.23),8732.0,2.242857143,-1.871428571,6.914285714,0.657142857,1170.95,10030.5,108891985.0,5693145.833,719.0416668,81.294
12월 4주 (2015.12.24 ~ 2015.12.30),10205.0,0.814285714,-3.828571429,6.057142857,0.185714286,1175.45,10030.5,108891985.0,5693145.833,719.0416668,81.294
12월 5주 (2015.12.31 ~ 2016.01.06),9896.0,3.042857143,-1.542857143,8.271428571,0.114285714,1207.94,10030.5,108891985.0,5693145.833,719.0416668,83.779
01월 1주 (2016.01.07 ~ 2016.01.13),10201.0,-0.242857143,-4.2,4.385714286,0.114285714,1214.81,1592.75,19371732.5,5305375.0,670.4375,83.779
01월 2주 (2016.01.14 ~ 2016.01.20),10162.0,-2.114285714,-6.285714286,2.657142857,0.742857143,1197.57,1592.75,19371732.5,5305375.0,670.4375,83.779
01월 3주 (2016.01.21 ~ 2016.01.27),10700.0,-4.971428571,-9.628571429,-0.271428571,0.442857143,1208.11,1592.75,19371732.5,5305375.0,670.4375,83.779
01월 4주 (2016.01.28 ~ 2016.02.03),11674.0,-0.542857143,-4.542857143,3.8,2.214285714,1206.35,1592.75,19371732.5,5305375.0,670.4375,83.779
02월 1주 (2016.02.04 ~ 2016.02.05),15356.0,0.5,-5.171428571,6.471428571,0.1,1207.0,2270.5,22307914.25,5305375.0,670.4375,85.004
02월 2주 (2016.02.11 ~ 2016.02.17),16139.0,3.9,-0.671428571,8.857142857,4.828571429,1233.87,2271.0,22307914.0,5305375.0,670.4375,85.004
02월 3주 (2016.02.18 ~ 2016.02.24),14441.0,2.514285714,-2.114285714,7.385714286,0.128571429,1243.13,2271.0,22307914.0,5305375.0,670.4375,85.004
02월 4주 (2016.02.25 ~ 2016.03.02),13820.0,1.757142857,-3.342857143,7.2,1.185714286,1198.5,2270.5,22307914.25,5305375.0,670.4375,85.004
03월 1주 (2016.03.03 ~ 2016.03.09),13347.0,8.085714286,3.442857143,13.2,6.414285714,1187.9,3006.25,24583284.0,5305375.0,670.4375,89.017
03월 2주 (2016.03.10 ~ 2016.03.16),14427.0,3.914285714,-1.285714286,9.757142857,0.042857143,1164.3,3006.25,24583284.0,5305375.0,670.4375,89.017
03월 3주 (2016.03.17 ~ 2016.03.23),15394.0,9.428571429,3.671428571,15.77142857,1.414285714,1169.05,3006.25,24583284.0,5305375.0,670.4375,89.017
03월 4주 (2016.03.24 ~ 2016.03.30),15183.0,8.4,2.1,15.01428571,0.142857143,1147.89,3006.25,24583284.0,5305375.0,670.4375,89.017
03월 5주 (2016.03.31 ~ 2016.04.06),14992.0,12.45714286,6.014285714,19.48571429,3.357142857,1151.64,3006.25,24583284.0,5305375.0,670.4375,87.002
04월 1주 (2016.04.07 ~ 2016.04.12),16189.0,13.24285714,8.214285714,19.5,5.171428571,1146.99,3868.25,27793654.0,5305375.0,670.4375,87.002
04월 2주 (2016.04.14 ~ 2016.04.20),15424.0,13.64285714,8.157142857,19.8,5.8,1149.99,3868.25,27793654.0,5305375.0,670.4375,87.002
04월 3주 (2016.04.21 ~ 2016.04.27),14005.0,15.1,9.571428571,21.5,7.885714286,1144.83,3868.25,27793654.0,5305375.0,670.4375,87.002
04월 4주 (2016.04.28 ~ 2016.05.04),12936.0,16.25714286,10.34285714,22.57142857,5.328571429,1169.3,3868.25,27793654.0,5305375.0,670.4375,87.002
05월 2주 (2016.05.09 ~ 2016.05.11),10960.0,16.9,11.57142857,22.74285714,3.385714286,1176.8,7427.5,44439017.0,5305375.0,670.4375,86.818
05월 2주 (2016.05.12 ~ 2016.05.18),10902.0,17.64285714,10.71428571,24.77142857,2.657142857,1186.2,7427.5,44439017.0,5305375.0,670.4375,86.818
05월 3주 (2016.05.19 ~ 2016.05.25),10855.0,19.78571429,12.88571429,26.81428571,2.9,1186.25,7427.5,44439017.0,5305375.0,670.4375,86.818
05월 4주 (2016.05.26 ~ 2016.06.01),10734.0,20.98571429,15.65714286,27.14285714,0.171428571,1163.55,7428.0,44439017.0,5305375.0,670.4375,86.818
06월 1주 (2016.06.02 ~ 2016.06.08),10617.0,20.55714286,15.92857143,25.57142857,0.942857143,1171.53,2950.5,20415214.0,5305375.0,670.4375,85.5
06월 2주 (2016.06.09 ~ 2016.06.15),10833.0,22.54285714,18.72857143,27.45714286,1.442857143,1170.46,2951.0,20415214.0,5305375.0,670.4375,85.5
06월 3주 (2016.06.16 ~ 2016.06.22),10429.0,23.2,19.07142857,28.18571429,2.414285714,1171.95,2950.5,20415214.0,5305375.0,670.4375,85.5
06월 4주 (2016.06.23 ~ 2016.06.29),10830.0,22.75714286,18.67142857,27.47142857,4.685714286,1150.0,2950.5,20415214.0,5305375.0,670.4375,85.5
06월 5주 (2016.06.30 ~ 2016.07.06),10790.0,23.6,21.02857143,27.11428571,31.94285714,1149.8,2950.5,20415214.0,5305375.0,670.4375,83.384
07월 1주 (2016.07.07 ~ 2016.07.13),10998.0,25.35714286,21.61428571,30.22857143,1.914285714,1138.6,2636.5,17943640.0,5305375.0,670.4375,83.384
07월 2주 (2016.07.14 ~ 2016.07.20),10854.0,24.07142857,20.7,28.28571429,4.571428571,1136.35,2636.5,17943640.0,5305375.0,670.4375,83.384
07월 3주 (2016.07.21 ~ 2016.07.27),10842.0,26.84285714,23.14285714,31.42857143,1.885714286,1112.24,2636.5,17943640.0,5305375.0,670.4375,83.384
07월 4주 (2016.07.28 ~ 2016.08.03),10040.0,27.57142857,24.08571429,32.44285714,4.042857143,1115.27,2636.5,17943640.0,5305375.0,670.4375,83.384
08월 1주 (2016.08.04 ~ 2016.08.10),10039.0,28.11428571,23.71428571,33.7,1.142857143,1103.49,1070.25,6777918.0,5305375.0,670.4375,83.888
08월 2주 (2016.08.11 ~ 2016.08.17),9853.0,28.78571429,24.35714286,34.42857143,1.185714286,1115.57,1070.25,6777918.0,5305375.0,670.4375,83.888
08월 3주 (2016.08.18 ~ 2016.08.24),9884.0,27.85714286,23.47142857,33.48571429,0.585714286,1122.52,1070.25,6777918.0,5305375.0,670.4375,83.888
08월 4주 (2016.08.25 ~ 2016.08.31),9528.0,21.95714286,17.95714286,26.67142857,6.942857143,1116.45,1070.25,6777918.0,5305375.0,670.4375,83.888
09월 1주 (2016.09.01 ~ 2016.09.07),9660.0,23.54285714,20.22857143,28.04285714,8.014285714,1108.73,903.75,6469031.25,5305375.0,670.4375,85.6
09월 2주 (2016.09.08 ~ 2016.09.13),10214.0,22.48571429,18.71428571,27.62857143,2.671428571,1126.06,903.75,6469031.25,5305375.0,670.4375,85.6
09월 3주 (2016.09.19 ~ 2016.09.21),10345.0,20.41428571,16.94285714,24.52857143,13.9,1104.02,904.0,6469031.0,5305375.0,670.4375,85.6
09월 4주 (2016.09.22 ~ 2016.09.28),10160.0,20.84285714,16.92857143,26.04285714,2.171428571,1101.91,904.0,6469031.0,5305375.0,670.4375,85.6
09월 5주 (2016.09.29 ~ 2016.10.05),9668.0,20.04285714,17.05714286,23.8,12.01428571,1115.76,904.0,6469031.0,5305375.0,670.4375,92.811
10월 1주 (2016.10.06 ~ 2016.10.12),9455.0,15.72857143,11.62857143,21.04285714,4.7,1136.41,2007.5,18707343.75,5305375.0,670.4375,92.811
10월 2주 (2016.10.13 ~ 2016.10.19),12695.0,16.17142857,11.84285714,22.14285714,2.685714286,1136.21,2007.5,18707343.75,5305375.0,670.4375,92.811
10월 3주 (2016.10.20 ~ 2016.10.26),13988.0,15.31428571,11.77142857,19.55714286,2.414285714,1147.32,2007.5,18707343.75,5305375.0,670.4375,92.811
10월 4주 (2016.10.27 ~ 2016.11.02),16868.0,9.357142857,4.971428571,13.98571429,0.957142857,1141.45,2007.5,18707343.75,5305375.0,670.4375,92.811
11월 1주 (2016.11.03 ~ 2016.11.09),17996.0,9.957142857,4.957142857,15.62857143,0.728571429,1165.58,6965.25,60885604.5,5305375.0,670.4375,89.764
11월 2주 (2016.11.10 ~ 2016.11.16),23523.0,9.942857143,4.428571429,15.98571429,1.328571429,1181.08,6965.25,60885604.5,5305375.0,670.4375,89.764
11월 3주 (2016.11.17 ~ 2016.11.23),25442.0,9.142857143,4.7,14.1,2.157142857,1175.77,6965.25,60885604.5,5305375.0,670.4375,89.764
11월 4주 (2016.11.24 ~ 2016.11.30),23577.0,3.0,-1.242857143,7.928571429,0.742857143,1167.32,6965.25,60885604.5,5305375.0,670.4375,89.764
12월 1주 (2016.12.01 ~ 2016.12.07),19771.0,4.3,-1.128571429,10.17142857,0.042857143,1172.89,6694.0,58464675.0,5305375.0,670.4375,87.833
12월 2주 (2016.12.08 ~ 2016.12.14),20960.0,2.857142857,-2.142857143,8.314285714,0.8,1186.58,6694.0,58464675.0,5305375.0,670.4375,87.833
12월 3주 (2016.12.15 ~ 2016.12.21),23571.0,4.057142857,-0.671428571,9.071428571,4.185714286,1200.36,6694.0,58464675.0,5305375.0,670.4375,87.833
12월 4주 (2016.12.22 ~ 2016.12.28),26993.0,2.557142857,-1.128571429,6.928571429,3.928571429,1207.26,6694.0,58464675.0,5305375.0,670.4375,87.833
12월 5주 (2016.12.29 ~ 2017.01.04),27898.0,2.157142857,-2.528571429,7.871428571,0.028571429,1202.0,6694.0,58464675.0,5305375.0,670.4375,89.412
01월 1주 (2017.01.05 ~ 2017.01.11),24776.0,3.4,-1.0,8.0,0.557142857,1175.0,5253.5,48569298.75,5040541.668,590.3541668,89.412
01월 2주 (2017.01.12 ~ 2017.01.18),22148.0,-2.214285714,-7.014285714,3.471428571,0.071428571,1175.39,5253.5,48569298.75,5040541.668,590.3541668,89.412
01월 3주 (2017.01.19 ~ 2017.01.25),20095.0,-3.171428571,-7.871428571,2.0,0.657142857,1178.82,5253.5,48569298.75,5040541.668,590.3541668,89.412
01월 4주 (2017.01.26 ~ 2017.02.01),20266.0,-0.1,-5.528571429,5.5,0.9,1138.52,5253.5,48569298.75,5040541.668,590.3541668,89.412
02월 1주 (2017.02.02 ~ 2017.02.08),19437.0,1.557142857,-3.242857143,6.914285714,0.271428571,1146.6,8125.25,66813040.0,5040541.668,590.3541668,93.827
02월 2주 (2017.02.09 ~ 2017.02.15),15816.0,-0.685714286,-5.714285714,4.828571429,0.157142857,1150.78,8125.0,66813040.0,5040541.668,590.3541668,93.827
02월 3주 (2017.02.16 ~ 2017.02.22),14683.0,3.342857143,-3.185714286,9.285714286,3.8,1130.5,8125.0,66813040.0,5040541.668,590.3541668,93.827
02월 4주 (2017.02.23 ~ 2017.02.28),12431.0,3.3,-2.228571429,9.585714286,0.314285714,1152.32,8125.25,66813040.0,5040541.668,590.3541668,93.827
03월 1주 (2017.03.02 ~ 2017.03.08),12576.0,3.328571429,-1.9,9.114285714,0.428571429,1148.81,8176.0,55607055.0,5040541.668,590.3541668,94.121
03월 2주 (2017.03.09 ~ 2017.03.15),16181.0,6.228571429,-0.485714286,13.35714286,0.085714286,1129.04,8176.0,55607055.0,5040541.668,590.3541668,94.121
03월 3주 (2017.03.16 ~ 2017.03.22),16564.0,7.471428571,0.614285714,14.77142857,0.614285714,1117.56,8176.0,55607055.0,5040541.668,590.3541668,94.121
03월 4주 (2017.03.23 ~ 2017.03.29),16278.0,7.271428571,2.857142857,12.47142857,1.485714286,1117.65,8176.0,55607055.0,5040541.668,590.3541668,94.121
03월 5주 (2017.03.30 ~ 2017.04.05),16047.0,10.44285714,4.571428571,16.6,3.557142857,1137.89,8176.0,55607055.0,5040541.668,590.3541668,92.719
04월 1주 (2017.04.06 ~ 2017.04.12),16691.0,13.42857143,8.6,19.38571429,3.042857143,1135.45,8031.5,55295498.5,5040541.668,590.3541668,92.719
04월 2주 (2017.04.13 ~ 2017.04.19),19113.0,14.77142857,8.785714286,21.27142857,2.771428571,1133.57,8031.5,55295498.5,5040541.668,590.3541668,92.719
04월 3주 (2017.04.20 ~ 2017.04.26),19867.0,14.17142857,8.071428571,20.61428571,0.428571429,1136.87,8031.5,55295498.5,5040541.668,590.3541668,92.719
04월 4주 (2017.04.27 ~ 2017.05.02),17247.0,16.85714286,8.985714286,24.65714286,0.0,1134.71,8031.5,55295498.5,5040541.668,590.3541668,92.719
05월 1주 (2017.05.04 ~ 2017.05.10),13957.0,17.35714286,11.85714286,23.21428571,2.328571429,1122.41,7648.25,47432812.5,5040541.668,590.3541668,90.99
05월 2주 (2017.05.11 ~ 2017.05.17),12994.0,17.28571429,11.8,23.34285714,0.8,1116.61,7648.25,47432812.5,5040541.668,590.3541668,90.99
05월 3주 (2017.05.18 ~ 2017.05.24),11124.0,20.35714286,13.62857143,27.34285714,0.714285714,1117.83,7648.25,47432812.5,5040541.668,590.3541668,90.99
05월 4주 (2017.05.25 ~ 2017.05.31),14539.0,20.27142857,13.57142857,27.4,0.357142857,1117.39,7648.0,47432813.0,5040541.668,590.3541668,90.99
06월 1주 (2017.06.01 ~ 2017.06.07),15048.0,19.32857143,13.94285714,25.1,2.757142857,1124.29,4264.5,26404427.5,5040541.668,590.3541668,90.99
06월 2주 (2017.06.08 ~ 2017.06.14),14750.0,20.5,15.14285714,26.58571429,0.542857143,1132.07,4265.0,26404427.5,5040541.668,590.3541668,90.99
06월 3주 (2017.06.15 ~ 2017.06.21),14206.0,23.05714286,16.98571429,29.78571429,0.342857143,1133.89,4264.5,26404427.5,5040541.668,590.3541668,90.99
06월 4주 (2017.06.22 ~ 2017.06.28),13152.0,23.42857143,19.18571429,29.11428571,4.257142857,1144.43,4264.5,26404427.5,5040541.668,590.3541668,90.99
06월 5주 (2017.06.29 ~ 2017.07.05),12875.0,25.3,22.28571429,29.55714286,12.08571429,1152.74,4264.5,26404427.5,5040541.668,590.3541668,89.378
07월 1주 (2017.07.06 ~ 2017.07.12),13283.0,26.25714286,23.15714286,30.28571429,12.12857143,1128.09,2069.0,12540906.0,5040541.668,590.3541668,89.378
07월 2주 (2017.07.13 ~ 2017.07.19),12881.0,26.55714286,23.12857143,31.2,9.314285714,1117.83,2069.0,12540906.0,5040541.668,590.3541668,89.378
07월 3주 (2017.07.20 ~ 2017.07.26),12376.0,27.47142857,24.14285714,31.77142857,5.6,1123.69,2069.0,12540906.0,5040541.668,590.3541668,89.378
07월 4주 (2017.07.27 ~ 2017.08.02),12784.0,25.94285714,22.68571429,30.18571429,6.042857143,1127.77,2069.0,12540906.0,5040541.668,590.3541668,89.378
08월 1주 (2017.08.03 ~ 2017.08.09),12700.0,28.02857143,24.02857143,32.88571429,2.271428571,1141.86,1158.0,10071272.25,5040541.668,590.3541668,89.731
08월 2주 (2017.08.10 ~ 2017.08.16),12288.0,24.54285714,21.98571429,28.0,15.25714286,1138.77,1158.0,10071272.25,5040541.668,590.3541668,89.731
08월 3주 (2017.08.17 ~ 2017.08.23),11600.0,25.57142857,22.7,29.78571429,12.68571429,1120.59,1158.0,10071272.25,5040541.668,590.3541668,89.731
08월 4주 (2017.08.24 ~ 2017.08.30),11530.0,23.6,19.07142857,28.68571429,3.842857143,1120.69,1158.0,10071272.25,5040541.668,590.3541668,89.731
08월 5주 (2017.08.31 ~ 2017.09.06),12220.0,21.12857143,16.52857143,26.31428571,2.428571429,1130.97,1158.0,10071272.25,5040541.668,590.3541668,94.776
09월 1주 (2017.09.07 ~ 2017.09.13),13188.0,21.55714286,17.22857143,27.21428571,6.857142857,1132.21,703.0,6986987.0,5040541.668,590.3541668,94.776
09월 2주 (2017.09.14 ~ 2017.09.20),15524.0,20.68571429,15.55714286,26.05714286,0.828571429,1132.13,703.0,6986987.0,5040541.668,590.3541668,94.776
09월 3주 (2017.09.21 ~ 2017.09.27),15296.0,20.28571429,15.4,26.5,3.0,1144.29,703.0,6986987.0,5040541.668,590.3541668,94.776
09월 4주 (2017.09.28 ~ 2017.09.29),16768.0,17.78571429,13.21428571,23.3,5.3,1144.31,703.0,6986987.0,5040541.668,590.3541668,94.776
10월 2주 (2017.10.10 ~ 2017.10.11),17328.0,18.94285714,15.27142857,23.8,2.485714286,1125.67,898.5,6267318.0,5040541.668,590.3541668,96.589
10월 2주 (2017.10.12 ~ 2017.10.18),18207.0,14.44285714,10.28571429,19.27142857,1.485714286,1131.31,898.5,6267318.0,5040541.668,590.3541668,96.589
10월 3주 (2017.10.19 ~ 2017.10.25),15659.0,13.91428571,8.785714286,20.58571429,0.1,1124.97,898.5,6267318.0,5040541.668,590.3541668,96.589
10월 4주 (2017.10.26 ~ 2017.11.01),17077.0,12.01428571,6.171428571,18.94285714,0.271428571,1115.29,898.5,6267318.0,5040541.668,590.3541668,96.589
11월 1주 (2017.11.02 ~ 2017.11.08),16825.0,11.2,5.371428571,17.8,0.4,1119.87,6143.75,44466581.25,5040541.668,590.3541668,92.341
11월 2주 (2017.11.09 ~ 2017.11.15),16423.0,7.985714286,2.1,14.54285714,0.342857143,1093.32,6143.75,44466581.25,5040541.668,590.3541668,92.341
11월 3주 (2017.11.16 ~ 2017.11.22),15595.0,3.185714286,-1.985714286,8.857142857,0.1,1084.61,6143.75,44466581.25,5040541.668,590.3541668,92.341
11월 4주 (2017.11.23 ~ 2017.11.29),15534.0,4.742857143,-0.671428571,10.6,0.928571429,1082.47,6143.75,44466581.25,5040541.668,590.3541668,92.341
11월 5주 (2017.11.30 ~ 2017.12.06),15254.0,1.1,-3.928571429,6.571428571,0.257142857,1091.85,6143.75,44466581.25,5040541.668,590.3541668,87.968
12월 1주 (2017.12.07 ~ 2017.12.13),15681.0,-1.242857143,-5.4,3.642857143,0.5,1087.95,8067.75,64281426.0,5040541.668,590.3541668,87.968
12월 2주 (2017.12.14 ~ 2017.12.20),15955.0,-1.985714286,-7.614285714,3.385714286,0.2,1076.74,8067.75,64281426.0,5040541.668,590.3541668,87.968
12월 3주 (2017.12.21 ~ 2017.12.27),16608.0,0.785714286,-3.5,5.957142857,2.042857143,1066.37,8067.75,64281426.0,5040541.668,590.3541668,87.968
12월 4주 (2017.12.28 ~ 2018.01.03),16588.0,0.657142857,-4.014285714,5.485714286,0.142857143,1061.53,8067.75,64281426.0,5040541.668,590.3541668,87.968
01월 1주 (2018.01.04 ~ 2018.01.10),15137.0,-0.9,-4.614285714,3.214285714,0.928571429,1058.99,6329.5,46814891.75,5526125.0,600.5,90.058
01월 2주 (2018.01.11 ~ 2018.01.17),14677.0,-1.085714286,-5.785714286,4.085714286,1.842857143,1067.11,6330.0,46814892.0,5526125.0,600.5,90.058
01월 3주 (2018.01.18 ~ 2018.01.24),13052.0,-0.928571429,-4.985714286,4.585714286,0.171428571,1063.67,6329.5,46814891.75,5526125.0,600.5,90.058
01월 4주 (2018.01.25 ~ 2018.01.31),12778.0,-5.928571429,-10.72857143,-0.671428571,0.028571429,1089.37,6329.5,46814891.75,5526125.0,600.5,90.058
02월 1주 (2018.02.01 ~ 2018.02.07),12848.0,-5.457142857,-10.3,-0.171428571,0.1,1084.67,6097.25,50366880.0,5526125.0,600.5,92.106
02월 2주 (2018.02.08 ~ 2018.02.14),13402.0,-0.628571429,-6.828571429,5.314285714,0.171428571,1066.19,6097.25,50366880.0,5526125.0,600.5,92.106
02월 3주 (2018.02.19 ~ 2018.02.21),12943.0,1.357142857,-3.8,7.171428571,0.0,1076.0,6097.0,50366880.0,5526125.0,600.5,92.106
02월 4주 (2018.02.22 ~ 2018.02.28),13051.0,3.885714286,-2.085714286,10.31428571,4.342857143,1078.69,6097.25,50366880.0,5526125.0,600.5,92.106
03월 1주 (2018.03.02 ~ 2018.03.07),12424.0,5.571428571,0.114285714,11.61428571,4.871428571,1064.38,6854.75,47603768.0,5526125.0,600.5,96.765
03월 2주 (2018.03.08 ~ 2018.03.14),16043.0,7.628571429,1.671428571,14.11428571,2.4,1069.53,6854.75,47603768.0,5526125.0,600.5,96.765
03월 3주 (2018.03.15 ~ 2018.03.21),18033.0,6.714285714,2.571428571,10.84285714,8.528571429,1082.87,6854.75,47603768.0,5526125.0,600.5,96.765
03월 4주 (2018.03.22 ~ 2018.03.28),24679.0,10.25714286,3.328571429,17.64285714,0.0,1060.25,6854.75,47603768.0,5526125.0,600.5,96.765
03월 5주 (2018.03.29 ~ 2018.04.04),27796.0,14.9,9.128571429,21.47142857,2.142857143,1069.75,6854.75,47603768.0,5526125.0,600.5,93.794
04월 1주 (2018.04.05 ~ 2018.04.11),30753.0,9.985714286,4.7,15.05714286,4.942857143,1070.68,7317.0,47119626.0,5526125.0,600.5,93.794
04월 2주 (2018.04.12 ~ 2018.04.18),23162.0,11.81428571,5.871428571,18.15714286,3.271428571,1070.1,7317.0,47119626.0,5526125.0,600.5,93.794
04월 3주 (2018.04.19 ~ 2018.04.25),21387.0,14.72857143,8.657142857,21.3,8.742857143,1066.73,7317.0,47119626.0,5526125.0,600.5,93.794
04월 4주 (2018.04.26 ~ 2018.05.02),19312.0,16.31428571,9.642857143,23.08571429,1.914285714,1073.11,7317.0,47119626.0,5526125.0,600.5,93.794
05월 1주 (2018.05.03 ~ 2018.05.09),18382.0,15.08571429,10.38571429,20.14285714,4.7,1066.89,7052.5,42334144.0,5526125.0,600.5,94.18
05월 2주 (2018.05.10 ~ 2018.05.16),18380.0,18.58571429,13.47142857,24.11428571,3.7,1080.57,7052.5,42334144.0,5526125.0,600.5,94.18
05월 3주 (2018.05.17 ~ 2018.05.23),17280.0,17.64285714,12.65714286,22.92857143,6.714285714,1077.37,7052.5,42334144.0,5526125.0,600.5,94.18
05월 4주 (2018.05.24 ~ 2018.05.30),15315.0,20.1,13.97142857,26.5,0.614285714,1070.73,7053.0,42334144.0,5526125.0,600.5,94.18
05월 5주 (2018.05.31 ~ 2018.06.05),14310.0,21.97142857,15.84285714,28.72857143,0.2,1073.93,7053.0,42334144.0,5526125.0,600.5,92.509
06월 1주 (2018.06.07 ~ 2018.06.12),14057.0,20.7,16.95714286,25.52857143,1.457142857,1102.42,4339.0,23891613.75,5526125.0,600.5,92.509
06월 2주 (2018.06.14 ~ 2018.06.20),15866.0,21.14285714,16.77142857,26.52857143,0.771428571,1111.0,4339.0,23891613.75,5526125.0,600.5,92.509
06월 3주 (2018.06.21 ~ 2018.06.27),15378.0,24.22857143,19.11428571,30.11428571,8.685714286,1113.91,4339.0,23891613.75,5526125.0,600.5,92.509
06월 4주 (2018.06.28 ~ 2018.07.04),15533.0,23.85714286,20.98571429,27.67142857,26.87142857,1114.69,4339.0,23891613.75,5526125.0,600.5,92.509
07월 1주 (2018.07.05 ~ 2018.07.11),14870.0,22.55714286,19.78571429,26.04285714,4.871428571,1129.0,4587.75,28162032.5,5526125.0,600.5,90.217
07월 2주 (2018.07.12 ~ 2018.07.18),15422.0,27.91428571,23.41428571,33.18571429,0.0,1126.9,4587.75,28162032.5,5526125.0,600.5,90.217
07월 3주 (2018.07.19 ~ 2018.07.25),16622.0,29.24285714,24.41428571,34.95714286,0.0,1114.65,4587.75,28162032.5,5526125.0,600.5,90.217
07월 4주 (2018.07.26 ~ 2018.08.01),16930.0,29.48571429,24.84285714,35.14285714,0.571428571,1122.34,4587.75,28162032.5,5526125.0,600.5,90.217
08월 1주 (2018.08.02 ~ 2018.08.08),16063.0,29.58571429,25.41428571,34.95714286,2.371428571,1129.17,3036.0,14705558.25,5526125.0,600.5,90.771
08월 2주 (2018.08.09 ~ 2018.08.14),17412.0,28.71428571,24.68571429,34.08571429,2.428571429,1119.52,3036.0,14705558.25,5526125.0,600.5,90.771
08월 3주 (2018.08.16 ~ 2018.08.22),15630.0,26.24285714,21.24285714,31.84285714,1.057142857,1114.33,3036.0,14705558.25,5526125.0,600.5,90.771
08월 4주 (2018.08.23 ~ 2018.08.29),14730.0,24.88571429,22.24285714,28.35714286,27.71428571,1115.46,3036.0,14705558.25,5526125.0,600.5,90.771
08월 5주 (2018.08.30 ~ 2018.09.05),14917.0,23.78571429,20.24285714,28.08571429,16.45714286,1127.57,3036.0,14705558.25,5526125.0,600.5,99.166
09월 1주 (2018.09.06 ~ 2018.09.12),14619.0,20.71428571,15.84285714,26.01428571,0.9,1120.66,2752.75,18266134.5,5526125.0,600.5,99.166
09월 2주 (2018.09.13 ~ 2018.09.19),15003.0,21.52857143,18.34285714,25.65714286,2.728571429,1113.95,2753.0,18266135.0,5526125.0,600.5,99.166
09월 3주 (2018.09.20 ~ 2018.09.21),16232.0,18.44285714,14.38571429,23.35714286,5.8,1109.98,2753.0,18266135.0,5526125.0,600.5,99.166
09월 4주 (2018.09.27 ~ 2018.10.02),15181.0,16.88571429,11.84285714,22.85714286,0.528571429,1131.13,2753.0,18266135.0,5526125.0,600.5,99.166
10월 1주 (2018.10.04 ~ 2018.10.10),15419.0,16.45714286,12.02857143,21.18571429,20.15714286,1130.3,2742.75,17725314.75,5526125.0,600.5,104.874
10월 2주 (2018.10.11 ~ 2018.10.17),17822.0,12.2,6.828571429,18.92857143,0.257142857,1131.15,2742.75,17725314.75,5526125.0,600.5,104.874
10월 3주 (2018.10.18 ~ 2018.10.24),17208.0,12.14285714,6.5,19.6,1.071428571,1139.28,2742.75,17725314.75,5526125.0,600.5,104.874
10월 4주 (2018.10.25 ~ 2018.10.31),17819.0,10.12857143,5.228571429,15.65714286,1.785714286,1117.1,2742.75,17725314.75,5526125.0,600.5,104.874
11월 1주 (2018.11.01 ~ 2018.11.07),18606.0,10.27142857,4.114285714,18.14285714,0.9,1129.69,4011.5,31320435.75,5526125.0,600.5,100.207
11월 2주 (2018.11.08 ~ 2018.11.14),18966.0,10.48571429,6.085714286,15.98571429,5.414285714,1120.4,4011.5,31320435.75,5526125.0,600.5,100.207
11월 3주 (2018.11.15 ~ 2018.11.21),18777.0,7.285714286,2.357142857,13.31428571,0.257142857,1132.5,4011.5,31320435.75,5526125.0,600.5,100.207
11월 4주 (2018.11.22 ~ 2018.11.28),17662.0,5.057142857,0.242857143,10.95714286,0.614285714,1119.44,4011.5,31320435.75,5526125.0,600.5,100.207
11월 5주 (2018.11.29 ~ 2018.12.05),16857.0,7.171428571,2.171428571,12.55714286,3.0,1123.85,4011.5,31320435.75,5526125.0,600.5,94.641
12월 1주 (2018.12.06 ~ 2018.12.12),16138.0,-1.5,-5.257142857,3.071428571,0.628571429,1131.7,5975.5,44416896.0,5526125.0,600.5,94.641
12월 2주 (2018.12.13 ~ 2018.12.19),16503.0,0.971428571,-3.914285714,6.6,0.142857143,1128.04,5975.5,44416896.0,5526125.0,600.5,94.641
12월 3주 (2018.12.20 ~ 2018.12.26),16244.0,3.442857143,-1.514285714,9.114285714,0.128571429,1116.05,5975.5,44416896.0,5526125.0,600.5,94.641
12월 4주 (2018.12.27 ~ 2019.01.02),15922.0,-4.2,-8.628571429,0.9,0.028571429,1115.85,5975.5,44416896.0,5526125.0,600.5,94.641
01월 1주 (2019.01.03 ~ 2019.01.09),15566.0,-1.142857143,-6.4,4.842857143,0.0,1117.23,6609.75,54152488.5,5297500.0,659.25,94.7
01월 2주 (2019.01.10 ~ 2019.01.16),15609.0,0.8,-3.742857143,6.314285714,0.357142857,1125.08,6609.75,54152488.5,5297500.0,659.25,94.7
01월 3주 (2019.01.17 ~ 2019.01.23),16220.0,1.7,-3.642857143,7.585714286,0.042857143,1117.78,6609.75,54152488.5,5297500.0,659.25,94.7
01월 4주 (2019.01.24 ~ 2019.01.30),17151.0,0.628571429,-5.214285714,7.128571429,0.028571429,1118.4,6609.75,54152488.5,5297500.0,659.25,94.7
01월 5주 (2019.01.31 ~ 2019.02.01),16688.0,2.528571429,-2.785714286,8.257142857,2.528571429,1123.5,6610.0,54152489.0,5297500.0,659.25,94.406
02월 1주 (2019.02.07 ~ 2019.02.13),15849.0,-0.485714286,-5.014285714,4.385714286,0.071428571,1125.44,6404.5,46617978.0,5297500.0,659.25,94.406
02월 2주 (2019.02.14 ~ 2019.02.20),15479.0,1.428571429,-2.671428571,6.042857143,2.428571429,1121.99,6405.0,46617978.0,5297500.0,659.25,94.406
02월 3주 (2019.02.21 ~ 2019.02.27),15827.0,5.171428571,-0.614285714,12.2,0.057142857,1126.67,6404.5,46617978.0,5297500.0,659.25,94.406
02월 4주 (2019.02.28 ~ 2019.03.06),16760.0,7.742857143,1.785714286,14.34285714,0.157142857,1132.9,6404.5,46617978.0,5297500.0,659.25,94.406
03월 1주 (2019.03.07 ~ 2019.03.13),17453.0,6.342857143,0.528571429,12.54285714,1.528571429,1134.7,7863.0,56609943.0,5297500.0,659.25,95.397
03월 2주 (2019.03.14 ~ 2019.03.20),20211.0,7.571428571,1.128571429,14.21428571,2.8,1135.11,7863.0,56609943.0,5297500.0,659.25,95.397
03월 3주 (2019.03.21 ~ 2019.03.27),21033.0,7.771428571,1.728571429,14.21428571,0.514285714,1136.1,7863.0,56609943.0,5297500.0,659.25,95.397
03월 4주 (2019.03.28 ~ 2019.04.03),22615.0,7.657142857,2.385714286,13.4,0.542857143,1136.69,7863.0,56609943.0,5297500.0,659.25,95.397
04월 1주 (2019.04.04 ~ 2019.04.10),21796.0,10.57142857,4.528571429,16.95714286,5.014285714,1133.72,7876.5,46607568.0,5297500.0,659.25,93.525
04월 2주 (2019.04.11 ~ 2019.04.17),22193.0,11.72857143,4.714285714,18.78571429,0.2,1135.58,7876.5,46607568.0,5297500.0,659.25,93.525
04월 3주 (2019.04.18 ~ 2019.04.24),20996.0,15.85714286,10.58571429,21.75714286,1.814285714,1157.9,7876.5,46607568.0,5297500.0,659.25,93.525
04월 4주 (2019.04.25 ~ 2019.04.30),18563.0,12.52857143,8.428571429,17.2,4.328571429,1163.68,7876.5,46607568.0,5297500.0,659.25,93.525
05월 1주 (2019.05.02 ~ 2019.05.08),16045.0,16.11428571,8.042857143,24.11428571,0.014285714,1174.2,8986.5,53057845.75,5297500.0,659.25,94.801
05월 2주 (2019.05.09 ~ 2019.05.15),14294.0,18.51428571,11.52857143,26.07142857,0.0,1193.73,8986.5,53057845.75,5297500.0,659.25,94.801
05월 3주 (2019.05.16 ~ 2019.05.22),11072.0,19.17142857,13.44285714,24.72857143,4.557142857,1184.77,8986.5,53057845.75,5297500.0,659.25,94.801
05월 4주 (2019.05.23 ~ 2019.05.29),10528.0,20.91428571,14.17142857,27.72857143,3.285714286,1187.8,8987.0,53057846.0,5297500.0,659.25,94.801
05월 5주 (2019.05.30 ~ 2019.06.05),10602.0,20.94285714,14.28571429,27.8,0.128571429,1181.07,8987.0,53057846.0,5297500.0,659.25,93.634
06월 1주 (2019.06.07 ~ 2019.06.12),12377.0,19.47142857,15.62857143,24.35714286,7.271428571,1186.78,5626.5,28945476.0,5297500.0,659.25,93.634
06월 2주 (2019.06.13 ~ 2019.06.19),12420.0,20.97142857,16.45714286,26.52857143,1.3,1158.2,5626.5,28945476.0,5297500.0,659.25,93.634
06월 3주 (2019.06.20 ~ 2019.06.26),13505.0,22.38571429,17.54285714,27.92857143,5.2,1155.38,5626.5,28945476.0,5297500.0,659.25,93.634
06월 4주 (2019.06.27 ~ 2019.07.03),12440.0,23.21428571,19.72857143,27.72857143,6.414285714,1174.59,5626.5,28945476.0,5297500.0,659.25,93.634
07월 1주 (2019.07.04 ~ 2019.07.10),12156.0,23.45714286,18.97142857,28.61428571,3.085714286,1176.32,5927.75,32080143.75,5297500.0,659.25,91.804
07월 2주 (2019.07.11 ~ 2019.07.17),13078.0,23.42857143,20.17142857,27.85714286,4.228571429,1175.11,5927.75,32080143.75,5297500.0,659.25,91.804
07월 3주 (2019.07.18 ~ 2019.07.24),12996.0,25.82857143,23.07142857,29.32857143,14.18571429,1183.24,5927.75,32080143.75,5297500.0,659.25,91.804
07월 4주 (2019.07.25 ~ 2019.07.31),13383.0,27.38571429,24.75714286,30.8,9.3,1204.51,5927.75,32080143.75,5297500.0,659.25,91.804
08월 1주 (2019.08.01 ~ 2019.08.07),12742.0,28.21428571,24.11428571,33.48571429,4.414285714,1213.45,5834.75,32118898.5,5297500.0,659.25,90.511
08월 2주 (2019.08.08 ~ 2019.08.14),12823.0,28.22857143,24.57142857,32.88571429,4.528571429,1207.47,5834.75,32118898.5,5297500.0,659.25,90.511
08월 3주 (2019.08.16 ~ 2019.08.21),12646.0,25.84285714,22.11428571,30.48571429,4.142857143,1212.66,5834.75,32118898.5,5297500.0,659.25,90.511
08월 4주 (2019.08.22 ~ 2019.08.28),12429.0,23.9,20.3,28.45714286,6.3,1209.5,5834.75,32118898.5,5297500.0,659.25,90.511
08월 5주 (2019.08.29 ~ 2019.09.04),12186.0,22.44285714,19.24285714,26.45714286,5.942857143,1191.77,5834.75,32118898.5,5297500.0,659.25,91.955
09월 1주 (2019.09.05 ~ 2019.09.11),12294.0,24.85714286,22.1,28.74285714,9.814285714,1178.72,5569.0,31080612.5,5297500.0,659.25,91.955
09월 3주 (2019.09.16 ~ 2019.09.18),12836.0,21.84285714,17.4,27.3,0.9,1193.13,5569.0,31080613.0,5297500.0,659.25,91.955
09월 3주 (2019.09.19 ~ 2019.09.25),12827.0,18.3,14.31428571,23.05714286,15.08571429,1201.99,5569.0,31080613.0,5297500.0,659.25,91.955
09월 4주 (2019.09.26 ~ 2019.10.02),12563.0,21.45714286,17.71428571,26.37142857,16.38571429,1191.25,5569.0,31080613.0,5297500.0,659.25,91.955
10월 1주 (2019.10.04 ~ 2019.10.08),13388.0,17.5,13.38571429,22.5,5.442857143,1182.48,46741.25,26287464.0,5297500.0,659.25,96.32
10월 2주 (2019.10.10 ~ 2019.10.16),16014.0,15.17142857,9.757142857,21.58571429,0.514285714,1177.91,46741.25,26287464.0,5297500.0,659.25,96.32
10월 3주 (2019.10.17 ~ 2019.10.23),16653.0,15.12857143,10.28571429,21.34285714,0.642857143,1171.66,46741.25,26287464.0,5297500.0,659.25,96.32
10월 4주 (2019.10.24 ~ 2019.10.30),16113.0,13.08571429,7.914285714,19.08571429,0.428571429,1164.67,46741.25,26287464.0,5297500.0,659.25,96.32
10월 5주 (2019.10.31 ~ 2019.11.06),15323.0,12.54285714,6.885714286,19.72857143,0.271428571,1158.6,46741.25,26287464.0,5297500.0,659.25,96.421
11월 1주 (2019.11.07 ~ 2019.11.13),15718.0,9.228571429,3.642857143,15.91428571,1.685714286,1162.65,6810.5,44356794.75,5297500.0,659.25,96.421
11월 2주 (2019.11.14 ~ 2019.11.20),16139.0,6.414285714,1.242857143,12.25714286,5.214285714,1179.33,6810.5,44356794.75,5297500.0,659.25,96.421
11월 3주 (2019.11.21 ~ 2019.11.27),16957.0,7.957142857,2.614285714,14.32857143,0.7,1180.7,6810.5,44356794.75,5297500.0,659.25,96.421
11월 4주 (2019.11.28 ~ 2019.12.04),16933.0,4.0,-0.385714286,9.0,2.285714286,1185.51,11734.75,71678964.0,5297500.0,659.25,96.421
12월 1주 (2019.12.05 ~ 2019.12.11),16848.0,1.757142857,-3.585714286,7.971428571,0.114285714,1175.57,11734.75,71678964.0,5297500.0,659.25,92.064
12월 2주 (2019.12.12 ~ 2019.12.18),16503.0,4.271428571,-0.628571429,9.857142857,0.428571429,1158.99,11734.75,71678964.0,5297500.0,659.25,92.064
12월 3주 (2019.12.19 ~ 2019.12.24),16244.0,1.914285714,-2.557142857,7.528571429,0.142857143,1158.95,11734.75,71678964.0,5297500.0,659.25,92.064
12월 4주 (2019.12.26 ~ 2019.12.31),15922.0,0.728571429,-3.542857143,5.342857143,1.171428571,1164.95,11734.75,71678964.0,5297500.0,659.25,92.064
01월 1주 (2020.01.02 ~ 2020.01.08),15566.0,3.157142857,-1.114285714,8.571428571,8.057142857,1157.97,5412.25,45847923.0,5071333.333,648.875,93.953
01월 2주 (2020.01.09 ~ 2020.01.15),15609.0,0.514285714,-3.157142857,5.214285714,0.0,1160.44,5412.25,45847923.0,5071333.333,648.875,93.953
01월 3주 (2020.01.16 ~ 2020.01.22),16220.0,1.228571429,-3.185714286,6.528571429,0.757142857,1169.2,5412.25,45847923.0,5071333.333,648.875,93.953
01월 4주 (2020.01.23 ~ 2020.01.29),17151.0,5.342857143,1.742857143,9.7,2.985714286,1194.97,5412.25,45847923.0,5071333.333,648.875,93.953
01월 5주 (2020.01.30 ~ 2020.02.05),16688.0,1.342857143,-3.042857143,6.457142857,0.171428571,1191.39,5412.25,45847923.0,5071333.333,648.875,95.63
02월 1주 (2020.02.06 ~ 2020.02.12),15849.0,1.928571429,-3.642857143,7.642857143,1.928571429,1182.46,6084.25,55347571.5,5071333.333,648.875,95.63
02월 2주 (2020.02.13 ~ 2020.02.19),15479.0,3.485714286,-1.285714286,9.314285714,1.357142857,1206.91,6084.0,55347572.0,5071333.333,648.875,95.63
02월 3주 (2020.02.20 ~ 2020.02.26),15827.0,6.0,0.657142857,11.68571429,4.642857143,1200.2,6084.25,55347571.5,5071333.333,648.875,95.63
02월 4주 (2020.02.27 ~ 2020.03.04),16760.0,5.371428571,1.228571429,10.07142857,0.428571429,1188.7,6084.25,55347571.5,5071333.333,648.875,95.63
03월 1주 (2020.03.05 ~ 2020.03.11),17453.0,5.557142857,-0.014285714,11.52857143,2.057142857,1211.28,11157.0,81418225.0,5071333.333,648.875,94.73
03월 2주 (2020.03.12 ~ 2020.03.18),20211.0,6.328571429,-0.242857143,12.9,0.114285714,1254.45,11157.0,81418225.0,5071333.333,648.875,94.73
03월 3주 (2020.03.19 ~ 2020.03.25),21033.0,10.61428571,3.414285714,17.81428571,0.057142857,1212.23,11157.0,81418225.0,5071333.333,648.875,94.73
03월 4주 (2020.03.26 ~ 2020.04.01),22615.0,10.08571429,4.185714286,16.2,2.014285714,1235.61,11157.0,81418225.0,5071333.333,648.875,94.73
04월 1주 (2020.04.02 ~ 2020.04.08),21796.0,9.371428571,2.157142857,16.67142857,0.014285714,1211.05,12152.75,66840593.75,5071333.333,648.875,96.57
04월 2주 (2020.04.09 ~ 2020.04.14),22193.0,9.7,3.314285714,16.34285714,0.828571429,1216.13,12152.75,66840593.75,5071333.333,648.875,96.57
04월 3주 (2020.04.16 ~ 2020.04.22),20996.0,10.65714286,6.528571429,15.58571429,4.857142857,1230.53,12152.75,66840593.75,5071333.333,648.875,96.57
04월 4주 (2020.04.23 ~ 2020.04.29),18563.0,11.85714286,4.642857143,18.65714286,0.042857143,1224.89,12152.75,66840593.75,5071333.333,648.875,96.57
05월 1주 (2020.05.04 ~ 2020.05.06),16045.0,18.4,12.95714286,24.31428571,2.042857143,1219.65,4201.25,64441078.75,5071333.333,648.875,95.78
05월 1주 (2020.05.07 ~ 2020.05.13),14294.0,16.54285714,11.11428571,21.98571429,5.385714286,1232.69,4201.25,64441078.75,5071333.333,648.875,95.78
05월 2주 (2020.05.14 ~ 2020.05.20),11072.0,16.61428571,12.48571429,21.65714286,6.457142857,1240.59,4201.25,64441078.75,5071333.333,648.875,95.78
05월 3주 (2020.05.21 ~ 2020.05.27),10528.0,17.57142857,12.72857143,23.2,0.642857143,1231.49,4201.0,64441079.0,5071333.333,648.875,95.78
05월 4주 (2020.05.28 ~ 2020.06.03),10602.0,19.92857143,14.0,25.95714286,0.385714286,1202.02,4201.0,64441079.0,5071333.333,648.875,96.98
06월 1주 (2020.06.04 ~ 2020.06.10),12377.0,23.58571429,17.95714286,30.17142857,1.928571429,1203.66,11718.0,57849797.5,5071333.333,648.875,96.98
06월 2주 (2020.06.11 ~ 2020.06.17),12420.0,23.31428571,19.04285714,28.41428571,8.428571429,1211.83,11718.0,57849797.5,5071333.333,648.875,96.98
06월 3주 (2020.06.18 ~ 2020.06.24),13505.0,22.47142857,18.18571429,27.51428571,5.5,1203.8,11718.0,57849797.5,5071333.333,648.875,96.98
06월 4주 (2020.06.25 ~ 2020.07.01),12440.0,21.95714286,18.74285714,26.15714286,10.47142857,1198.93,11718.0,57849797.5,5071333.333,648.875,96.98
07월 1주 (2020.07.02 ~ 2020.07.08),12156.0,22.4,18.65714286,26.97142857,1.514285714,1200.42,13415.75,66294508.5,5071333.333,648.875,97.4
07월 2주 (2020.07.09 ~ 2020.07.15),13454.0,21.52857143,19.11428571,24.72857143,23.2,1203.44,13415.75,66294508.5,5071333.333,648.875,97.4
07월 3주 (2020.07.16 ~ 2020.07.22),12778.0,23.31428571,19.85714286,27.5,7.142857143,1201.5,13415.75,66294508.5,5071333.333,648.875,97.4
07월 4주 (2020.07.23 ~ 2020.07.29),12603.0,22.44285714,20.55714286,25.18571429,23.6,1193.59,13415.75,66294508.5,5071333.333,648.875,97.4
07월 5주 (2020.07.30 ~ 2020.08.05),12742.0,25.84285714,23.2,29.47142857,18.5,1188.68,13415.75,66294508.5,5071333.333,648.875,98.45
08월 1주 (2020.08.06 ~ 2020.08.12),13383.0,25.22857143,23.15714286,28.02857143,34.52857143,1186.94,9648.5,52701019.5,5071333.333,648.875,98.45
08월 2주 (2020.08.13 ~ 2020.08.19),15600.0,27.62857143,24.01428571,32.27142857,1.6,1191.72,9648.5,52701019.5,5071333.333,648.875,98.45
08월 3주 (2020.08.20 ~ 2020.08.26),15881.0,26.55714286,22.68571429,31.54285714,3.857142857,1180.48,9648.5,52701019.5,5071333.333,648.875,98.45
08월 4주 (2020.08.27 ~ 2020.09.02),15010.0,26.08571429,23.52857143,29.92857143,14.18571429,1187.3,9648.5,52701019.5,5071333.333,648.875,98.45
09월 1주 (2020.09.03 ~ 2020.09.09),14720.0,21.67142857,18.41428571,25.5,20.01428571,1187.89,7256.5,56751165.0,5071333.333,648.875,103.3
09월 2주 (2020.09.10 ~ 2020.09.16),15146.0,20.82857143,17.82857143,25.14285714,2.957142857,1164.81,7257.0,56751165.0,5071333.333,648.875,103.3
09월 3주 (2020.09.17 ~ 2020.09.23),16751.0,18.38571429,13.78571429,23.84285714,0.571428571,1174.32,7256.5,56751165.0,5071333.333,648.875,103.3
09월 4주 (2020.09.24 ~ 2020.09.29),18333.0,18.17142857,13.42857143,24.18571429,0.714285714,1166.26,7256.5,56751165.0,5071333.333,648.875,103.3
10월 1주 (2020.10.05 ~ 2020.10.07),23876.0,16.8,12.02857143,22.18571429,0.457142857,1143.52,8794.25,60990428.75,5071333.333,648.875,108.68
10월 2주 (2020.10.08 ~ 2020.10.14),27614.0,15.21428571,10.35714286,21.14285714,0.0,1142.13,8794.25,60990428.75,5071333.333,648.875,108.68
10월 3주 (2020.10.15 ~ 2020.10.21),27614.0,12.35714286,6.714285714,19.31428571,0.871428571,1127.95,8794.0,60990429.0,5071333.333,648.875,108.68
10월 4주 (2020.10.22 ~ 2020.10.28),25671.0,11.6,6.1,18.27142857,0.171428571,1136.49,8794.0,60990429.0,5071333.333,648.875,108.68
10월 5주 (2020.10.29 ~ 2020.11.04),30308.0,9.5,4.071428571,15.37142857,0.6,1121.4,8794.25,60990428.75,5071333.333,648.875,108.45
11월 1주 (2020.11.05 ~ 2020.11.11),31773.0,9.257142857,3.314285714,15.74285714,0.0,1107.62,14180.75,101138206.5,5071333.333,648.875,108.45
11월 2주 (2020.11.12 ~ 2020.11.18),32419.0,11.78571429,5.8,18.94285714,0.571428571,1114.95,14180.75,101138206.5,5071333.333,648.875,108.45
11월 3주 (2020.11.19 ~ 2020.11.25),27212.0,7.542857143,2.914285714,12.41428571,4.642857143,1104.43,14180.75,101138206.5,5071333.333,648.875,108.45
11월 4주 (2020.11.26 ~ 2020.12.02),27470.0,3.328571429,-0.714285714,8.371428571,0.0,1083.77,14180.75,101138206.5,5071333.333,648.875,108.45
12월 1주 (2020.12.03 ~ 2020.12.09),24967.0,1.871428571,-3.142857143,7.785714286,0.0,1091.67,15842.0,94444845.0,5071333.333,648.875,101.74
12월 2주 (2020.12.10 ~ 2020.12.16),20473.0,-0.185714286,-4.214285714,4.571428571,0.3,1099.39,15842.0,94444845.0,5071333.333,648.875,101.74
12월 3주 (2020.12.17 ~ 2020.12.23),16966.0,-1.085714286,-6.4,4.714285714,0.028571429,1099.07,15842.0,94444845.0,5071333.333,648.875,101.74
12월 4주 (2020.12.24 ~ 2020.12.30),16338.0,1.142857143,-3.185714286,7.042857143,0.742857143,1084.73,15842.0,94444845.0,5071333.333,648.875,101.74
12월 5주 (2020.12.31 ~ 2021.01.06),16102.0,-3.657142857,-8.871428571,1.114285714,0.2,1092.93,15842.0,94444845.0,5071333.333,648.875,102.3
01월 1주 (2021.01.07 ~ 2021.01.13),16030.0,-6.571428571,-12.14285714,-0.771428571,0.228571429,1103.27,11244.5,77049166.25,5440250.0,695.2708333,102.3
01월 2주 (2021.01.14 ~ 2021.01.20),15758.0,-0.5,-6.157142857,5.857142857,0.257142857,1105.41,11245.0,77049166.0,5440250.0,695.2708333,102.3
01월 3주 (2021.01.21 ~ 2021.01.27),15985.0,5.585714286,1.742857143,10.08571429,1.871428571,1117.64,11244.5,77049166.25,5440250.0,695.2708333,102.3
01월 4주 (2021.01.28 ~ 2021.02.03),15838.0,-0.2,-5.628571429,5.742857143,1.7,1116.77,11245.0,77049166.0,5440250.0,695.2708333,102.3
02월 1주 (2021.02.04 ~ 2021.02.10),16051.0,1.814285714,-3.685714286,7.5,0.114285714,1102.59,7582.25,66192356.0,5440250.0,695.2708333,105.7
02월 3주 (2021.02.15 ~ 2021.02.17),18551.0,2.857142857,-2.457142857,9.314285714,0.657142857,1104.27,7582.25,66192356.0,5440250.0,695.2708333,105.7
02월 3주 (2021.02.18 ~ 2021.02.24),17382.0,4.971428571,-1.571428571,11.87142857,0.014285714,1123.89,7582.25,66192356.0,5440250.0,695.2708333,105.7
02월 4주 (2021.02.25 ~ 2021.03.03),16896.0,5.485714286,0.457142857,10.51428571,8.157142857,1128.0,7582.25,66192356.0,5440250.0,695.2708333,105.7
03월 1주 (2021.03.04 ~ 2021.03.10),18055.0,6.614285714,1.485714286,13.04285714,0.614285714,1136.0,14124.5,95836981.5,5440250.0,695.2708333,109.97
03월 2주 (2021.03.11 ~ 2021.03.17),21438.0,9.1,2.928571429,15.4,2.257142857,1129.12,14124.5,95836981.5,5440250.0,695.2708333,109.97
03월 3주 (2021.03.18 ~ 2021.03.24),23081.0,8.942857143,3.8,14.4,0.857142857,1128.52,14124.5,95836981.5,5440250.0,695.2708333,109.97
03월 4주 (2021.03.25 ~ 2021.03.31),24671.0,12.0,5.757142857,18.67142857,4.528571429,1128.64,14124.5,95836981.5,5440250.0,695.2708333,109.97
04월 1주 (2021.04.01 ~ 2021.04.07),25601.0,12.68571429,7.1,18.41428571,5.957142857,1120.98,12043.75,72236485.5,5440250.0,695.2708333,109.41
04월 2주 (2021.04.08 ~ 2021.04.14),28689.0,11.25714286,5.328571429,17.31428571,3.5,1116.5,12043.75,72236485.5,5440250.0,695.2708333,109.41
04월 3주 (2021.04.15 ~ 2021.04.21),28505.0,12.57142857,5.357142857,19.84285714,0.042857143,1114.72,12043.75,72236485.5,5440250.0,695.2708333,109.41
04월 4주 (2021.04.22 ~ 2021.04.28),24074.0,15.91428571,10.57142857,21.68571429,0.085714286,1117.16,12043.75,72236485.5,5440250.0,695.2708333,109.41
04월 5주 (2021.04.29 ~ 2021.05.04),21458.0,13.51428571,8.728571429,18.62857143,5.528571429,1111.23,12043.75,72236485.5,5440250.0,695.2708333,108.4
05월 1주 (2021.05.06 ~ 2021.05.12),23674.0,15.48571429,9.085714286,21.62857143,1.4,1125.79,12941.5,80484848.5,5440250.0,695.2708333,108.4
05월 2주 (2021.05.13 ~ 2021.05.18),21336.0,18.7,14.12857143,23.82857143,8.3,1127.63,12941.5,80484848.5,5440250.0,695.2708333,108.4
05월 3주 (2021.05.20 ~ 2021.05.26),18166.0,17.44285714,12.72857143,22.7,2.485714286,1113.08,12942.0,80484849.0,5440250.0,695.2708333,108.4
05월 4주 (2021.05.27 ~ 2021.06.02),18066.0,18.44285714,13.25714286,24.47142857,3.971428571,1110.52,12942.0,80484849.0,5440250.0,695.2708333,108.4
06월 1주 (2021.06.03 ~ 2021.06.09),19968.0,20.98571429,15.77142857,26.48571429,3.057142857,1116.4,12158.25,77748916.75,5440250.0,695.2708333,107.94
06월 2주 (2021.06.10 ~ 2021.06.16),18247.0,22.18571429,18.78571429,26.5,6.085714286,1134.94,12158.25,77748916.75,5440250.0,695.2708333,107.94
06월 3주 (2021.06.17 ~ 2021.06.23),15940.0,21.31428571,17.31428571,26.2,1.771428571,1127.12,12158.25,77748916.75,5440250.0,695.2708333,107.94
06월 4주 (2021.06.24 ~ 2021.06.30),14952.0,22.58571429,18.75714286,27.62857143,2.171428571,1130.53,12158.25,77748916.75,5440250.0,695.2708333,107.94
07월 1주 (2021.07.01 ~ 2021.07.07),14951.0,23.45714286,20.4,27.15714286,24.68571429,1143.73,12852.5,68779854.0,5440250.0,695.2708333,106.63
07월 2주 (2021.07.08 ~ 2021.07.14),16130.0,25.82857143,22.55714286,30.41428571,5.628571429,1141.51,12852.5,68779854.0,5440250.0,695.2708333,106.63
07월 3주 (2021.07.15 ~ 2021.07.21),15200.0,26.4,22.48571429,31.61428571,2.3,1151.52,12852.5,68779854.0,5440250.0,695.2708333,106.63
07월 4주 (2021.07.22 ~ 2021.07.28),17710.0,27.52857143,22.75714286,32.91428571,0.114285714,1151.41,12852.5,68779854.0,5440250.0,695.2708333,106.63
07월 5주 (2021.07.29 ~ 2021.08.04),16205.0,27.44285714,23.82857143,32.4,5.985714286,1144.93,12852.5,68779854.0,5440250.0,695.2708333,106.81
08월 1주 (2021.08.05 ~ 2021.08.11),16147.0,26.45714286,22.54285714,31.74285714,4.014285714,1161.37,9492.25,51000850.0,5440250.0,695.2708333,106.81
08월 2주 (2021.08.12 ~ 2021.08.18),15902.0,24.14285714,20.75714286,28.55714286,3.771428571,1175.15,9492.25,51000850.0,5440250.0,695.2708333,106.81
08월 3주 (2021.08.19 ~ 2021.08.25),14936.0,23.67142857,20.91428571,27.14285714,22.25714286,1161.23,9492.25,51000850.0,5440250.0,695.2708333,106.81
08월 4주 (2021.08.26 ~ 2021.09.01),13949.0,23.25714286,20.28571429,27.31428571,11.48571429,1154.28,9492.25,51000850.0,5440250.0,695.2708333,106.81
09월 1주 (2021.09.02 ~ 2021.09.08),13923.0,21.38571429,18.25714286,25.25714286,3.685714286,1170.23,6736.5,33527812.5,5440250.0,695.2708333,109.06
09월 2주 (2021.09.09 ~ 2021.09.15),13634.0,22.21428571,18.21428571,27.3,0.542857143,1180.69,6737.0,33527813.0,5440250.0,695.2708333,109.06
09월 3주 (2021.09.16 ~ 2021.09.17),14057.0,21.31428571,17.21428571,26.01428571,6.871428571,1179.68,6737.0,33527813.0,5440250.0,695.2708333,109.06
09월 4주 (2021.09.23 ~ 2021.09.29),13748.0,20.37142857,16.77142857,24.84285714,3.614285714,1180.35,6736.5,33527812.5,5440250.0,695.2708333,109.06
09월 5주 (2021.09.30 ~ 2021.10.06),12877.0,21.1,16.5,27.07142857,1.985714286,1196.79,6736.5,33527812.5,5440250.0,695.2708333,112.01
10월 1주 (2021.10.07 ~ 2021.10.13),12512.0,19.3,16.4,23.32857143,4.014285714,1182.07,9688.25,45183797.75,5440250.0,695.2708333,112.01
10월 2주 (2021.10.14 ~ 2021.10.20),12914.0,12.1,7.1,17.94285714,2.171428571,1177.48,9688.25,45183797.75,5440250.0,695.2708333,112.01
10월 3주 (2021.10.21 ~ 2021.10.27),13212.0,10.62857143,4.914285714,18.18571429,0.128571429,1174.47,9688.0,45183798.0,5440250.0,695.2708333,112.01
10월 4주 (2021.10.28 ~ 2021.11.03),15509.0,11.78571429,6.4,18.72857143,0.085714286,1181.05,9688.25,45183797.75,5440250.0,695.2708333,112.01
11월 1주 (2021.11.04 ~ 2021.11.10),16427.0,10.54285714,5.771428571,16.47142857,4.1,1179.2,11695.25,63215379.5,5440250.0,695.2708333,109.01
11월 2주 (2021.11.11 ~ 2021.11.17),16145.0,7.585714286,2.542857143,13.91428571,0.257142857,1187.1,11695.25,63215379.5,5440250.0,695.2708333,109.01
11월 3주 (2021.11.18 ~ 2021.11.24),14331.0,7.842857143,3.1,13.5,0.614285714,1194.43,11695.25,63215379.5,5440250.0,695.2708333,109.01
11월 4주 (2021.11.25 ~ 2021.12.01),14020.0,4.871428571,-0.3,11.05714286,3.328571429,1180.0,11695.25,63215379.5,5440250.0,695.2708333,109.01
12월 1주 (2021.12.02 ~ 2021.12.08),14855.0,3.785714286,-1.428571429,10.22857143,0.171428571,1180.86,13655.5,79469784.0,5440250.0,695.2708333,109.47
12월 2주 (2021.12.09 ~ 2021.12.15),15610.0,4.528571429,-0.457142857,9.885714286,0.171428571,1187.7,13655.5,79469784.0,5440250.0,695.2708333,109.47
12월 3주 (2021.12.16 ~ 2021.12.22),15669.0,2.171428571,-3.128571429,8.2,0.285714286,1185.99,13655.5,79469784.0,5440250.0,695.2708333,109.47
12월 4주 (2021.12.23 ~ 2021.12.29),15421.0,-1.742857143,-6.728571429,3.728571429,0.285714286,1187.96,13655.5,79469784.0,5440250.0,695.2708333,109.47
12월 5주 (2021.12.30 ~ 2022.01.05),15724.0,-1.628571429,-6.557142857,3.757142857,0.1,1197.63,13655.5,79469784.0,5440250.0,695.2708333,110.3
01월 1주 (2022.01.06 ~ 2022.01.12),15678.0,-0.914285714,-6.314285714,5.228571429,0.042857143,1190.07,6619.25,51008874.0,4480208.333,620.2083333,110.3
01월 2주 (2022.01.13 ~ 2022.01.19),15421.0,-2.528571429,-7.7,2.957142857,0.114285714,1192.51,6619.25,51008874.0,4480208.333,620.2083333,110.3
01월 3주 (2022.01.20 ~ 2022.01.26),16045.0,1.271428571,-3.6,6.728571429,0.114285714,1209.56,6619.25,51008874.0,4480208.333,620.2083333,110.3
01월 4주 (2022.01.27 ~ 2022.01.28),17130.0,-0.571428571,-5.071428571,4.742857143,0.128571429,1198.25,6619.0,51008874.0,4480208.333,620.2083333,110.3
02월 1주 (2022.02.03 ~ 2022.02.09),18481.0,-1.757142857,-6.985714286,3.728571429,0.057142857,1199.48,8616.75,69288726.0,4480208.333,620.2083333,112.71
02월 2주 (2022.02.10 ~ 2022.02.16),16715.0,1.428571429,-3.528571429,7.514285714,0.171428571,1195.59,8617.0,69288726.0,4480208.333,620.2083333,112.71
02월 3주 (2022.02.17 ~ 2022.02.23),16295.0,-2.257142857,-7.314285714,3.185714286,0.028571429,1197.57,8616.75,69288726.0,4480208.333,620.2083333,112.71
02월 4주 (2022.02.24 ~ 2022.03.02),16696.0,3.771428571,-2.885714286,10.45714286,0.471428571,1217.45,8616.75,69288726.0,4480208.333,620.2083333,112.71
03월 1주 (2022.03.03 ~ 2022.03.08),21588.0,4.928571429,-1.757142857,12.14285714,0.0,1237.08,11104.25,77626906.5,4480208.333,620.2083333,111.98
03월 2주 (2022.03.10 ~ 2022.03.16),22518.0,10.61428571,4.428571429,16.97142857,3.257142857,1211.15,11104.25,77626906.5,4480208.333,620.2083333,111.98
03월 3주 (2022.03.17 ~ 2022.03.23),21728.0,5.914285714,2.271428571,10.12857143,3.314285714,1225.08,11104.25,77626906.5,4480208.333,620.2083333,111.98
03월 4주 (2022.03.24 ~ 2022.03.30),22982.0,9.771428571,3.142857143,16.25714286,5.742857143,1219.73,11104.25,77626906.5,4480208.333,620.2083333,111.98
03월 5주 (2022.03.31 ~ 2022.04.06),24346.0,9.471428571,2.757142857,16.28571429,0.157142857,1229.19,11104.25,77626906.5,4480208.333,620.2083333,110.2
04월 1주 (2022.04.07 ~ 2022.04.13),24661.0,15.54285714,8.757142857,22.57142857,1.557142857,1228.19,9446.75,58747612.0,4480208.333,620.2083333,110.2
04월 2주 (2022.04.14 ~ 2022.04.20),22799.0,12.85714286,6.357142857,19.82857143,0.242857143,1244.11,9446.75,58747612.0,4480208.333,620.2083333,110.2
04월 3주 (2022.04.21 ~ 2022.04.27),16326.0,16.87142857,11.24285714,23.01428571,4.7,1263.03,9446.75,58747612.0,4480208.333,620.2083333,110.2
04월 4주 (2022.04.28 ~ 2022.05.04),16111.0,13.37142857,7.314285714,19.61428571,2.014285714,1269.99,9446.75,58747612.0,4480208.333,620.2083333,110.2
05월 1주 (2022.05.06 ~ 2022.05.11),15412.0,16.9,10.62857143,23.42857143,0.185714286,1278.45,10123.25,63811785.0,4480208.333,620.2083333,110.62
05월 2주 (2022.05.12 ~ 2022.05.18),17799.0,17.05714286,10.65714286,23.4,0.128571429,1273.59,10123.25,63811785.0,4480208.333,620.2083333,110.62
05월 3주 (2022.05.19 ~ 2022.05.25),18143.0,20.62857143,14.18571429,27.44285714,0.2,1251.99,10123.0,63811785.0,4480208.333,620.2083333,110.62
05월 4주 (2022.05.26 ~ 2022.05.31),17114.0,20.58571429,14.21428571,27.07142857,0.271428571,1250.58,10123.0,63811785.0,4480208.333,620.2083333,110.62
06월 1주 (2022.06.02 ~ 2022.06.08),15643.0,19.5,15.05714286,24.71428571,4.842857143,1279.32,7967.0,46759270.5,4480208.333,620.2083333,112.24
06월 2주 (2022.06.09 ~ 2022.06.15),15736.0,19.88571429,15.78571429,24.78571429,2.671428571,1291.26,7967.0,46759270.5,4480208.333,620.2083333,112.24
06월 3주 (2022.06.16 ~ 2022.06.22),16742.0,24.05714286,19.4,29.47142857,0.385714286,1288.89,7967.0,46759270.5,4480208.333,620.2083333,112.24
06월 4주 (2022.06.23 ~ 2022.06.29),17211.0,25.72857143,22.87142857,29.08571429,13.4,1298.67,7967.0,46759270.5,4480208.333,620.2083333,112.24
06월 5주 (2022.06.30 ~ 2022.07.06),16305.0,26.88571429,22.9,31.91428571,6.257142857,1294.68,7967.0,46759270.5,4480208.333,620.2083333,111.59
07월 1주 (2022.07.07 ~ 2022.07.13),16690.0,26.05714286,23.2,29.88571429,8.557142857,1317.74,7318.25,52347637.25,4480208.333,620.2083333,111.59
07월 2주 (2022.07.14 ~ 2022.07.20),16255.0,25.08571429,21.52857143,29.65714286,6.885714286,1310.01,7318.25,52347637.25,4480208.333,620.2083333,111.59
07월 3주 (2022.07.21 ~ 2022.07.27),15642.0,24.88571429,21.7,29.07142857,5.557142857,1302.97,7318.25,52347637.25,4480208.333,620.2083333,111.59
07월 4주 (2022.07.28 ~ 2022.08.03),14301.0,27.14285714,24.27142857,30.74285714,8.9,1302.24,7318.25,52347637.25,4480208.333,620.2083333,111.59
08월 1주 (2022.08.04 ~ 2022.08.10),13737.0,27.78571429,24.97142857,31.44285714,13.88571429,1301.31,3698.5,26149120.0,4480208.333,620.2083333,114.19
08월 2주 (2022.08.11 ~ 2022.08.17),15731.0,26.14285714,23.41428571,29.74285714,13.6,1335.61,3698.5,26149120.0,4480208.333,620.2083333,114.19
08월 3주 (2022.08.18 ~ 2022.08.24),15856.0,24.9,21.21428571,29.02857143,5.314285714,1341.81,3698.5,26149120.0,4480208.333,620.2083333,114.19
08월 4주 (2022.08.25 ~ 2022.08.31),15514.0,21.31428571,17.64285714,25.45714286,6.228571429,1361.15,3698.5,26149120.0,4480208.333,620.2083333,114.19
09월 1주 (2022.09.01 ~ 2022.09.07),16124.0,21.92857143,18.31428571,26.25714286,19.81428571,1379.77,3122.75,24015480.0,4480208.333,620.2083333,116.5
09월 2주 (2022.09.08 ~ 2022.09.14),18739.0,22.01428571,17.92857143,26.98571429,0.185714286,1384.77,3123.0,24015480.0,4480208.333,620.2083333,116.5
09월 3주 (2022.09.15 ~ 2022.09.21),17014.0,22.61428571,18.42857143,27.54285714,1.485714286,1421.34,3123.0,24015480.0,4480208.333,620.2083333,116.5
09월 4주 (2022.09.22 ~ 2022.09.28),15416.0,17.92857143,12.85714286,24.34285714,0.057142857,1439.96,3122.75,24015480.0,4480208.333,620.2083333,116.5
09월 5주 (2022.09.29 ~ 2022.10.05),18211.0,19.21428571,14.37142857,25.37142857,7.957142857,1424.94,3122.75,24015480.0,4480208.333,620.2083333,118.59
10월 1주 (2022.10.06 ~ 2022.10.12),23451.0,13.52857143,9.7,18.35714286,2.428571429,1440.44,6697.0,40012009.75,4480208.333,620.2083333,118.59
10월 2주 (2022.10.13 ~ 2022.10.19),22956.0,13.58571429,8.114285714,20.12857143,0.0,1428.32,6697.0,40012009.75,4480208.333,620.2083333,118.59
10월 3주 (2022.10.20 ~ 2022.10.26),23255.0,11.81428571,5.8,18.72857143,0.428571429,1421.66,6697.0,40012009.75,4480208.333,620.2083333,118.59
10월 4주 (2022.10.27 ~ 2022.11.02),22431.0,12.3,6.814285714,19.62857143,0.271428571,1403.29,6697.0,40012009.75,4480208.333,620.2083333,118.59
11월 1주 (2022.11.03 ~ 2022.11.09),22144.0,8.671428571,2.4,16.17142857,0.0,1313.69,8803.25,50569959.0,4480208.333,620.2083333,114.59
11월 2주 (2022.11.10 ~ 2022.11.16),19731.0,11.44285714,6.271428571,17.82857143,3.542857143,1339.71,8803.25,50569959.0,4480208.333,620.2083333,114.59
11월 3주 (2022.11.17 ~ 2022.11.23),17495.0,10.27142857,4.942857143,17.05714286,1.385714286,1334.48,8803.25,50569959.0,4480208.333,620.2083333,114.59
11월 4주 (2022.11.24 ~ 2022.11.30),15698.0,7.514285714,1.542857143,14.02857143,3.871428571,1297.89,8803.25,50569959.0,4480208.333,620.2083333,114.59
12월 1주 (2022.12.01 ~ 2022.12.07),15681.0,0.571428571,-3.8,5.414285714,0.085714286,1303.87,7742.75,49690584.0,4480208.333,620.2083333,109.85
12월 2주 (2022.12.08 ~ 2022.12.14),16295.0,1.728571429,-2.957142857,7.214285714,0.442857143,1309.47,7742.75,49690584.0,4480208.333,620.2083333,109.85
12월 3주 (2022.12.15 ~ 2022.12.21),17807.0,-3.342857143,-8.085714286,1.442857143,1.142857143,1279.55,7742.75,49690584.0,4480208.333,620.2083333,109.85
12월 4주 (2022.12.22 ~ 2022.12.28),18824.0,-4.342857143,-8.928571429,1.271428571,0.514285714,1260.92,7742.75,49690584.0,4480208.333,620.2083333,109.85
12월 5주 (2022.12.29 ~ 2023.01.04),20985.0,-1.6,-6.514285714,4.1,0.0,1253.5,7742.75,49690584.0,4480208.333,620.2083333,110.75
01월 1주 (2023.01.05 ~ 2023.01.11),20742.0,1.442857143,-4.185714286,8.257142857,0.328571429,1237.26,6968.75,55814161.25,1284687.5,565.25,110.75
01월 2주 (2023.01.12 ~ 2023.01.18),19818.0,2.557142857,-1.571428571,7.0,5.271428571,1228.86,6968.75,55814161.25,1284687.5,565.25,110.75
01월 3주 (2023.01.19 ~ 2023.01.25),20624.0,-3.442857143,-8.657142857,2.657142857,0.071428571,1229.62,6968.75,55814161.25,1284687.5,565.25,110.75
01월 4주 (2023.01.26 ~ 2023.02.01),20495.0,-1.771428571,-7.671428571,3.657142857,0.1,1247.46,6969.0,55814161.0,1284687.5,565.25,110.75
02월 1주 (2023.02.02 ~ 2023.02.08),18311.0,0.828571429,-4.757142857,7.8,0.0,1267.45,5735.0,67173303.25,1284687.5,565.25,113.65
02월 2주 (2023.02.09 ~ 2023.02.15),17518.0,3.128571429,-1.3,7.971428571,1.814285714,1295.87,5735.0,67173303.25,1284687.5,565.25,113.65
02월 3주 (2023.02.16 ~ 2023.02.22),17067.0,2.542857143,-2.485714286,7.671428571,0.228571429,1314.45,5735.0,67173303.25,1284687.5,565.25,113.65
02월 4주 (2023.02.23 ~ 2023.02.28),19345.0,4.042857143,-1.957142857,10.94285714,0.128571429,1295.73,5735.0,67173303.25,1284687.5,565.25,113.65
03월 1주 (2023.03.02 ~ 2023.03.08),21670.0,7.371428571,0.157142857,15.1,0.028571429,1320.24,9640.25,95061128.0,1284687.5,565.25,113.04
03월 2주 (2023.03.09 ~ 2023.03.15),27791.0,9.7,2.528571429,17.4,1.2,1308.37,9640.25,95061128.0,1284687.5,565.25,113.04
03월 3주 (2023.03.16 ~ 2023.03.22),28674.0,9.685714286,2.971428571,16.81428571,0.2,1294.66,9640.25,95061128.0,1284687.5,565.25,113.04
03월 4주 (2023.03.23 ~ 2023.03.29),31358.0,9.971428571,4.557142857,15.84285714,2.671428571,1306.11,9640.25,95061128.0,1284687.5,565.25,113.04
03월 5주 (2023.03.30 ~ 2023.04.05),32937.0,13.94285714,6.514285714,21.27142857,5.442857143,1316.3,9640.25,95061128.0,1284687.5,565.25,113.3
04월 1주 (2023.04.06 ~ 2023.04.12),34117.0,11.08571429,4.828571429,17.31428571,0.871428571,1304.0,8636.5,58705020.0,1284687.5,565.25,113.3
04월 2주 (2023.04.13 ~ 2023.04.19),33385.0,13.27142857,7.5,19.3,1.228571429,1329.36,8636.5,58705020.0,1284687.5,565.25,113.3
04월 3주 (2023.04.20 ~ 2023.04.26),34585.0,13.57142857,8.928571429,18.58571429,0.6,1337.78,8636.5,58705020.0,1284687.5,565.25,113.3
04월 4주 (2023.04.27 ~ 2023.05.03),30876.0,14.72857143,7.314285714,21.52857143,1.357142857,1317.47,8636.5,58705020.0,1284687.5,565.25,113.3
05월 1주 (2023.05.04 ~ 2023.05.10),22369.0,15.42857143,9.985714286,20.94285714,15.54285714,1342.41,8368.5,55213924.0,1284687.5,565.25,111.75
05월 2주 (2023.05.11 ~ 2023.05.17),18660.0,18.65714286,11.64285714,25.75714286,0.228571429,1325.2,8368.5,55213924.0,1284687.5,565.25,111.75
05월 3주 (2023.05.18 ~ 2023.05.24),18601.0,18.22857143,13.24285714,23.77142857,1.514285714,1322.66,8369.0,55213924.0,1284687.5,565.25,111.75
05월 4주 (2023.05.25 ~ 2023.05.31),24063.0,20.22857143,16.51428571,24.35714286,10.27142857,1305.92,8369.0,55213924.0,1284687.5,565.25,111.75
06월 1주 (2023.06.01 ~ 2023.06.07),20936.0,20.9,15.82857143,26.38571429,0.728571429,1287.32,4938.5,30957444.5,1284687.5,565.25,112.19
06월 2주 (2023.06.08 ~ 2023.06.14),18091.0,21.52857143,17.3,27.4,2.757142857,1276.15,4938.5,30957444.5,1284687.5,565.25,112.19
06월 3주 (2023.06.15 ~ 2023.06.21),17935.0,22.82857143,17.9,28.4,3.071428571,1308.41,4938.5,30957444.5,1284687.5,565.25,112.19
06월 4주 (2023.06.22 ~ 2023.06.28),21267.0,23.58571429,19.55714286,28.14285714,14.65714286,1315.11,4938.5,30957444.5,1284687.5,565.25,112.19
06월 5주 (2023.06.29 ~ 2023.07.05),21339.0,24.78571429,21.94285714,28.68571429,16.97142857,1297.9,4938.5,30957444.5,1284687.5,565.25,112.25
07월 1주 (2023.07.06 ~ 2023.07.12),19454.0,24.67142857,21.35714286,28.82857143,13.72857143,1268.31,4143.25,26499637.5,1284687.5,565.25,112.25
07월 2주 (2023.07.13 ~ 2023.07.19),17021.0,24.64285714,22.55714286,27.44285714,39.55714286,1286.19,4143.25,26499637.5,1284687.5,565.25,112.25
07월 3주 (2023.07.20 ~ 2023.07.26),18101.0,25.74285714,22.75714286,30.0,9.928571429,1272.83,4143.25,26499637.5,1284687.5,565.25,112.25
07월 4주 (2023.07.27 ~ 2023.08.02),17077.0,27.87142857,23.58571429,33.2,0.971428571,1304.08,4143.25,26499637.5,1284687.5,565.25,112.25
08월 1주 (2023.08.03 ~ 2023.08.09),15817.0,28.24285714,24.28571429,33.17142857,4.657142857,1330.3,2630.75,20482708.5,1284687.5,565.25,114.3
08월 2주 (2023.08.10 ~ 2023.08.16),16915.0,25.58571429,22.34285714,29.84285714,16.01428571,1339.17,2630.75,20482708.5,1284687.5,565.25,114.3
08월 3주 (2023.08.17 ~ 2023.08.23),15928.0,26.82857143,23.57142857,31.51428571,6.742857143,1323.53,2630.75,20482708.5,1284687.5,565.25,114.3
08월 4주 (2023.08.24 ~ 2023.08.30),15145.0,24.75714286,21.74285714,28.51428571,14.31428571,1317.55,2630.75,20482708.5,1284687.5,565.25,114.3
08월 5주 (2023.08.31 ~ 2023.09.06),15858.0,24.57142857,20.81428571,29.58571429,2.685714286,1334.96,2630.75,20482708.5,1284687.5,565.25,120.23
09월 1주 (2023.09.07 ~ 2023.09.13),16327.0,23.3,18.82857143,28.74285714,3.157142857,1328.46,2890.25,23073101.25,1284687.5,565.25,120.23
09월 2주 (2023.09.14 ~ 2023.09.20),20087.0,22.98571429,20.6,26.44285714,18.82857143,1334.03,2890.25,23073101.25,1284687.5,565.25,120.23
09월 3주 (2023.09.21 ~ 2023.09.27),22555.0,20.38571429,17.08571429,24.57142857,3.914285714,1352.31,2890.25,23073101.25,1284687.5,565.25,120.23
10월 1주 (2023.10.04 ~ 2023.10.04),21219.0,18.35714286,13.85714286,24.01428571,0.871428571,1344.61,3722.0,26935562.5,1284687.5,565.25,120.23
10월 1주 (2023.10.05 ~ 2023.10.11),21243.0,15.84285714,11.37142857,21.34285714,0.271428571,1352.21,3722.0,26935563.0,1284687.5,565.25,123.76
10월 2주 (2023.10.12 ~ 2023.10.18),19475.0,14.91428571,9.485714286,21.71428571,0.3,1349.08,3722.0,26935563.0,1284687.5,565.25,123.76
10월 3주 (2023.10.19 ~ 2023.10.25),21553.0,13.1,7.657142857,19.51428571,1.071428571,1354.91,3722.0,26935562.5,1284687.5,565.25,123.76
10월 4주 (2023.10.26 ~ 2023.11.01),21179.0,14.1,8.585714286,21.01428571,0.471428571,1308.23,3722.0,26935562.5,1284687.5,565.25,123.77
11월 1주 (2023.11.02 ~ 2023.11.08),19456.0,15.12857143,10.14285714,20.87142857,5.7,1316.51,4971.0,31882125.0,1284687.5,565.25,123.77
11월 2주 (2023.11.09 ~ 2023.11.15),19169.0,6.157142857,0.842857143,12.07142857,1.114285714,1294.35,4971.0,31882125.0,1284687.5,565.25,123.77
11월 3주 (2023.11.16 ~ 2023.11.22),16659.0,5.971428571,0.4,12.01428571,1.871428571,1302.97,4971.0,31882125.0,1284687.5,565.25,123.77
11월 4주 (2023.11.23 ~ 2023.11.29),15887.0,4.528571429,-0.028571429,9.314285714,0.371428571,1293.4,4971.0,31882125.0,1284687.5,565.25,123.77
11월 5주 (2023.11.30 ~ 2023.12.06),16605.0,2.385714286,-2.928571429,8.242857143,0.371428571,1316.41,4971.0,31882125.0,1284687.5,565.25,117.79
12월 1주 (2023.12.07 ~ 2023.12.13),18968.0,9.471428571,4.671428571,14.32857143,4.942857143,1300.4,6406.0,43669330.0,1284687.5,565.25,117.79
12월 2주 (2023.12.14 ~ 2023.12.20),18859.0,0.028571429,-3.628571429,3.8,8.285714286,1297.25,6406.0,43669330.0,1284687.5,565.25,117.79
12월 3주 (2023.12.21 ~ 2023.12.27),18961.0,-2.942857143,-7.0,2.114285714,0.228571429,1294.4,6406.0,43669330.0,1284687.5,565.25,117.79
12월 4주 (2023.12.28 ~ 2024.01.03),19065.0,2.814285714,-0.914285714,7.214285714,1.028571429,1314.16,6406.0,43669330.0,1284687.5,565.25,117.79
01월 1주 (2024.01.04 ~ 2024.01.10),18566.0,0.7,-3.871428571,5.4,0.385714286,1313.22,6041.75,64091230.0,0.0,565.25,119.27
01월 2주 (2024.01.11 ~ 2024.01.17),17567.0,1.3,-3.928571429,6.685714286,0.885714286,1333.66,6041.75,64091230.0,0.0,565.25,119.27
01월 3주 (2024.01.18 ~ 2024.01.24),16939.0,0.171428571,-2.414285714,3.514285714,3.028571429,1336.75,6042.0,64091230.0,0.0,565.25,119.27
01월 4주 (2024.01.25 ~ 2024.01.31),17100.0,0.142857143,-5.142857143,6.457142857,0.085714286,1337.76,6042.0,64091230.0,0.0,565.25,119.27
02월 1주 (2024.02.01 ~ 2024.02.07),17913.0,3.357142857,0.457142857,6.828571429,2.757142857,1330.07,4299.5,60399070.0,0.0,565.25,122.71
02월 2주 (2024.02.08 ~ 2024.02.14),18728.0,3.9,-1.8,10.31428571,0.314285714,1331.29,4299.5,60399070.0,0.0,565.25,122.71
02월 3주 (2024.02.15 ~ 2024.02.21),18091.0,5.928571429,1.314285714,11.14285714,9.842857143,1329.95,4299.5,60399070.0,0.0,565.25,122.71
02월 4주 (2024.02.22 ~ 2024.02.28),20349.0,3.2,0.0,7.0,1.471428571,1330.52,4299.5,60399070.0,0.0,565.25,122.71
02월 5주 (2024.02.29 ~ 2024.03.06),24831.0,3.642857143,-0.757142857,8.057142857,1.128571429,1316.0,4299.5,60399070.0,0.0,565.25,125.98
03월 1주 (2024.03.07 ~ 2024.03.13),29865.0,4.285714286,-1.171428571,10.14285714,0.214285714,1330.63,5879.25,77965713.0,0.0,565.25,125.98
03월 2주 (2024.03.14 ~ 2024.03.20),26789.0,8.214285714,1.828571429,14.82857143,0.257142857,1343.43,5879.25,77965713.0,0.0,565.25,125.98
03월 3주 (2024.03.21 ~ 2024.03.27),27959.0,9.3,4.071428571,14.72857143,4.628571429,1345.09,5879.25,77965713.0,0.0,565.25,125.98
03월 4주 (2024.03.28 ~ 2024.04.03),31240.0,11.27142857,5.457142857,17.11428571,7.342857143,1350.91,5879.25,77965713.0,0.0,565.25,125.98
04월 1주 (2024.04.04 ~ 2024.04.09),33926.0,13.27142857,7.542857143,19.5,0.071428571,1379.69,10816.975,78738050.53,0.0,565.25,126.54
04월 2주 (2024.04.11 ~ 2024.04.17),37328.0,15.87142857,9.714285714,22.68571429,2.628571429,1374.3,10816.975,78738050.53,0.0,565.25,126.54
04월 3주 (2024.04.18 ~ 2024.04.24),34821.0,15.11428571,10.72857143,19.98571429,2.885714286,1376.43,10816.975,78738050.53,0.0,565.25,126.54
04월 4주 (2024.04.25 ~ 2024.04.30),33520.0,16.31428571,10.81428571,22.91428571,2.085714286,1354.63,10816.975,78738050.53,0.0,565.25,126.54
05월 1주 (2024.05.02 ~ 2024.05.08),33560.0,15.98571429,10.75714286,21.47142857,9.885714286,1369.65,19710.3,98915678.55,0.0,565.25,123.54
05월 2주 (2024.05.09 ~ 2024.05.14),30323.0,16.75714286,9.871428571,23.85714286,4.285714286,1351.76,19710.0,98915679.0,0.0,565.25,123.54
05월 3주 (2024.05.16 ~ 2024.05.22),23036.0,18.44285714,11.85714286,25.41428571,0.514285714,1365.93,19710.0,98915679.0,0.0,565.25,123.54
05월 4주 (2024.05.23 ~ 2024.05.29),22564.0,19.42857143,13.91428571,25.32857143,1.857142857,1381.68,19710.0,98915679.0,0.0,565.25,123.54
05월 5주 (2024.05.30 ~ 2024.06.05),24990.0,19.58571429,14.07142857,25.67142857,0.185714286,1378.8,19710.3,98915678.55,0.0,565.25,121.9
06월 1주 (2024.06.07 ~ 2024.06.12),22951.0,22.24285714,17.02857143,28.15714286,2.057142857,1381.84,12779.6,60714076.88,0.0,565.25,121.9
06월 2주 (2024.06.13 ~ 2024.06.19),20040.0,24.34285714,18.05714286,31.1,0.6,1387.01,12779.6,60714076.88,0.0,565.25,121.9
06월 3주 (2024.06.20 ~ 2024.06.26),19308.0,23.51428571,19.4,28.2,5.571428571,1380.73,12779.6,60714076.88,0.0,565.25,121.9
06월 4주 (2024.06.27 ~ 2024.07.03),19167.0,24.07142857,20.35714286,28.31428571,17.65714286,1376.57,12779.6,60714076.88,0.0,565.25,121.9
07월 1주 (2024.07.04 ~ 2024.07.10),19495.0,25.38571429,22.62857143,28.68571429,20.14285714,1373.67,19061.575,61186338.4,0.0,565.25,119.5
07월 2주 (2024.07.11 ~ 2024.07.17),18556.0,24.81428571,21.92857143,28.71428571,10.65714286,1388.79,19061.575,61186338.4,0.0,565.25,119.5
07월 3주 (2024.07.18 ~ 2024.07.24),18528.0,26.88571429,24.1,30.34285714,13.12857143,1383.72,19061.575,61186338.4,0.0,565.25,119.5
07월 4주 (2024.07.25 ~ 2024.07.31),18177.0,28.4,25.2,32.6,2.871428571,1356.63,19061.575,61186338.4,0.0,565.25,119.5
08월 1주 (2024.08.01 ~ 2024.08.07),18028.0,28.84285714,25.15714286,33.9,2.9,1364.19,3917.56,16858387.18,4615155.910481883,647.5600845601449,120.59
08월 2주 (2024.08.08 ~ 2024.08.14),18759.0,28.14285714,24.0,33.44285714,0.928571429,1349.11,3917.56,16672031.56,4615155.910481883,647.5600845601449,120.59
08월 3주 (2024.08.16 ~ 2024.08.21),18668.0,28.04285714,24.34285714,33.04285714,5.971428571,1323.43,3917.56,16354683.25,4615155.910481883,647.5600845601449,120.59
08월 4주 (2024.08.22 ~ 2024.08.28),18625.0,27.2,23.7,31.8,2.171428571,1336.56,3917.56,16516941.17,4615155.910481883,647.5600845601449,120.59
08월 5주 (2024.08.29 ~ 2024.09.04),17955.0,25.82,21.38571429,31.11428571,0.814285714,1337.26,3917.56,16525591.63,4615155.910481883,647.5600845601449,132.89
