week,家概啊,乞闭扁柯,弥历扁柯,弥绊扁柯,碍荐樊,券啦,荐免樊,荐免啊,荐涝樊,荐涝啊,积魂樊,犁硅搁利,拱啊瘤荐,market price,
01岿 1林 (2014.01.02 ~ 2014.01.08),1132,1.657142857,-3.242857143,7.628571429,0.442857143,1061.77,115,5763.8865,480,125853180,27020,382.8846154,50,82.358,10000
01岿 2林 (2014.01.09 ~ 2014.01.15),1062,-2.7,-7.728571429,2.9,0,1061.8,115,5763.8865,480,125853180,27020,382.8846154,50,82.358,
01岿 3林 (2014.01.16 ~ 2014.01.22),1060,-1.128571429,-5.742857143,4.057142857,0.414285714,1080.35,115,5763.8865,480,125853180,27020,382.8846154,50,82.358,
01岿 4林 (2014.01.23 ~ 2014.01.29),992,-1,-4.314285714,9.1,0.414285714,1081.31,115,5763.8865,480,125853180,27020,382.8846154,50,82.358,
02岿 1林 (2014.02.03 ~ 2014.02.05),1007,2.671428571,-2.285714286,8.085714286,1.071428571,1075,97,4893.5061,169,51969740,27020,382.8846154,44.793,83.296,
02岿 1林 (2014.02.06 ~ 2014.02.12),1045,0.828571429,-2.514285714,4.9,1.814285714,1063.5,97,4893.5061,169,51969740,27020,382.8846154,45,83.296,
02岿 2林 (2014.02.13 ~ 2014.02.19),1030,2.285714286,-2.157142857,7.371428571,0.771428571,1073,97,4893.5061,169,51969740,27020,382.8846154,45,83.296,
02岿 3林 (2014.02.20 ~ 2014.02.26),1049,3.328571429,-2.657142857,10.3,0.585714286,1066.46,97,4893.5061,169,51969740,27020,382.8846154,45,83.296,
02岿 4林 (2014.02.27 ~ 2014.03.05),988,5.685714286,0.957142857,11.22857143,0.557142857,1065.15,97,4893.5061,169,51969740,27020,382.8846154,45,83.296,
03岿 1林 (2014.03.06 ~ 2014.03.12),979,2.914285714,-2.871428571,8.557142857,3.471428571,1071.23,51,2251.001,202,61363481,27020,382.8846154,43.357,83.205,
03岿 2林 (2014.03.13 ~ 2014.03.19),1033,8.428571429,2.9,14.15714286,1.571428571,1080,51,2251.001,202,61363481,27020,383,43,83.205,
03岿 3林 (2014.03.20 ~ 2014.03.26),1035,9.771428571,3.971428571,15.74285714,2.985714286,1070,51,2251.001,202,61363481,27020,383,43,83.205,
03岿 4林 (2014.03.27 ~ 2014.04.02),1009,13.54285714,7.285714286,20.58571429,2.071428571,1054.3,51,2251.001,202,61363481,27020,383,43,83.205,
04岿 1林 (2014.04.03 ~ 2014.04.09),1037,9.8,3.457142857,16.71428571,0.9,1035.65,5,469.0744,126,39096846,27020,383,44.075,83.054,
04岿 2林 (2014.04.10 ~ 2014.04.16),1086,14,8.028571429,20.71428571,0.371428571,1038,5,469.0744,126,39096846,27020,383,44,83.054,
04岿 3林 (2014.04.17 ~ 2014.04.23),1108,14.04285714,8.442857143,20.45714286,1.885714286,1041.2,5,469.0744,126,39096846,27020,383,44,83.054,
04岿 4林 (2014.04.24 ~ 2014.04.30),1192,15.52857143,10.8,20.74285714,9.085714286,1030.12,5,469.0744,126,39096846,27020,383,44,83.054,
05岿 1林 (2014.05.02 ~ 2014.05.07),1175,14.42857143,7.828571429,21.41428571,0.257142857,1024.2,7,441.6213,138,40082625,27020,383,44.524,82.729,
05岿 2林 (2014.05.08 ~ 2014.05.14),1210,17.41428571,11.4,23.61428571,5.485714286,1023.82,7,441.6213,138,40082625,27020,383,45,82.729,
05岿 3林 (2014.05.15 ~ 2014.05.21),1265,18.72857143,12.74285714,25.25714286,0.642857143,1024.85,7,441.6213,138,40082625,27020,383,45,82.729,
05岿 4林 (2014.05.22 ~ 2014.05.28),1330,20.72857143,15.12857143,26.94285714,1.6,1020.8,7,441.6213,138,40082625,27020,383,45,82.729,
05岿 5林 (2014.05.29 ~ 2014.06.03),1350,22.24285714,16.97142857,28.04285714,4.114285714,1019.95,7,441.6213,138,40082625,27020,383,45,82.729,
06岿 1林 (2014.06.05 ~ 2014.06.11),1495,20.85714286,17.41428571,25.54285714,1.685714286,1018.05,12,1067.6573,151,44689519,27020,383,51.203,81.671,
06岿 2林 (2014.06.12 ~ 2014.06.18),1456,21.74285714,17.21428571,27.22857143,1.485714286,1021.21,12,1067.6573,151,44689519,27020,383,51,81.671,
06岿 3林 (2014.06.19 ~ 2014.06.25),1452,21.95714286,18.31428571,26.68571429,3.542857143,1014.12,12,1067.6573,151,44689519,27020,383,51,81.671,
06岿 4林 (2014.06.26 ~ 2014.07.02),1359,23.78571429,19.37142857,29.28571429,1.671428571,1009.45,12,1067.6573,151,44689519,27020,383,51,81.671,
07岿 1林 (2014.07.03 ~ 2014.07.09),1426,23.41428571,20.37142857,27.3,6.828571429,1019.05,2,116.2545,146,42449340,27020,383,53.017,81.754,
07岿 2林 (2014.07.10 ~ 2014.07.16),1451,25.32857143,21.5,30.21428571,1.9,1029.5,2,116.2545,146,42449340,27020,383,53,81.754,
07岿 3林 (2014.07.17 ~ 2014.07.23),1370,25.82857143,22.51428571,30.21428571,6.914285714,1026.05,2,116.2545,146,42449340,27020,383,53,81.754,
07岿 4林 (2014.07.24 ~ 2014.07.30),1453,25.6,21.38571429,30.6,4.071428571,1037.75,2,116.2545,146,42449340,27020,383,53,81.754,
07岿 5林 (2014.07.31 ~ 2014.08.06),1509,26.48571429,23.61428571,30.41428571,15.02857143,1036.55,2,116.2545,146,42449340,27020,383,53,81.754,
08岿 1林 (2014.08.07 ~ 2014.08.13),1599,23.68571429,20.41428571,27.94285714,6.842857143,1021.2,4,205.5125,100,29912063,27020,383,53.337,82.994,
08岿 2林 (2014.08.14 ~ 2014.08.20),1479,22.75714286,20.47142857,26.02857143,17.71428571,1018,4,205.5125,100,29912063,27020,383,53,82.994,
08岿 3林 (2014.08.21 ~ 2014.08.27),1550,23.87142857,20.94285714,27.94285714,13.11428571,1014.1,4,205.5125,100,29912063,27020,383,53,82.994,
08岿 4林 (2014.08.28 ~ 2014.09.03),1490,21.74285714,17.88571429,26.51428571,6.3,1024.65,4,205.5125,100,29912063,27020,383,53,82.994,
09岿 1林 (2014.09.04 ~ 2014.09.05),1571,22.54285714,17.85714286,28.74285714,0.142857143,1035.3,10,854.2394,97,28660069,27020,383,57.723,83.953,
09岿 2林 (2014.09.11 ~ 2014.09.17),1589,21.1,16.67142857,26.62857143,0.428571429,1044.2,10,854.2394,97,28660069,27020,383,58,83.953,
09岿 3林 (2014.09.18 ~ 2014.09.24),1573,19.45714286,14.38571429,25.47142857,10,1044.35,10,854.2394,97,28660069,27020,383,58,83.953,
09岿 4林 (2014.09.25 ~ 2014.10.01),1622,19.71428571,16,24.7,0.985714286,1061.35,10,854.2394,97,28660069,27020,383,58,83.953,
10岿 1林 (2014.10.02 ~ 2014.10.08),1582,16.31428571,11.05714286,22.51428571,0.4,1074.1,11,908.897,85,23841520,27020,383,59.249,80.982,
10岿 2林 (2014.10.10 ~ 2014.10.15),1517,16.1,10.38571429,22.5,2.128571429,1063.37,11,908.897,85,23841520,27020,383,59,80.982,
10岿 3林 (2014.10.16 ~ 2014.10.22),1466,14.1,8.871428571,20.02857143,10.72857143,1057.5,11,908.897,85,23841520,27020,383,59,80.982,
10岿 4林 (2014.10.23 ~ 2014.10.29),1479,12.87142857,7,20.6,0.014285714,1073.6,11,908.897,85,23841520,27020,383,59,80.982,
10岿 5林 (2014.10.30 ~ 2014.11.05),1368,11.62857143,6.871428571,17.07142857,3.928571429,1086.84,11,908.897,85,23841520,27020,383,59,80.982,
11岿 1林 (2014.11.06 ~ 2014.11.12),1368,10.11428571,4.885714286,16.2,0.8,1100.84,24,1371.4054,226,69091215,27020,383,54.693,80.219,
11岿 2林 (2014.11.13 ~ 2014.11.19),1245,5.514285714,0.628571429,11.52857143,0.142857143,1111.25,24,1371.4054,226,69091215,27020,383,55,80.219,
11岿 3林 (2014.11.20 ~ 2014.11.26),1226,8.828571429,4.285714286,14.34285714,4.414285714,1113.17,24,1371.4054,226,69091215,27020,383,55,80.219,
11岿 4林 (2014.11.27 ~ 2014.12.03),1199,5.571428571,1.371428571,10.11428571,2.885714286,1121.6,24,1371.4054,226,69091215,27020,383,55,80.219,
12岿 1林 (2014.12.04 ~ 2014.12.10),1311,-0.657142857,-4.7,3.971428571,0.771428571,1104.35,114,5491.158,152,46333500,27020,383,47.724,81.573,
12岿 2林 (2014.12.11 ~ 2014.12.17),1376,-0.957142857,-4.957142857,2.957142857,1.571428571,1100.11,114,5491.158,152,46333500,27020,383,48,81.573,
12岿 3林 (2014.12.18 ~ 2014.12.24),1345,-1.271428571,-6.385714286,3.928571429,0.571428571,1099.8,114,5491.158,152,46333500,27020,383,48,81.573,
12岿 4林 (2014.12.26 ~ 2014.12.31),1340,0.385714286,-4.357142857,6.171428571,0.128571429,1106.92,114,5491.158,152,46333500,27020,383,48,81.573,
01岿 1林 (2015.01.02 ~ 2015.01.07),1289,-0.857142857,-5.628571429,4.542857143,1.371428571,1085.82,124,5985.5796,124,30428566,26028,366.8269231,50.396,83.728,
01岿 2林 (2015.01.08 ~ 2015.01.14),1334,0.1,-4.8,5.642857143,0.071428571,1079.07,124,5985.5796,124,30428566,26028,366.8269231,50,83.728,
01岿 3林 (2015.01.15 ~ 2015.01.21),1258,1.385714286,-3.214285714,6.142857143,0.757142857,1077.51,124,5985.5796,124,30428566,26028,366.8269231,50,83.728,
01岿 4林 (2015.01.22 ~ 2015.01.28),1222,2.114285714,-1.771428571,6.7,1.142857143,1102.4,124,5985.5796,124,30428566,26028,366.8269231,50,83.728,
01岿 5林 (2015.01.29 ~ 2015.02.04),1208,-0.414285714,-5.157142857,5.242857143,0.228571429,1098.01,124,5985.5796,124,30428566,26028,366.8269231,50,83.728,
02岿 1林 (2015.02.05 ~ 2015.02.11),1255,0.385714286,-4.5,5.914285714,0.057142857,1097.88,106,5251.4321,92,23792288,26028,366.8269231,51.619,84.803,
02岿 2林 (2015.02.12 ~ 2015.02.17),1206,2.742857143,-1.214285714,6.885714286,2.028571429,1110.56,106,5251.4321,92,23792288,26028,366.8269231,52,84.803,
02岿 4林 (2015.02.23 ~ 2015.02.25),1216,4.428571429,-0.171428571,9.771428571,1.314285714,1101.28,106,5251.4321,92,23792288,26028,366.8269231,52,84.803,
02岿 4林 (2015.02.26 ~ 2015.03.04),1298,2.257142857,-1.9,6.942857143,0.785714286,1110.81,106,5251.4321,92,23792288,26028,366.8269231,52,84.803,
03岿 1林 (2015.03.05 ~ 2015.03.11),1281,2.8,-3.685714286,9.457142857,0.014285714,1138.12,43,2254.938,135,29861512,26028,367,52.002,83.141,
03岿 2林 (2015.03.12 ~ 2015.03.18),1250,7.271428571,0.742857143,14.12857143,4.714285714,1113.51,43,2254.938,135,29861512,26028,367,52,83.141,
03岿 3林 (2015.03.19 ~ 2015.03.25),1254,8.771428571,2.642857143,15.98571429,0.071428571,1103.73,43,2254.938,135,29861512,26028,367,52,83.141,
03岿 4林 (2015.03.26 ~ 2015.04.01),1286,11.2,4.342857143,18.05714286,0.714285714,1086.48,43,2254.938,135,29861512,26028,367,52,83.141,
04岿 1林 (2015.04.02 ~ 2015.04.08),1284,10.45714286,7.185714286,14.67142857,6.128571429,1093.96,5,403.6379,49,13761149,26028,367,54.028,83.208,
04岿 2林 (2015.04.09 ~ 2015.04.15),1325,10.54285714,5.085714286,16.45714286,2.757142857,1083.79,5,403.6379,49,13761149,26028,367,54,83.208,
04岿 3林 (2015.04.16 ~ 2015.04.22),1341,12.71428571,6.642857143,19.24285714,4.328571429,1076.39,5,403.6379,49,13761149,26028,367,54,83.208,
04岿 4林 (2015.04.23 ~ 2015.04.29),1344,16.57142857,9.414285714,23.57142857,4.485714286,1081.35,5,403.6379,49,13761149,26028,367,54,83.208,
04岿 5林 (2015.04.30 ~ 2015.05.06),1334,17.14285714,11.32857143,23.22857143,2.142857143,1087.99,5,403.6379,49,13761149,26028,367,54,83.208,
05岿 1林 (2015.05.07 ~ 2015.05.13),1316,17.11428571,11.14285714,23.21428571,4.714285714,1083.72,12,964.0894,73,20689179,26028,367,53.549,84.988,
05岿 2林 (2015.05.14 ~ 2015.05.20),1355,18.1,12.47142857,24.18571429,0.857142857,1096.68,12,964.0894,73,20689179,26028,367,54,84.988,
05岿 3林 (2015.05.21 ~ 2015.05.27),1409,20.47142857,12.68571429,28.42857143,0,1113.01,12,964.0894,73,20689179,26028,367,54,84.988,
05岿 4林 (2015.05.28 ~ 2015.06.03),1589,21.27142857,15.45714286,27.62857143,0.442857143,1124.54,12,964.0894,73,20689179,26028,367,54,84.988,
06岿 1林 (2015.06.04 ~ 2015.06.10),1802,20.58571429,14.58571429,26.85714286,0.642857143,1112.17,7,549.8562,24,7034790,26028,367,58.616,84.61,
06岿 2林 (2015.06.11 ~ 2015.06.17),1836,22.34285714,18.21428571,27.67142857,1.742857143,1103.2,7,549.8562,24,7034790,26028,367,59,84.61,
06岿 3林 (2015.06.18 ~ 2015.06.24),1825,21.91428571,17.94285714,26.98571429,2.714285714,1122.95,7,549.8562,24,7034790,26028,367,59,84.61,
06岿 4林 (2015.06.25 ~ 2015.07.01),1862,21.98571429,18.55714286,26.48571429,8.614285714,1122.6,7,549.8562,24,7034790,26028,367,59,84.61,
07岿 1林 (2015.07.02 ~ 2015.07.08),1921,21.57142857,17.34285714,26.31428571,5.371428571,1131.2,3,383.4765,102,32049720,26028,367,71.08,84.182,
07岿 2林 (2015.07.09 ~ 2015.07.15),2280,24.6,21.3,28.91428571,11.11428571,1150.18,3,383.4765,102,32049720,26028,367,71,84.182,
07岿 3林 (2015.07.16 ~ 2015.07.22),2407,23.72857143,20.64285714,27.75714286,1.642857143,1170.35,3,383.4765,102,32049720,26028,367,71,84.182,
07岿 4林 (2015.07.23 ~ 2015.07.29),2261,26.61428571,23.71428571,30.35714286,7.5,1166.67,3,383.4765,102,32049720,26028,367,71,84.182,
07岿 5林 (2015.07.30 ~ 2015.08.05),2127,27.95714286,23.94285714,33.11428571,0.9,1164.7,3,383.4765,102,32049720,26028,367,71,84.182,
08岿 1林 (2015.08.06 ~ 2015.08.12),2015,26.58571429,22.5,31.97142857,2.971428571,1179.33,7,555.5448,0,265275,26028,367,87.07,85.206,
08岿 2林 (2015.08.13 ~ 2015.08.19),1816,25.12857143,21.08571429,30.35714286,2.271428571,1195.85,7,555.5448,0,265275,26028,367,87,85.206,
08岿 3林 (2015.08.20 ~ 2015.08.26),1874,23.61428571,20.87142857,27.54285714,8.9,1179.87,7,555.5448,0,265275,26028,367,87,85.206,
08岿 4林 (2015.08.27 ~ 2015.09.02),1844,23.22857143,19.18571429,28.51428571,2.957142857,1201.33,7,555.5448,0,265275,26028,367,87,85.206,
09岿 1林 (2015.09.03 ~ 2015.09.09),1780,21.4,17.02857143,26.71428571,2.557142857,1182.69,5,440.3756,77,25173548,26028,367,76.926,85.046,
09岿 2林 (2015.09.10 ~ 2015.09.16),1691,19.47142857,14.02857143,25.32857143,0.985714286,1173.04,5,440.3756,77,25173548,26028,367,77,85.046,
09岿 3林 (2015.09.17 ~ 2015.09.23),1540,19.97142857,15.04285714,26.02857143,1.828571429,1193.07,5,440.3756,77,25173548,26028,367,77,85.046,
09岿 4林 (2015.09.24 ~ 2015.09.30),1513,20.22857143,15.15714286,26.4,0.414285714,1173.1,5,440.3756,77,25173548,26028,367,77,85.046,
10岿 1林 (2015.10.01 ~ 2015.10.07),1467,17.05714286,11.17142857,23.94285714,5.342857143,1148.05,7,660.5018,5,2448110,26028,367,58.444,83.376,
10岿 2林 (2015.10.08 ~ 2015.10.14),1517,14.74285714,9.328571429,21.01428571,1.142857143,1131.44,7,660.5018,5,2448110,26028,367,58,83.376,
10岿 3林 (2015.10.15 ~ 2015.10.21),1360,16.27142857,10.58571429,24.11428571,0.042857143,1136.01,7,660.5018,5,2448110,26028,367,58,83.376,
10岿 4林 (2015.10.22 ~ 2015.10.28),1358,14.67142857,10.02857143,20.24285714,2.6,1141.16,7,660.5018,5,2448110,26028,367,58,83.376,
10岿 5林 (2015.10.29 ~ 2015.11.04),1340,9.042857143,3.414285714,15.55714286,0.1,1152.78,7,660.5018,5,2448110,26028,367,58,83.376,
11岿 1林 (2015.11.05 ~ 2015.11.11),1352,12.65714286,9.214285714,16.77142857,7.114285714,1170.34,49,3112.9056,124,33066144,26028,367,51.235,81.294,
11岿 2林 (2015.11.12 ~ 2015.11.18),1354,13.08571429,10.31428571,16.22857143,7.014285714,1154.62,49,3112.9056,124,33066144,26028,367,51,81.294,
11岿 3林 (2015.11.19 ~ 2015.11.25),1349,9.585714286,6.914285714,12.64285714,3.442857143,1156.83,49,3112.9056,124,33066144,26028,367,51,81.294,
11岿 4林 (2015.11.26 ~ 2015.12.02),1380,4.114285714,0.314285714,8.614285714,1.514285714,1163.64,49,3112.9056,124,33066144,26028,367,51,81.294,
12岿 1林 (2015.12.03 ~ 2015.12.09),1426,4.114285714,-0.342857143,9.057142857,0.5,1187.58,388,18774.854,365,96858768,26028,367,46.795,83.779,
12岿 2林 (2015.12.10 ~ 2015.12.16),1349,6.3,3.057142857,9.842857143,3.514285714,1182.43,388,18774.854,365,96858768,26028,367,47,83.779,
12岿 3林 (2015.12.17 ~ 2015.12.23),1331,2.242857143,-1.871428571,6.914285714,0.657142857,1170.95,388,18774.854,365,96858768,26028,367,47,83.779,
12岿 4林 (2015.12.24 ~ 2015.12.30),1346,0.814285714,-3.828571429,6.057142857,0.185714286,1175.45,388,18774.854,365,96858768,26028,367,47,83.779,
12岿 5林 (2015.12.31 ~ 2016.01.06),1316,3.042857143,-1.542857143,8.271428571,0.114285714,1207.94,388,18774.854,365,96858768,26028,367,47,83.779,
01岿 1林 (2016.01.07 ~ 2016.01.13),1268,-0.242857143,-4.2,4.385714286,0.114285714,1214.81,203,10686.351,90,23419167,21087,353.6538462,47.202,85.004,
01岿 2林 (2016.01.14 ~ 2016.01.20),1328,-2.114285714,-6.285714286,2.657142857,0.742857143,1197.57,203,10686.351,90,23419167,21087,353.6538462,47,85.004,
01岿 3林 (2016.01.21 ~ 2016.01.27),1431,-4.971428571,-9.628571429,-0.271428571,0.442857143,1208.11,203,10686.351,90,23419167,21087,353.6538462,47,85.004,
01岿 4林 (2016.01.28 ~ 2016.02.03),1811,-0.542857143,-4.542857143,3.8,2.214285714,1206.35,203,10686.351,90,23419167,21087,353.6538462,47,85.004,
02岿 1林 (2016.02.04 ~ 2016.02.05),2103,0.5,-5.171428571,6.471428571,0.1,1207,141,7166.1524,5,2508237,21087,353.6538462,55.132,89.017,
02岿 2林 (2016.02.11 ~ 2016.02.17),1915,3.9,-0.671428571,8.857142857,4.828571429,1233.87,141,7166.1524,5,2508237,21087,353.6538462,55,89.017,
02岿 3林 (2016.02.18 ~ 2016.02.24),1742,2.514285714,-2.114285714,7.385714286,0.128571429,1243.13,141,7166.1524,5,2508237,21087,353.6538462,55,89.017,
02岿 4林 (2016.02.25 ~ 2016.03.02),1733,1.757142857,-3.342857143,7.2,1.185714286,1198.5,141,7166.1524,5,2508237,21087,353.6538462,55,89.017,
03岿 1林 (2016.03.03 ~ 2016.03.09),1817,8.085714286,3.442857143,13.2,6.414285714,1187.9,61,3935.6361,9,2539647,21087,354,73.59,87.002,
03岿 2林 (2016.03.10 ~ 2016.03.16),1923,3.914285714,-1.285714286,9.757142857,0.042857143,1164.3,61,3935.6361,9,2539647,21087,354,74,87.002,
03岿 3林 (2016.03.17 ~ 2016.03.23),1901,9.428571429,3.671428571,15.77142857,1.414285714,1169.05,61,3935.6361,9,2539647,21087,354,74,87.002,
03岿 4林 (2016.03.24 ~ 2016.03.30),1906,8.4,2.1,15.01428571,0.142857143,1147.89,61,3935.6361,9,2539647,21087,354,74,87.002,
03岿 5林 (2016.03.31 ~ 2016.04.06),1912,12.45714286,6.014285714,19.48571429,3.357142857,1151.64,61,3935.6361,9,2539647,21087,354,74,87.002,
04岿 1林 (2016.04.07 ~ 2016.04.12),1905,13.24285714,8.214285714,19.5,5.171428571,1146.99,12,881.6066,30,7762776,21087,354,72.858,86.818,
04岿 2林 (2016.04.14 ~ 2016.04.20),2146,13.64285714,8.157142857,19.8,5.8,1149.99,12,881.6066,30,7762776,21087,354,73,86.818,
04岿 3林 (2016.04.21 ~ 2016.04.27),2193,15.1,9.571428571,21.5,7.885714286,1144.83,12,881.6066,30,7762776,21087,354,73,86.818,
04岿 4林 (2016.04.28 ~ 2016.05.04),2107,16.25714286,10.34285714,22.57142857,5.328571429,1169.3,12,881.6066,30,7762776,21087,354,73,86.818,
05岿 2林 (2016.05.09 ~ 2016.05.11),2194,16.9,11.57142857,22.74285714,3.385714286,1176.8,3,327.9256,29,9734046,21087,354,89.172,85.5,
05岿 2林 (2016.05.12 ~ 2016.05.18),2231,17.64285714,10.71428571,24.77142857,2.657142857,1186.2,3,327.9256,29,9734046,21087,354,89,85.5,
05岿 3林 (2016.05.19 ~ 2016.05.25),2189,19.78571429,12.88571429,26.81428571,2.9,1186.25,3,327.9256,29,9734046,21087,354,89,85.5,
05岿 4林 (2016.05.26 ~ 2016.06.01),2118,20.98571429,15.65714286,27.14285714,0.171428571,1163.55,3,327.9256,29,9734046,21087,354,89,85.5,
06岿 1林 (2016.06.02 ~ 2016.06.08),1960,20.55714286,15.92857143,25.57142857,0.942857143,1171.53,7,620.5422,97,26397853,21087,354,93.89,83.384,
06岿 2林 (2016.06.09 ~ 2016.06.15),1824,22.54285714,18.72857143,27.45714286,1.442857143,1170.46,7,620.5422,97,26397853,21087,354,94,83.384,
06岿 3林 (2016.06.16 ~ 2016.06.22),1749,23.2,19.07142857,28.18571429,2.414285714,1171.95,7,620.5422,97,26397853,21087,354,94,83.384,
06岿 4林 (2016.06.23 ~ 2016.06.29),1748,22.75714286,18.67142857,27.47142857,4.685714286,1150,7,620.5422,97,26397853,21087,354,94,83.384,
06岿 5林 (2016.06.30 ~ 2016.07.06),1775,23.6,21.02857143,27.11428571,31.94285714,1149.8,7,620.5422,97,26397853,21087,354,94,83.384,
07岿 1林 (2016.07.07 ~ 2016.07.13),1817,25.35714286,21.61428571,30.22857143,1.914285714,1138.6,4,282.1676,24,5822674,21087,354,63.369,83.888,
07岿 2林 (2016.07.14 ~ 2016.07.20),1759,24.07142857,20.7,28.28571429,4.571428571,1136.35,4,282.1676,24,5822674,21087,354,63,83.888,
07岿 3林 (2016.07.21 ~ 2016.07.27),1803,26.84285714,23.14285714,31.42857143,1.885714286,1112.24,4,282.1676,24,5822674,21087,354,63,83.888,
07岿 4林 (2016.07.28 ~ 2016.08.03),1851,27.57142857,24.08571429,32.44285714,4.042857143,1115.27,4,282.1676,24,5822674,21087,354,63,83.888,
08岿 1林 (2016.08.04 ~ 2016.08.10),1839,28.11428571,23.71428571,33.7,1.142857143,1103.49,4,353.4214,33,9160378,21087,354,65.943,85.6,
08岿 2林 (2016.08.11 ~ 2016.08.17),1849,28.78571429,24.35714286,34.42857143,1.185714286,1115.57,4,353.4214,33,9160378,21087,354,66,85.6,
08岿 3林 (2016.08.18 ~ 2016.08.24),1961,27.85714286,23.47142857,33.48571429,0.585714286,1122.52,4,353.4214,33,9160378,21087,354,66,85.6,
08岿 4林 (2016.08.25 ~ 2016.08.31),2263,21.95714286,17.95714286,26.67142857,6.942857143,1116.45,4,353.4214,33,9160378,21087,354,66,85.6,
09岿 1林 (2016.09.01 ~ 2016.09.07),2849,23.54285714,20.22857143,28.04285714,8.014285714,1108.73,4,349.7567,75,18491605,21087,354,72.562,92.811,
09岿 2林 (2016.09.08 ~ 2016.09.13),2967,22.48571429,18.71428571,27.62857143,2.671428571,1126.06,4,349.7567,75,18491605,21087,354,73,92.811,
09岿 3林 (2016.09.19 ~ 2016.09.21),3034,20.41428571,16.94285714,24.52857143,13.9,1104.02,4,349.7567,75,18491605,21087,354,73,92.811,
09岿 4林 (2016.09.22 ~ 2016.09.28),2969,20.84285714,16.92857143,26.04285714,2.171428571,1101.91,4,349.7567,75,18491605,21087,354,73,92.811,
09岿 5林 (2016.09.29 ~ 2016.10.05),2991,20.04285714,17.05714286,23.8,12.01428571,1115.76,4,349.7567,75,18491605,21087,354,73,92.811,
10岿 1林 (2016.10.06 ~ 2016.10.12),3358,15.72857143,11.62857143,21.04285714,4.7,1136.41,11,874.8281,212,43425281,21087,354,121.784,89.764,
10岿 2林 (2016.10.13 ~ 2016.10.19),3404,16.17142857,11.84285714,22.14285714,2.685714286,1136.21,11,874.8281,212,43425281,21087,354,122,89.764,
10岿 3林 (2016.10.20 ~ 2016.10.26),3387,15.31428571,11.77142857,19.55714286,2.414285714,1147.32,11,874.8281,212,43425281,21087,354,122,89.764,
10岿 4林 (2016.10.27 ~ 2016.11.02),3223,9.357142857,4.971428571,13.98571429,0.957142857,1141.45,11,874.8281,212,43425281,21087,354,122,89.764,
11岿 1林 (2016.11.03 ~ 2016.11.09),2658,9.957142857,4.957142857,15.62857143,0.728571429,1165.58,21,1726.0058,375,84169761,21087,354,123.089,87.833,
11岿 2林 (2016.11.10 ~ 2016.11.16),2420,9.942857143,4.428571429,15.98571429,1.328571429,1181.08,21,1726.0058,375,84169761,21087,354,123,87.833,
11岿 3林 (2016.11.17 ~ 2016.11.23),2396,9.142857143,4.7,14.1,2.157142857,1175.77,21,1726.0058,375,84169761,21087,354,123,87.833,
11岿 4林 (2016.11.24 ~ 2016.11.30),2438,3,-1.242857143,7.928571429,0.742857143,1167.32,21,1726.0058,375,84169761,21087,354,123,87.833,
12岿 1林 (2016.12.01 ~ 2016.12.07),2381,4.3,-1.128571429,10.17142857,0.042857143,1172.89,53,5374.4654,222,58247187,21087,354,102.393,89.412,
12岿 2林 (2016.12.08 ~ 2016.12.14),2481,2.857142857,-2.142857143,8.314285714,0.8,1186.58,53,5374.4654,222,58247187,21087,354,102,89.412,
12岿 3林 (2016.12.15 ~ 2016.12.21),2834,4.057142857,-0.671428571,9.071428571,4.185714286,1200.36,53,5374.4654,222,58247187,21087,354,102,89.412,
12岿 4林 (2016.12.22 ~ 2016.12.28),2987,2.557142857,-1.128571429,6.928571429,3.928571429,1207.26,53,5374.4654,222,58247187,21087,354,102,89.412,
12岿 5林 (2016.12.29 ~ 2017.01.04),3014,2.157142857,-2.528571429,7.871428571,0.028571429,1202,53,5374.4654,222,58247187,21087,354,102,89.412,
01岿 1林 (2017.01.05 ~ 2017.01.11),3064,3.4,-1,8,0.557142857,1175,57,5264.4218,262,60989284,24145,420.7115385,118.023,93.827,
01岿 2林 (2017.01.12 ~ 2017.01.18),2722,-2.214285714,-7.014285714,3.471428571,0.071428571,1175.39,57,5264.4218,262,60989284,24145,420.7115385,118,93.827,
01岿 3林 (2017.01.19 ~ 2017.01.25),2543,-3.171428571,-7.871428571,2,0.657142857,1178.82,57,5264.4218,262,60989284,24145,420.7115385,118,93.827,
01岿 4林 (2017.01.26 ~ 2017.02.01),2495,-0.1,-5.528571429,5.5,0.9,1138.52,57,5264.4218,262,60989284,24145,420.7115385,118,93.827,
02岿 1林 (2017.02.02 ~ 2017.02.08),2418,1.557142857,-3.242857143,6.914285714,0.271428571,1146.6,111,8250.4693,142,29966654,24145,420.7115385,117.491,94.121,
02岿 2林 (2017.02.09 ~ 2017.02.15),2392,-0.685714286,-5.714285714,4.828571429,0.157142857,1150.78,111,8250.4693,142,29966654,24145,420.7115385,117,94.121,
02岿 3林 (2017.02.16 ~ 2017.02.22),2298,3.342857143,-3.185714286,9.285714286,3.8,1130.5,111,8250.4693,142,29966654,24145,420.7115385,117,94.121,
02岿 4林 (2017.02.23 ~ 2017.02.28),2265,3.3,-2.228571429,9.585714286,0.314285714,1152.32,111,8250.4693,142,29966654,24145,421,117,94.121,
03岿 1林 (2017.03.02 ~ 2017.03.08),2252,3.328571429,-1.9,9.114285714,0.428571429,1148.81,80,5467.749,269,64704080,24145,421,96.807,92.719,
03岿 2林 (2017.03.09 ~ 2017.03.15),2246,6.228571429,-0.485714286,13.35714286,0.085714286,1129.04,80,5467.749,269,64704080,24145,421,97,92.719,
03岿 3林 (2017.03.16 ~ 2017.03.22),2183,7.471428571,0.614285714,14.77142857,0.614285714,1117.56,80,5467.749,269,64704080,24145,421,97,92.719,
03岿 4林 (2017.03.23 ~ 2017.03.29),2099,7.271428571,2.857142857,12.47142857,1.485714286,1117.65,80,5467.749,269,64704080,24145,421,97,92.719,
03岿 5林 (2017.03.30 ~ 2017.04.05),2124,10.44285714,4.571428571,16.6,3.557142857,1137.89,80,5467.749,269,64704080,24145,421,97,92.719,
04岿 1林 (2017.04.06 ~ 2017.04.12),2136,13.42857143,8.6,19.38571429,3.042857143,1135.45,49,3394.0431,105,23144074,24145,421,85.647,90.99,
04岿 2林 (2017.04.13 ~ 2017.04.19),2073,14.77142857,8.785714286,21.27142857,2.771428571,1133.57,49,3394.0431,105,23144074,24145,421,86,90.99,
04岿 3林 (2017.04.20 ~ 2017.04.26),1978,14.17142857,8.071428571,20.61428571,0.428571429,1136.87,49,3394.0431,105,23144074,24145,421,86,90.99,
04岿 4林 (2017.04.27 ~ 2017.05.02),1974,16.85714286,8.985714286,24.65714286,0,1134.71,49,3394.0431,105,23144074,24145,421,86,90.99,
05岿 1林 (2017.05.04 ~ 2017.05.10),1973,17.35714286,11.85714286,23.21428571,2.328571429,1122.41,6,599.5406,0,1688,24145,421,80.823,90.99,
05岿 2林 (2017.05.11 ~ 2017.05.17),2003,17.28571429,11.8,23.34285714,0.8,1116.61,6,599.5406,0,1688,24145,421,81,90.99,
05岿 3林 (2017.05.18 ~ 2017.05.24),1914,20.35714286,13.62857143,27.34285714,0.714285714,1117.83,6,599.5406,0,1688,24145,421,81,90.99,
05岿 4林 (2017.05.25 ~ 2017.05.31),1879,20.27142857,13.57142857,27.4,0.357142857,1117.39,6,599.5406,0,1688,24145,421,81,90.99,
06岿 1林 (2017.06.01 ~ 2017.06.07),1819,19.32857143,13.94285714,25.1,2.757142857,1124.29,8,1221.6995,8,4226483,24145,421,88.913,89.378,
06岿 2林 (2017.06.08 ~ 2017.06.14),1859,20.5,15.14285714,26.58571429,0.542857143,1132.07,8,1221.6995,8,4226483,24145,421,89,89.378,
06岿 3林 (2017.06.15 ~ 2017.06.21),1749,23.05714286,16.98571429,29.78571429,0.342857143,1133.89,8,1221.6995,8,4226483,24145,421,89,89.378,
06岿 4林 (2017.06.22 ~ 2017.06.28),1770,23.42857143,19.18571429,29.11428571,4.257142857,1144.43,8,1221.6995,8,4226483,24145,421,89,89.378,
06岿 5林 (2017.06.29 ~ 2017.07.05),1790,25.3,22.28571429,29.55714286,12.08571429,1152.74,8,1221.6995,8,4226483,24145,421,89,89.378,
07岿 1林 (2017.07.06 ~ 2017.07.12),1791,26.25714286,23.15714286,30.28571429,12.12857143,1128.09,2,183.9632,30,9365139,24145,421,81.384,89.731,
07岿 2林 (2017.07.13 ~ 2017.07.19),1794,26.55714286,23.12857143,31.2,9.314285714,1117.83,2,183.9632,30,9365139,24145,421,81,89.731,
07岿 3林 (2017.07.20 ~ 2017.07.26),2150,27.47142857,24.14285714,31.77142857,5.6,1123.69,2,183.9632,30,9365139,24145,421,81,89.731,
07岿 4林 (2017.07.27 ~ 2017.08.02),2391,25.94285714,22.68571429,30.18571429,6.042857143,1127.77,2,183.9632,30,9365139,24145,421,81,89.731,
08岿 1林 (2017.08.03 ~ 2017.08.09),2686,28.02857143,24.02857143,32.88571429,2.271428571,1141.86,4,423.4464,0,7917,24145,421,85.47,94.776,
08岿 2林 (2017.08.10 ~ 2017.08.16),2816,24.54285714,21.98571429,28,15.25714286,1138.77,4,423.4464,0,7917,24145,421,85,94.776,
08岿 3林 (2017.08.17 ~ 2017.08.23),2869,25.57142857,22.7,29.78571429,12.68571429,1120.59,4,423.4464,0,7917,24145,421,85,94.776,
08岿 4林 (2017.08.24 ~ 2017.08.30),2905,23.6,19.07142857,28.68571429,3.842857143,1120.69,4,423.4464,0,7917,24145,421,85,94.776,
08岿 5林 (2017.08.31 ~ 2017.09.06),2943,21.12857143,16.52857143,26.31428571,2.428571429,1130.97,4,423.4464,0,7917,24145,421,85,94.776,
09岿 1林 (2017.09.07 ~ 2017.09.13),2864,21.55714286,17.22857143,27.21428571,6.857142857,1132.21,7,779.6084,12,2400689,24145,421,124.559,96.589,
09岿 2林 (2017.09.14 ~ 2017.09.20),2692,20.68571429,15.55714286,26.05714286,0.828571429,1132.13,7,779.6084,12,2400689,24145,421,125,96.589,
09岿 3林 (2017.09.21 ~ 2017.09.27),2577,20.28571429,15.4,26.5,3,1144.29,7,779.6084,12,2400689,24145,421,125,96.589,
09岿 4林 (2017.09.28 ~ 2017.09.29),2325,17.78571429,13.21428571,23.3,5.3,1144.31,7,779.6084,12,2400689,24145,421,125,96.589,
10岿 2林 (2017.10.10 ~ 2017.10.11),2201,18.94285714,15.27142857,23.8,2.485714286,1125.67,16,1363.0129,22,5331437,24145,421,123.219,92.341,
10岿 2林 (2017.10.12 ~ 2017.10.18),1984,14.44285714,10.28571429,19.27142857,1.485714286,1131.31,16,1363.0129,22,5331437,24145,421,123,92.341,
10岿 3林 (2017.10.19 ~ 2017.10.25),1680,13.91428571,8.785714286,20.58571429,0.1,1124.97,16,1363.0129,22,5331437,24145,421,123,92.341,
10岿 4林 (2017.10.26 ~ 2017.11.01),1485,12.01428571,6.171428571,18.94285714,0.271428571,1115.29,16,1363.0129,22,5331437,24145,421,123,92.341,
11岿 1林 (2017.11.02 ~ 2017.11.08),1352,11.2,5.371428571,17.8,0.4,1119.87,145,8244.2116,10,2525201,24145,421,88.257,87.968,
11岿 2林 (2017.11.09 ~ 2017.11.15),1404,7.985714286,2.1,14.54285714,0.342857143,1093.32,145,8244.2116,10,2525201,24145,421,88,87.968,
11岿 3林 (2017.11.16 ~ 2017.11.22),1399,3.185714286,-1.985714286,8.857142857,0.1,1084.61,145,8244.2116,10,2525201,24145,421,88,87.968,
11岿 4林 (2017.11.23 ~ 2017.11.29),1406,4.742857143,-0.671428571,10.6,0.928571429,1082.47,145,8244.2116,10,2525201,24145,421,88,87.968,
11岿 5林 (2017.11.30 ~ 2017.12.06),1413,1.1,-3.928571429,6.571428571,0.257142857,1091.85,145,8244.2116,10,2525201,24145,421,88,87.968,
12岿 1林 (2017.12.07 ~ 2017.12.13),1411,-1.242857143,-5.4,3.642857143,0.5,1087.95,271,14055.1749,58,13992839,24145,421,64.461,90.058,
12岿 2林 (2017.12.14 ~ 2017.12.20),1581,-1.985714286,-7.614285714,3.385714286,0.2,1076.74,271,14055.1749,58,13992839,24145,421,64,90.058,
12岿 3林 (2017.12.21 ~ 2017.12.27),1634,0.785714286,-3.5,5.957142857,2.042857143,1066.37,271,14055.1749,58,13992839,24145,421,64,90.058,
12岿 4林 (2017.12.28 ~ 2018.01.03),1576,0.657142857,-4.014285714,5.485714286,0.142857143,1061.53,271,14055.1749,58,13992839,24145,421,64,90.058,
01岿 1林 (2018.01.04 ~ 2018.01.10),1696,-0.9,-4.614285714,3.214285714,0.928571429,1058.99,295,13540.4167,6,1531145,25720,430.8846154,65.831,92.106,
01岿 2林 (2018.01.11 ~ 2018.01.17),1569,-1.085714286,-5.785714286,4.085714286,1.842857143,1067.11,295,13540.4167,6,1531145,25720,430.8846154,66,92.106,
01岿 3林 (2018.01.18 ~ 2018.01.24),1583,-0.928571429,-4.985714286,4.585714286,0.171428571,1063.67,295,13540.4167,6,1531145,25720,430.8846154,66,92.106,
01岿 4林 (2018.01.25 ~ 2018.01.31),1637,-5.928571429,-10.72857143,-0.671428571,0.028571429,1089.37,295,13540.4167,6,1531145,25720,430.8846154,66,92.106,
02岿 1林 (2018.02.01 ~ 2018.02.07),1920,-5.457142857,-10.3,-0.171428571,0.1,1084.67,46,2898.261,10,3349620,25720,430.8846154,63.948,96.765,
02岿 2林 (2018.02.08 ~ 2018.02.14),2564,-0.628571429,-6.828571429,5.314285714,0.171428571,1066.19,46,2898.261,10,3349620,25720,430.8846154,64,96.765,
02岿 3林 (2018.02.19 ~ 2018.02.21),2717,1.357142857,-3.8,7.171428571,0,1076,46,2898.261,10,3349620,25720,431,64,96.765,
02岿 4林 (2018.02.22 ~ 2018.02.28),2702,3.885714286,-2.085714286,10.31428571,4.342857143,1078.69,46,2898.261,10,3349620,25720,431,64,96.765,
03岿 1林 (2018.03.02 ~ 2018.03.07),2793,5.571428571,0.114285714,11.61428571,4.871428571,1064.38,15,1347.4236,33,11231076,25720,431,99.978,93.794,
03岿 2林 (2018.03.08 ~ 2018.03.14),2763,7.628571429,1.671428571,14.11428571,2.4,1069.53,15,1347.4236,33,11231076,25720,431,100,93.794,
03岿 3林 (2018.03.15 ~ 2018.03.21),2678,6.714285714,2.571428571,10.84285714,8.528571429,1082.87,15,1347.4236,33,11231076,25720,431,100,93.794,
03岿 4林 (2018.03.22 ~ 2018.03.28),2623,10.25714286,3.328571429,17.64285714,0,1060.25,15,1347.4236,33,11231076,25720,431,100,93.794,
03岿 5林 (2018.03.29 ~ 2018.04.04),2615,14.9,9.128571429,21.47142857,2.142857143,1069.75,15,1347.4236,33,11231076,25720,431,100,93.794,
04岿 1林 (2018.04.05 ~ 2018.04.11),2544,9.985714286,4.7,15.05714286,4.942857143,1070.68,2,243.771,105,29596416,25720,431,117.509,94.18,
04岿 2林 (2018.04.12 ~ 2018.04.18),2483,11.81428571,5.871428571,18.15714286,3.271428571,1070.1,2,243.771,105,29596416,25720,431,118,94.18,
04岿 3林 (2018.04.19 ~ 2018.04.25),2679,14.72857143,8.657142857,21.3,8.742857143,1066.73,2,243.771,105,29596416,25720,431,118,94.18,
04岿 4林 (2018.04.26 ~ 2018.05.02),2797,16.31428571,9.642857143,23.08571429,1.914285714,1073.11,2,243.771,105,29596416,25720,431,118,94.18,
05岿 1林 (2018.05.03 ~ 2018.05.09),3012,15.08571429,10.38571429,20.14285714,4.7,1066.89,8,1384.5699,16,6712357,25720,431,114.397,92.509,
05岿 2林 (2018.05.10 ~ 2018.05.16),3014,18.58571429,13.47142857,24.11428571,3.7,1080.57,8,1384.5699,16,6712357,25720,431,114,92.509,
05岿 3林 (2018.05.17 ~ 2018.05.23),2981,17.64285714,12.65714286,22.92857143,6.714285714,1077.37,8,1384.5699,16,6712357,25720,431,114,92.509,
05岿 4林 (2018.05.24 ~ 2018.05.30),2684,20.1,13.97142857,26.5,0.614285714,1070.73,8,1384.5699,16,6712357,25720,431,114,92.509,
05岿 5林 (2018.05.31 ~ 2018.06.05),2425,21.97142857,15.84285714,28.72857143,0.2,1073.93,8,1384.5699,16,6712357,25720,431,114,92.509,
06岿 1林 (2018.06.07 ~ 2018.06.12),2289,20.7,16.95714286,25.52857143,1.457142857,1102.42,2,203.7625,3,1554519,25720,431,129.424,90.217,
06岿 2林 (2018.06.14 ~ 2018.06.20),2216,21.14285714,16.77142857,26.52857143,0.771428571,1111,2,203.7625,3,1554519,25720,431,129,90.217,
06岿 3林 (2018.06.21 ~ 2018.06.27),2042,24.22857143,19.11428571,30.11428571,8.685714286,1113.91,2,203.7625,3,1554519,25720,431,129,90.217,
06岿 4林 (2018.06.28 ~ 2018.07.04),2085,23.85714286,20.98571429,27.67142857,26.87142857,1114.69,2,203.7625,3,1554519,25720,431,129,90.217,
07岿 1林 (2018.07.05 ~ 2018.07.11),2056,22.55714286,19.78571429,26.04285714,4.871428571,1129,4,408.0701,58098.91683,28314948.63,25720,431,97.947,90.771,
07岿 2林 (2018.07.12 ~ 2018.07.18),2095,27.91428571,23.41428571,33.18571429,0,1126.9,4,408.0701,58098.91683,28314948.63,25720,431,98,90.771,
07岿 3林 (2018.07.19 ~ 2018.07.25),2190,29.24285714,24.41428571,34.95714286,0,1114.65,4,408.0701,58098.91683,28314948.63,25720,431,98,90.771,
07岿 4林 (2018.07.26 ~ 2018.08.01),2703,29.48571429,24.84285714,35.14285714,0.571428571,1122.34,4,408.0701,58098.91683,28314948.63,25720,431,98,90.771,
08岿 1林 (2018.08.02 ~ 2018.08.08),3180,29.58571429,25.41428571,34.95714286,2.371428571,1129.17,4,454.4534,53168,21548142,25720,431,98.277,99.166,
08岿 2林 (2018.08.09 ~ 2018.08.14),3663,28.71428571,24.68571429,34.08571429,2.428571429,1119.52,4,454.4534,53168,21548142,25720,431,98,99.166,
08岿 3林 (2018.08.16 ~ 2018.08.22),3607,26.24285714,21.24285714,31.84285714,1.057142857,1114.33,4,454.4534,53168,21548142,25720,431,98,99.166,
08岿 4林 (2018.08.23 ~ 2018.08.29),3911,24.88571429,22.24285714,28.35714286,27.71428571,1115.46,4,454.4534,53168,21548142,25720,431,98,99.166,
08岿 5林 (2018.08.30 ~ 2018.09.05),3816,23.78571429,20.24285714,28.08571429,16.45714286,1127.57,4,454.4534,53168,21548142,25720,431,98,99.166,
09岿 1林 (2018.09.06 ~ 2018.09.12),3651,20.71428571,15.84285714,26.01428571,0.9,1120.66,3,428.3061,27248,12496067,25720,431,154.679,104.874,
09岿 2林 (2018.09.13 ~ 2018.09.19),3504,21.52857143,18.34285714,25.65714286,2.728571429,1113.95,3,428.3061,27248,12496067,25720,431,155,104.874,
09岿 3林 (2018.09.20 ~ 2018.09.21),3537,18.44285714,14.38571429,23.35714286,5.8,1109.98,3,428.3061,27248,12496067,25720,431,155,104.874,
09岿 4林 (2018.09.27 ~ 2018.10.02),3540,16.88571429,11.84285714,22.85714286,0.528571429,1131.13,3,428.3061,27248,12496067,25720,431,155,104.874,
10岿 1林 (2018.10.04 ~ 2018.10.10),3102,16.45714286,12.02857143,21.18571429,20.15714286,1130.3,11,1285.2684,66975,21624155,25720,431,156.362,100.207,
10岿 2林 (2018.10.11 ~ 2018.10.17),2806,12.2,6.828571429,18.92857143,0.257142857,1131.15,11,1285.2684,66975,21624155,25720,431,156,100.207,
10岿 3林 (2018.10.18 ~ 2018.10.24),2552,12.14285714,6.5,19.6,1.071428571,1139.28,11,1285.2684,66975,21624155,25720,431,156,100.207,
10岿 4林 (2018.10.25 ~ 2018.10.31),2222,10.12857143,5.228571429,15.65714286,1.785714286,1117.1,11,1285.2684,66975,21624155,25720,431,156,100.207,
11岿 1林 (2018.11.01 ~ 2018.11.07),1891,10.27142857,4.114285714,18.14285714,0.9,1129.69,167,10544.1826,75490,19337230,25720,431,118.613,94.641,
11岿 2林 (2018.11.08 ~ 2018.11.14),1723,10.48571429,6.085714286,15.98571429,5.414285714,1120.4,167,10544.1826,75490,19337230,25720,431,119,94.641,
11岿 3林 (2018.11.15 ~ 2018.11.21),1586,7.285714286,2.357142857,13.31428571,0.257142857,1132.5,167,10544.1826,75490,19337230,25720,431,119,94.641,
11岿 4林 (2018.11.22 ~ 2018.11.28),1575,5.057142857,0.242857143,10.95714286,0.614285714,1119.44,167,10544.1826,75490,19337230,25720,431,119,94.641,
11岿 5林 (2018.11.29 ~ 2018.12.05),1531,7.171428571,2.171428571,12.55714286,3,1123.85,167,10544.1826,75490,19337230,25720,431,119,94.641,
12岿 1林 (2018.12.06 ~ 2018.12.12),1491,-1.5,-5.257142857,3.071428571,0.628571429,1131.7,425,36666.0904,36601,10117107,25720,431,72.834,94.7,
12岿 2林 (2018.12.13 ~ 2018.12.19),1473,0.971428571,-3.914285714,6.6,0.142857143,1128.04,425,36666.0904,36601,10117107,25720,431,73,94.7,
12岿 3林 (2018.12.20 ~ 2018.12.26),1521,3.442857143,-1.514285714,9.114285714,0.128571429,1116.05,425,36666.0904,36601,10117107,25720,431,73,94.7,
12岿 4林 (2018.12.27 ~ 2019.01.02),1489,-4.2,-8.628571429,0.9,0.028571429,1115.85,425,36666.0904,36601,10117107,25720,431,73,94.7,
01岿 1林 (2019.01.03 ~ 2019.01.09),1456,-1.142857143,-6.4,4.842857143,0,1117.23,409,21222.7142,82000,20024054,23143,363.7884615,63.711,94.406,
01岿 2林 (2019.01.10 ~ 2019.01.16),1391,0.8,-3.742857143,6.314285714,0.357142857,1125.08,409,21222.7142,82000,20024054,23143,363.7884615,64,94.406,
01岿 3林 (2019.01.17 ~ 2019.01.23),1421,1.7,-3.642857143,7.585714286,0.042857143,1117.78,409,21222.7142,82000,20024054,23143,363.7884615,64,94.406,
01岿 4林 (2019.01.24 ~ 2019.01.30),1406,0.628571429,-5.214285714,7.128571429,0.028571429,1118.4,409,21222.7142,82000,20024054,23143,363.7884615,64,94.406,
01岿 5林 (2019.01.31 ~ 2019.02.01),1415,2.528571429,-2.785714286,8.257142857,2.528571429,1123.5,409,21222.7142,82000,20024054,23143,363.7884615,64,94.406,
02岿 1林 (2019.02.07 ~ 2019.02.13),1401,-0.485714286,-5.014285714,4.385714286,0.071428571,1125.44,195,9825.0174,41000,9332516,23143,364,60.942,95.397,
02岿 2林 (2019.02.14 ~ 2019.02.20),1391,1.428571429,-2.671428571,6.042857143,2.428571429,1121.99,195,9825.0174,41000,9332516,23143,364,61,95.397,
02岿 3林 (2019.02.21 ~ 2019.02.27),1310,5.171428571,-0.614285714,12.2,0.057142857,1126.67,195,9825.0174,41000,9332516,23143,364,61,95.397,
02岿 4林 (2019.02.28 ~ 2019.03.06),1349,7.742857143,1.785714286,14.34285714,0.157142857,1132.9,195,9825.0174,41000,9332516,23143,364,61,95.397,
03岿 1林 (2019.03.07 ~ 2019.03.13),1343,6.342857143,0.528571429,12.54285714,1.528571429,1134.7,112,5551.9659,90500,20578545,23143,364,60.346,93.525,
03岿 2林 (2019.03.14 ~ 2019.03.20),1333,7.571428571,1.128571429,14.21428571,2.8,1135.11,112,5551.9659,90500,20578545,23143,364,60,93.525,
03岿 3林 (2019.03.21 ~ 2019.03.27),1264,7.771428571,1.728571429,14.21428571,0.514285714,1136.1,112,5551.9659,90500,20578545,23143,364,60,93.525,
03岿 4林 (2019.03.28 ~ 2019.04.03),1329,7.657142857,2.385714286,13.4,0.542857143,1136.69,112,5551.9659,90500,20578545,23143,364,60,93.525,
04岿 1林 (2019.04.04 ~ 2019.04.10),1323,10.57142857,4.528571429,16.95714286,5.014285714,1133.72,38,1983.2862,29288,7322082,23143,364,57.476,94.801,
04岿 2林 (2019.04.11 ~ 2019.04.17),1340,11.72857143,4.714285714,18.78571429,0.2,1135.58,38,1983.2862,29288,7322082,23143,364,57,94.801,
04岿 3林 (2019.04.18 ~ 2019.04.24),1353,15.85714286,10.58571429,21.75714286,1.814285714,1157.9,38,1983.2862,29288,7322082,23143,364,57,94.801,
04岿 4林 (2019.04.25 ~ 2019.04.30),1308,12.52857143,8.428571429,17.2,4.328571429,1163.68,38,1983.2862,29288,7322082,23143,364,57,94.801,
05岿 1林 (2019.05.02 ~ 2019.05.08),1508,16.11428571,8.042857143,24.11428571,0.014285714,1174.2,59,3581.8283,58098.91683,28314948.63,23143,364,57.139,93.634,
05岿 2林 (2019.05.09 ~ 2019.05.15),1571,18.51428571,11.52857143,26.07142857,0,1193.73,59,3581.8283,58098.91683,28314948.63,23143,364,57,93.634,
05岿 3林 (2019.05.16 ~ 2019.05.22),1590,19.17142857,13.44285714,24.72857143,4.557142857,1184.77,59,3581.8283,58098.91683,28314948.63,23143,364,57,93.634,
05岿 4林 (2019.05.23 ~ 2019.05.29),1674,20.91428571,14.17142857,27.72857143,3.285714286,1187.8,59,3581.8283,58098.91683,28314948.63,23143,364,57,93.634,
05岿 5林 (2019.05.30 ~ 2019.06.05),1635,20.94285714,14.28571429,27.8,0.128571429,1181.07,59,3581.8283,58098.91683,28314948.63,23143,364,57,93.634,
06岿 1林 (2019.06.07 ~ 2019.06.12),1555,19.47142857,15.62857143,24.35714286,7.271428571,1186.78,58,3823.8816,8,97902,23143,364,66.64,91.804,
06岿 2林 (2019.06.13 ~ 2019.06.19),1670,20.97142857,16.45714286,26.52857143,1.3,1158.2,58,3823.8816,8,97902,23143,364,67,91.804,
06岿 3林 (2019.06.20 ~ 2019.06.26),1659,22.38571429,17.54285714,27.92857143,5.2,1155.38,58,3823.8816,8,97902,23143,364,67,91.804,
06岿 4林 (2019.06.27 ~ 2019.07.03),1624,23.21428571,19.72857143,27.72857143,6.414285714,1174.59,58,3823.8816,8,97902,23143,364,67,91.804,
07岿 1林 (2019.07.04 ~ 2019.07.10),1618,23.45714286,18.97142857,28.61428571,3.085714286,1176.32,48,5586.6256,58098.91683,28314948.63,23143,364,69.74,90.511,
07岿 2林 (2019.07.11 ~ 2019.07.17),1619,23.42857143,20.17142857,27.85714286,4.228571429,1175.11,48,5586.6256,58098.91683,28314948.63,23143,364,70,90.511,
07岿 3林 (2019.07.18 ~ 2019.07.24),1621,25.82857143,23.07142857,29.32857143,14.18571429,1183.24,48,5586.6256,58098.91683,28314948.63,23143,364,70,90.511,
07岿 4林 (2019.07.25 ~ 2019.07.31),1587,27.38571429,24.75714286,30.8,9.3,1204.51,48,5586.6256,58098.91683,28314948.63,23143,364,70,90.511,
08岿 1林 (2019.08.01 ~ 2019.08.07),1536,28.21428571,24.11428571,33.48571429,4.414285714,1213.45,19,1979.405,58098.91683,28314948.63,23143,364,71.234,91.955,
08岿 2林 (2019.08.08 ~ 2019.08.14),1570,28.22857143,24.57142857,32.88571429,4.528571429,1207.47,19,1979.405,58098.91683,28314948.63,23143,364,71,91.955,
08岿 3林 (2019.08.16 ~ 2019.08.21),1549,25.84285714,22.11428571,30.48571429,4.142857143,1212.66,19,1979.405,58098.91683,28314948.63,23143,364,71,91.955,
08岿 4林 (2019.08.22 ~ 2019.08.28),1595,23.9,20.3,28.45714286,6.3,1209.5,19,1979.405,58098.91683,28314948.63,23143,364,71,91.955,
08岿 5林 (2019.08.29 ~ 2019.09.04),1650,22.44285714,19.24285714,26.45714286,5.942857143,1191.77,19,1979.405,58098.91683,28314948.63,23143,364,71,91.955,
09岿 1林 (2019.09.05 ~ 2019.09.11),1941,24.85714286,22.1,28.74285714,9.814285714,1178.72,10,1206.2063,11550,4041453,23143,364,70.602,96.32,
09岿 3林 (2019.09.16 ~ 2019.09.18),2165,21.84285714,17.4,27.3,0.9,1193.13,10,1206.2063,11550,4041453,23143,364,71,96.32,
09岿 3林 (2019.09.19 ~ 2019.09.25),2027,18.3,14.31428571,23.05714286,15.08571429,1201.99,10,1206.2063,11550,4041453,23143,364,71,96.32,
09岿 4林 (2019.09.26 ~ 2019.10.02),2078,21.45714286,17.71428571,26.37142857,16.38571429,1191.25,10,1206.2063,11550,4041453,23143,364,71,96.32,
10岿 1林 (2019.10.04 ~ 2019.10.08),2540,17.5,13.38571429,22.5,5.442857143,1182.48,6,746.5416,58825,21714264,23143,364,85.382,96.421,
10岿 2林 (2019.10.10 ~ 2019.10.16),2793,15.17142857,9.757142857,21.58571429,0.514285714,1177.91,6,746.5416,58825,21714264,23143,364,85,96.421,
10岿 3林 (2019.10.17 ~ 2019.10.23),2830,15.12857143,10.28571429,21.34285714,0.642857143,1171.66,6,746.5416,58825,21714264,23143,364,85,96.421,
10岿 4林 (2019.10.24 ~ 2019.10.30),2862,13.08571429,7.914285714,19.08571429,0.428571429,1164.67,6,746.5416,58825,21714264,23143,364,85,96.421,
10岿 5林 (2019.10.31 ~ 2019.11.06),2781,12.54285714,6.885714286,19.72857143,0.271428571,1158.6,6,746.5416,58825,21714264,23143,364,85,96.421,
11岿 1林 (2019.11.07 ~ 2019.11.13),2632,9.228571429,3.642857143,15.91428571,1.685714286,1162.65,14,1855.8509,342430,106283942,23143,364,116.995,92.064,
11岿 2林 (2019.11.14 ~ 2019.11.20),2528,6.414285714,1.242857143,12.25714286,5.214285714,1179.33,14,1855.8509,342430,106283942,23143,364,117,92.064,
11岿 3林 (2019.11.21 ~ 2019.11.27),2530,7.957142857,2.614285714,14.32857143,0.7,1180.7,14,1855.8509,342430,106283942,23143,364,117,92.064,
11岿 4林 (2019.11.28 ~ 2019.12.04),2527,4,-0.385714286,9,2.285714286,1185.51,14,1855.8509,342430,106283942,23143,364,117,92.064,
12岿 1林 (2019.12.05 ~ 2019.12.11),2645,1.757142857,-3.585714286,7.971428571,0.114285714,1175.57,74,7366.5816,348000,103231926,23143,364,121.943,93.953,
12岿 2林 (2019.12.12 ~ 2019.12.18),2952,4.271428571,-0.628571429,9.857142857,0.428571429,1158.99,74,7366.5816,348000,103231926,23143,364,122,93.953,
12岿 3林 (2019.12.19 ~ 2019.12.24),3064,1.914285714,-2.557142857,7.528571429,0.142857143,1158.95,74,7366.5816,348000,103231926,23143,364,122,93.953,
12岿 4林 (2019.12.26 ~ 2019.12.31),3026,0.728571429,-3.542857143,5.342857143,1.171428571,1164.95,74,7366.5816,348000,103231926,23143,364,122,93.953,
01岿 1林 (2020.01.02 ~ 2020.01.08),3348,3.157142857,-1.114285714,8.571428571,8.057142857,1157.97,177,15884.8752,282000,85586592,24555,365.3076923,126.307,95.63,
01岿 2林 (2020.01.09 ~ 2020.01.15),3300,0.514285714,-3.157142857,5.214285714,0,1160.44,177,15884.8752,282000,85586592,24555,365.3076923,126,95.63,
01岿 3林 (2020.01.16 ~ 2020.01.22),2950,1.228571429,-3.185714286,6.528571429,0.757142857,1169.2,177,15884.8752,282000,85586592,24555,365.3076923,126,95.63,
01岿 4林 (2020.01.23 ~ 2020.01.29),2817,5.342857143,1.742857143,9.7,2.985714286,1194.97,177,15884.8752,282000,85586592,24555,365.3076923,126,95.63,
01岿 5林 (2020.01.30 ~ 2020.02.05),2667,1.342857143,-3.042857143,6.457142857,0.171428571,1191.39,177,15884.8752,282000,85586592,24555,365,126,95.63,
02岿 1林 (2020.02.06 ~ 2020.02.12),2275,1.928571429,-3.642857143,7.642857143,1.928571429,1182.46,425,27268.4825,102350,54898329,24555,365,138.77,94.73,
02岿 2林 (2020.02.13 ~ 2020.02.19),1924,3.485714286,-1.285714286,9.314285714,1.357142857,1206.91,425,27268.4825,102350,54898329,24555,365,139,94.73,
02岿 3林 (2020.02.20 ~ 2020.02.26),1867,6,0.657142857,11.68571429,4.642857143,1200.2,425,27268.4825,102350,54898329,24555,365,139,94.73,
02岿 4林 (2020.02.27 ~ 2020.03.04),1820,5.371428571,1.228571429,10.07142857,0.428571429,1188.7,425,27268.4825,102350,54898329,24555,365,139,94.73,
03岿 1林 (2020.03.05 ~ 2020.03.11),1780,5.557142857,-0.014285714,11.52857143,2.057142857,1211.28,295,20642.5525,90300,21267955,24555,365,95.4,96.57,
03岿 2林 (2020.03.12 ~ 2020.03.18),1756,6.328571429,-0.242857143,12.9,0.114285714,1254.45,295,20642.5525,90300,21267955,24555,365,95,96.57,
03岿 3林 (2020.03.19 ~ 2020.03.25),1717,10.61428571,3.414285714,17.81428571,0.057142857,1212.23,295,20642.5525,90300,21267955,24555,365,95,96.57,
03岿 4林 (2020.03.26 ~ 2020.04.01),1505,10.08571429,4.185714286,16.2,2.014285714,1235.61,295,20642.5525,90300,21267955,24555,365,95,96.57,
04岿 1林 (2020.04.02 ~ 2020.04.08),1607,9.371428571,2.157142857,16.67142857,0.014285714,1211.05,114,8495.865,20500,9643200,24555,365,74.65,95.78,
04岿 2林 (2020.04.09 ~ 2020.04.14),1609,9.7,3.314285714,16.34285714,0.828571429,1216.13,114,8495.865,20500,9643200,24555,365,75,95.78,
04岿 3林 (2020.04.16 ~ 2020.04.22),1600,10.65714286,6.528571429,15.58571429,4.857142857,1230.53,114,8495.865,20500,9643200,24555,365,75,95.78,
04岿 4林 (2020.04.23 ~ 2020.04.29),1603,11.85714286,4.642857143,18.65714286,0.042857143,1224.89,114,8495.865,20500,9643200,24555,365,75,95.78,
05岿 1林 (2020.05.04 ~ 2020.05.06),1610,18.4,12.95714286,24.31428571,2.042857143,1219.65,110,9004.9137,17000,3558570,24555,365,69.93,96.98,
05岿 1林 (2020.05.07 ~ 2020.05.13),1515,16.54285714,11.11428571,21.98571429,5.385714286,1232.69,110,9004.9137,17000,3558570,24555,365,70,96.98,
05岿 2林 (2020.05.14 ~ 2020.05.20),1541,16.61428571,12.48571429,21.65714286,6.457142857,1240.59,110,9004.9137,17000,3558570,24555,365,70,96.98,
05岿 3林 (2020.05.21 ~ 2020.05.27),1543,17.57142857,12.72857143,23.2,0.642857143,1231.49,110,9004.9137,17000,3558570,24555,365,70,96.98,
05岿 4林 (2020.05.28 ~ 2020.06.03),1540,19.92857143,14,25.95714286,0.385714286,1202.02,110,9004.9137,17000,3558570,24555,365,70,96.98,
06岿 1林 (2020.06.04 ~ 2020.06.10),1606,23.58571429,17.95714286,30.17142857,1.928571429,1203.66,115,7845.0955,58098.91683,28314948.63,24555,365,68.21,97.4,
06岿 2林 (2020.06.11 ~ 2020.06.17),1650,23.31428571,19.04285714,28.41428571,8.428571429,1211.83,115,7845.0955,58098.91683,28314948.63,24555,365,68,97.4,
06岿 3林 (2020.06.18 ~ 2020.06.24),1675,22.47142857,18.18571429,27.51428571,5.5,1203.8,115,7845.0955,58098.91683,28314948.63,24555,365,68,97.4,
06岿 4林 (2020.06.25 ~ 2020.07.01),1757,21.95714286,18.74285714,26.15714286,10.47142857,1198.93,115,7845.0955,58098.91683,28314948.63,24555,365,68,97.4,
07岿 1林 (2020.07.02 ~ 2020.07.08),1901,22.4,18.65714286,26.97142857,1.514285714,1200.42,19,1760.4917,18750,5269006,24555,365,75.55,98.45,
07岿 2林 (2020.07.09 ~ 2020.07.15),1891,21.52857143,19.11428571,24.72857143,23.2,1203.44,19,1760.4917,18750,5269006,24555,365,76,98.45,
07岿 3林 (2020.07.16 ~ 2020.07.22),1958,23.31428571,19.85714286,27.5,7.142857143,1201.5,19,1760.4917,18750,5269006,24555,365,76,98.45,
07岿 4林 (2020.07.23 ~ 2020.07.29),1945,22.44285714,20.55714286,25.18571429,23.6,1193.59,19,1760.4917,18750,5269006,24555,365,76,98.45,
07岿 5林 (2020.07.30 ~ 2020.08.05),2015,25.84285714,23.2,29.47142857,18.5,1188.68,19,1760.4917,18750,5269006,24555,365,76,98.45,
08岿 1林 (2020.08.06 ~ 2020.08.12),2205,25.22857143,23.15714286,28.02857143,34.52857143,1186.94,15,1176.0796,17000,3261876,24555,365,93.47,103.3,
08岿 2林 (2020.08.13 ~ 2020.08.19),2414,27.62857143,24.01428571,32.27142857,1.6,1191.72,15,1176.0796,17000,3261876,24555,365,93,103.3,
08岿 3林 (2020.08.20 ~ 2020.08.26),2600,26.55714286,22.68571429,31.54285714,3.857142857,1180.48,15,1176.0796,17000,3261876,24555,365,93,103.3,
08岿 4林 (2020.08.27 ~ 2020.09.02),3384,26.08571429,23.52857143,29.92857143,14.18571429,1187.3,15,1176.0796,17000,3261876,24555,365,93,103.3,
09岿 1林 (2020.09.03 ~ 2020.09.09),3576,21.67142857,18.41428571,25.5,20.01428571,1187.89,4,1196.5966,4825,3567359,24555,365,104.23,108.68,
09岿 2林 (2020.09.10 ~ 2020.09.16),3847,20.82857143,17.82857143,25.14285714,2.957142857,1164.81,4,1196.5966,4825,3567359,24555,365,104,108.68,
09岿 3林 (2020.09.17 ~ 2020.09.23),3876,18.38571429,13.78571429,23.84285714,0.571428571,1174.32,4,1196.5966,4825,3567359,24555,365,104,108.68,
09岿 4林 (2020.09.24 ~ 2020.09.29),3835,18.17142857,13.42857143,24.18571429,0.714285714,1166.26,4,1196.5966,4825,3567359,24555,365,104,108.68,
10岿 1林 (2020.10.05 ~ 2020.10.07),3929,16.8,12.02857143,22.18571429,0.457142857,1143.52,7,1950.2785,48100,14986619,24555,365,162.66,108.45,
10岿 2林 (2020.10.08 ~ 2020.10.14),3576,15.21428571,10.35714286,21.14285714,0,1142.13,7,1950.2785,48100,14986619,24555,365,163,108.45,
10岿 3林 (2020.10.15 ~ 2020.10.21),3092,12.35714286,6.714285714,19.31428571,0.871428571,1127.95,7,1950.2785,48100,14986619,24555,365,163,108.45,
10岿 4林 (2020.10.22 ~ 2020.10.28),2796,11.6,6.1,18.27142857,0.171428571,1136.49,7,1950.2785,48100,14986619,24555,365,163,108.45,
10岿 5林 (2020.10.29 ~ 2020.11.04),2508,9.5,4.071428571,15.37142857,0.6,1121.4,7,1950.2785,48100,14986619,24555,365,163,108.45,
11岿 1林 (2020.11.05 ~ 2020.11.11),2110,9.257142857,3.314285714,15.74285714,0,1107.62,113,7777.1404,48500,10867014,24555,365,143.09,101.74,
11岿 2林 (2020.11.12 ~ 2020.11.18),2005,11.78571429,5.8,18.94285714,0.571428571,1114.95,113,7777.1404,48500,10867014,24555,365,143,101.74,
11岿 3林 (2020.11.19 ~ 2020.11.25),1959,7.542857143,2.914285714,12.41428571,4.642857143,1104.43,113,7777.1404,48500,10867014,24555,365,143,101.74,
11岿 4林 (2020.11.26 ~ 2020.12.02),1939,3.328571429,-0.714285714,8.371428571,0,1083.77,113,7777.1404,48500,10867014,24555,365,143,101.74,
12岿 1林 (2020.12.03 ~ 2020.12.09),1833,1.871428571,-3.142857143,7.785714286,0,1091.67,329,20895.7755,629100,125992616,24555,374.4423077,91.72,102.3,
12岿 2林 (2020.12.10 ~ 2020.12.16),1790,-0.185714286,-4.214285714,4.571428571,0.3,1099.39,329,20895.7755,629100,125992616,24555,374.4423077,92,102.3,
12岿 3林 (2020.12.17 ~ 2020.12.23),1823,-1.085714286,-6.4,4.714285714,0.028571429,1099.07,329,20895.7755,629100,125992616,24555,374.4423077,92,102.3,
12岿 4林 (2020.12.24 ~ 2020.12.30),1880,1.142857143,-3.185714286,7.042857143,0.742857143,1084.73,329,20895.7755,629100,125992616,24555,374,92,102.3,
12岿 5林 (2020.12.31 ~ 2021.01.06),1945,-3.657142857,-8.871428571,1.114285714,0.2,1092.93,329,20895.7755,629100,125992616,24555,374,92,102.3,
01岿 1林 (2021.01.07 ~ 2021.01.13),1963,-6.571428571,-12.14285714,-0.771428571,0.228571429,1103.27,244,14233.6024,481350,99738692,24424,374,82.32,105.7,
01岿 2林 (2021.01.14 ~ 2021.01.20),2014,-0.5,-6.157142857,5.857142857,0.257142857,1105.41,244,14233.6024,481350,99738692,24424,374,82,105.7,
01岿 3林 (2021.01.21 ~ 2021.01.27),2029,5.585714286,1.742857143,10.08571429,1.871428571,1117.64,244,14233.6024,481350,99738692,24424,374,82,105.7,
01岿 4林 (2021.01.28 ~ 2021.02.03),1971,-0.2,-5.628571429,5.742857143,1.7,1116.77,244,14233.6024,481350,99738692,24424,374,82,105.7,
02岿 1林 (2021.02.04 ~ 2021.02.10),1947,1.814285714,-3.685714286,7.5,0.114285714,1102.59,290,17148.7358,405500,82674976,24424,374,89.07,109.97,
02岿 3林 (2021.02.15 ~ 2021.02.17),1894,2.857142857,-2.457142857,9.314285714,0.657142857,1104.27,290,17148.7358,405500,82674976,24424,374,89,109.97,
02岿 3林 (2021.02.18 ~ 2021.02.24),1761,4.971428571,-1.571428571,11.87142857,0.014285714,1123.89,290,17148.7358,405500,82674976,24424,374,89,109.97,
02岿 4林 (2021.02.25 ~ 2021.03.03),1694,5.485714286,0.457142857,10.51428571,8.157142857,1128,290,17148.7358,405500,82674976,24424,374,89,109.97,
03岿 1林 (2021.03.04 ~ 2021.03.10),1614,6.614285714,1.485714286,13.04285714,0.614285714,1136,211,12945.5391,462501,97793046,24424,374,79.22,109.41,
03岿 2林 (2021.03.11 ~ 2021.03.17),1534,9.1,2.928571429,15.4,2.257142857,1129.12,211,12945.5391,462501,97793046,24424,374,79,109.41,
03岿 3林 (2021.03.18 ~ 2021.03.24),1480,8.942857143,3.8,14.4,0.857142857,1128.52,211,12945.5391,462501,97793046,24424,374,79,109.41,
03岿 4林 (2021.03.25 ~ 2021.03.31),1458,12,5.757142857,18.67142857,4.528571429,1128.64,211,12945.5391,462501,97793046,24424,374,79,109.41,
04岿 1林 (2021.04.01 ~ 2021.04.07),1395,12.68571429,7.1,18.41428571,5.957142857,1120.98,67,3394.5704,246733,50292896,24424,374,65.23,108.4,
04岿 2林 (2021.04.08 ~ 2021.04.14),1409,11.25714286,5.328571429,17.31428571,3.5,1116.5,67,3394.5704,246733,50292896,24424,374,65,108.4,
04岿 3林 (2021.04.15 ~ 2021.04.21),1455,12.57142857,5.357142857,19.84285714,0.042857143,1114.72,67,3394.5704,246733,50292896,24424,374,65,108.4,
04岿 4林 (2021.04.22 ~ 2021.04.28),1495,15.91428571,10.57142857,21.68571429,0.085714286,1117.16,67,3394.5704,246733,50292896,24424,374,65,108.4,
04岿 5林 (2021.04.29 ~ 2021.05.04),1509,13.51428571,8.728571429,18.62857143,5.528571429,1111.23,67,3394.5704,246733,50292896,24424,374,65,108.4,
05岿 1林 (2021.05.06 ~ 2021.05.12),1552,15.48571429,9.085714286,21.62857143,1.4,1125.79,25,1447.0136,44190,14139974,24424,374,61.93,107.94,
05岿 2林 (2021.05.13 ~ 2021.05.18),1581,18.7,14.12857143,23.82857143,8.3,1127.63,25,1447.0136,44190,14139974,24424,374,62,107.94,
05岿 3林 (2021.05.20 ~ 2021.05.26),1638,17.44285714,12.72857143,22.7,2.485714286,1113.08,25,1447.0136,44190,14139974,24424,374,62,107.94,
05岿 4林 (2021.05.27 ~ 2021.06.02),1617,18.44285714,13.25714286,24.47142857,3.971428571,1110.52,25,1447.0136,44190,14139974,24424,374,62,107.94,
06岿 1林 (2021.06.03 ~ 2021.06.09),1648,20.98571429,15.77142857,26.48571429,3.057142857,1116.4,19,1412.3759,2600,1384155,24424,374,66.61,106.63,
06岿 2林 (2021.06.10 ~ 2021.06.16),1656,22.18571429,18.78571429,26.5,6.085714286,1134.94,19,1412.3759,2600,1384155,24424,374,67,106.63,
06岿 3林 (2021.06.17 ~ 2021.06.23),1610,21.31428571,17.31428571,26.2,1.771428571,1127.12,19,1412.3759,2600,1384155,24424,374,67,106.63,
06岿 4林 (2021.06.24 ~ 2021.06.30),1668,22.58571429,18.75714286,27.62857143,2.171428571,1130.53,19,1412.3759,2600,1384155,24424,374,67,106.63,
07岿 1林 (2021.07.01 ~ 2021.07.07),1656,23.45714286,20.4,27.15714286,24.68571429,1143.73,38,3268.8084,12000,5165732,24424,374,70.16,106.81,
07岿 2林 (2021.07.08 ~ 2021.07.14),1813,25.82857143,22.55714286,30.41428571,5.628571429,1141.51,38,3268.8084,12000,5165732,24424,374,70,106.81,
07岿 3林 (2021.07.15 ~ 2021.07.21),1749,26.4,22.48571429,31.61428571,2.3,1151.52,38,3268.8084,12000,5165732,24424,374,70,106.81,
07岿 4林 (2021.07.22 ~ 2021.07.28),1776,27.52857143,22.75714286,32.91428571,0.114285714,1151.41,38,3268.8084,12000,5165732,24424,374,70,106.81,
07岿 5林 (2021.07.29 ~ 2021.08.04),1916,27.44285714,23.82857143,32.4,5.985714286,1144.93,38,3268.8084,12000,5165732,24424,374,70,106.81,
08岿 1林 (2021.08.05 ~ 2021.08.11),2125,26.45714286,22.54285714,31.74285714,4.014285714,1161.37,28,2914.79,31500,7993270,24424,374,80.07,109.06,
08岿 2林 (2021.08.12 ~ 2021.08.18),2324,24.14285714,20.75714286,28.55714286,3.771428571,1175.15,28,2914.79,31500,7993270,24424,374,80,109.06,
08岿 3林 (2021.08.19 ~ 2021.08.25),2231,23.67142857,20.91428571,27.14285714,22.25714286,1161.23,28,2914.79,31500,7993270,24424,374,80,109.06,
08岿 4林 (2021.08.26 ~ 2021.09.01),2226,23.25714286,20.28571429,27.31428571,11.48571429,1154.28,28,2914.79,31500,7993270,24424,374,80,109.06,
09岿 1林 (2021.09.02 ~ 2021.09.08),2110,21.38571429,18.25714286,25.25714286,3.685714286,1170.23,3,572.7735,24000,11466000,24424,374,93.62,112.01,
09岿 2林 (2021.09.09 ~ 2021.09.15),2047,22.21428571,18.21428571,27.3,0.542857143,1180.69,3,572.7735,24000,11466000,24424,374,94,112.01,
09岿 3林 (2021.09.16 ~ 2021.09.17),2032,21.31428571,17.21428571,26.01428571,6.871428571,1179.68,3,572.7735,24000,11466000,24424,374,94,112.01,
09岿 4林 (2021.09.23 ~ 2021.09.29),1988,20.37142857,16.77142857,24.84285714,3.614285714,1180.35,3,572.7735,24000,11466000,24424,374,94,112.01,
09岿 5林 (2021.09.30 ~ 2021.10.06),1849,21.1,16.5,27.07142857,1.985714286,1196.79,3,572.7735,24000,11466000,24424,374,94,112.01,
10岿 1林 (2021.10.07 ~ 2021.10.13),1794,19.3,16.4,23.32857143,4.014285714,1182.07,7,805.0611,58098.91683,28314948.63,24424,374,89.86,109.01,
10岿 2林 (2021.10.14 ~ 2021.10.20),1767,12.1,7.1,17.94285714,2.171428571,1177.48,7,805.0611,58098.91683,28314948.63,24424,374,90,109.01,
10岿 3林 (2021.10.21 ~ 2021.10.27),1759,10.62857143,4.914285714,18.18571429,0.128571429,1174.47,7,805.0611,58098.91683,28314948.63,24424,374,90,109.01,
10岿 4林 (2021.10.28 ~ 2021.11.03),1793,11.78571429,6.4,18.72857143,0.085714286,1181.05,7,805.0611,58098.91683,28314948.63,24424,374,90,109.01,
11岿 1林 (2021.11.04 ~ 2021.11.10),1740,10.54285714,5.771428571,16.47142857,4.1,1179.2,37,3448.0014,32495,11458834,24424,374,80.24,109.47,
11岿 2林 (2021.11.11 ~ 2021.11.17),1753,7.585714286,2.542857143,13.91428571,0.257142857,1187.1,37,3448.0014,32495,11458834,24424,374,80,109.47,
11岿 3林 (2021.11.18 ~ 2021.11.24),1798,7.842857143,3.1,13.5,0.614285714,1194.43,37,3448.0014,32495,11458834,24424,374,80,109.47,
11岿 4林 (2021.11.25 ~ 2021.12.01),1799,4.871428571,-0.3,11.05714286,3.328571429,1180,37,3448.0014,32495,11458834,24424,374,80,109.47,
12岿 1林 (2021.12.02 ~ 2021.12.08),1790,3.785714286,-1.428571429,10.22857143,0.171428571,1180.86,144,12348.4096,180573,46054344,24424,374,83.65,110.3,
12岿 2林 (2021.12.09 ~ 2021.12.15),1828,4.528571429,-0.457142857,9.885714286,0.171428571,1187.7,144,12348.4096,180573,46054344,24424,374,84,110.3,
12岿 3林 (2021.12.16 ~ 2021.12.22),1807,2.171428571,-3.128571429,8.2,0.285714286,1185.99,144,12348.4096,180573,46054344,24424,374,84,110.3,
12岿 4林 (2021.12.23 ~ 2021.12.29),1776,-1.742857143,-6.728571429,3.728571429,0.285714286,1187.96,144,12348.4096,180573,46054344,24424,374,84,110.3,
12岿 5林 (2021.12.30 ~ 2022.01.05),1740,-1.628571429,-6.557142857,3.757142857,0.1,1197.63,144,12348.4096,180573,46054344,24424,374,84,110.3,
01岿 1林 (2022.01.06 ~ 2022.01.12),1729,-0.914285714,-6.314285714,5.228571429,0.042857143,1190.07,177,14424.0275,207500,52388243,24804,365.8076923,82.29,112.71,
01岿 2林 (2022.01.13 ~ 2022.01.19),1714,-2.528571429,-7.7,2.957142857,0.114285714,1192.51,177,14424.0275,207500,52388243,24804,365.8076923,82,112.71,
01岿 3林 (2022.01.20 ~ 2022.01.26),1677,1.271428571,-3.6,6.728571429,0.114285714,1209.56,177,14424.0275,207500,52388243,24804,366,82,112.71,
01岿 4林 (2022.01.27 ~ 2022.01.28),1688,-0.571428571,-5.071428571,4.742857143,0.128571429,1198.25,177,14424.0275,207500,52388243,24804,366,82,112.71,
02岿 1林 (2022.02.03 ~ 2022.02.09),1744,-1.757142857,-6.985714286,3.728571429,0.057142857,1199.48,113,9930.4017,26,9504633,24804,366,78.97,111.98,
02岿 2林 (2022.02.10 ~ 2022.02.16),1743,1.428571429,-3.528571429,7.514285714,0.171428571,1195.59,113,9930.4017,26,9504633,24804,366,79,111.98,
02岿 3林 (2022.02.17 ~ 2022.02.23),1639,-2.257142857,-7.314285714,3.185714286,0.028571429,1197.57,113,9930.4017,26,9504633,24804,366,79,111.98,
02岿 4林 (2022.02.24 ~ 2022.03.02),1678,3.771428571,-2.885714286,10.45714286,0.471428571,1217.45,113,9930.4017,26,9504633,24804,366,79,111.98,
03岿 1林 (2022.03.03 ~ 2022.03.08),1668,4.928571429,-1.757142857,12.14285714,0,1237.08,133,11392.51,12750,4090350,24804,366,77.96,110.2,
03岿 2林 (2022.03.10 ~ 2022.03.16),1685,10.61428571,4.428571429,16.97142857,3.257142857,1211.15,133,11392.51,12750,4090350,24804,366,78,110.2,
03岿 3林 (2022.03.17 ~ 2022.03.23),1615,5.914285714,2.271428571,10.12857143,3.314285714,1225.08,133,11392.51,12750,4090350,24804,366,78,110.2,
03岿 4林 (2022.03.24 ~ 2022.03.30),1676,9.771428571,3.142857143,16.25714286,5.742857143,1219.73,133,11392.51,12750,4090350,24804,366,78,110.2,
03岿 5林 (2022.03.31 ~ 2022.04.06),1684,9.471428571,2.757142857,16.28571429,0.157142857,1229.19,133,11392.51,12750,4090350,24804,366,78,110.2,
04岿 1林 (2022.04.07 ~ 2022.04.13),1628,15.54285714,8.757142857,22.57142857,1.557142857,1228.19,57,4603.214,80963,23910348,24804,366,73.46,110.62,
04岿 2林 (2022.04.14 ~ 2022.04.20),1600,12.85714286,6.357142857,19.82857143,0.242857143,1244.11,57,4603.214,80963,23910348,24804,366,73,110.62,
04岿 3林 (2022.04.21 ~ 2022.04.27),1623,16.87142857,11.24285714,23.01428571,4.7,1263.03,57,4603.214,80963,23910348,24804,366,73,110.62,
04岿 4林 (2022.04.28 ~ 2022.05.04),1662,13.37142857,7.314285714,19.61428571,2.014285714,1269.99,57,4603.214,80963,23910348,24804,366,73,110.62,
05岿 1林 (2022.05.06 ~ 2022.05.11),1890,16.9,10.62857143,23.42857143,0.185714286,1278.45,10,1177.0995,21750,8638540,24804,366,71.51,112.24,
05岿 2林 (2022.05.12 ~ 2022.05.18),2001,17.05714286,10.65714286,23.4,0.128571429,1273.59,10,1177.0995,21750,8638540,24804,366,72,112.24,
05岿 3林 (2022.05.19 ~ 2022.05.25),1990,20.62857143,14.18571429,27.44285714,0.2,1251.99,10,1177.0995,21750,8638540,24804,366,72,112.24,
05岿 4林 (2022.05.26 ~ 2022.05.31),2040,20.58571429,14.21428571,27.07142857,0.271428571,1250.58,10,1177.0995,21750,8638540,24804,366,72,112.24,
06岿 1林 (2022.06.02 ~ 2022.06.08),2107,19.5,15.05714286,24.71428571,4.842857143,1279.32,25,1877.1262,58098.91683,28314948.63,24804,366,87.74,111.59,
06岿 2林 (2022.06.09 ~ 2022.06.15),2126,19.88571429,15.78571429,24.78571429,2.671428571,1291.26,25,1877.1262,58098.91683,28314948.63,24804,366,88,111.59,
06岿 3林 (2022.06.16 ~ 2022.06.22),2012,24.05714286,19.4,29.47142857,0.385714286,1288.89,25,1877.1262,58098.91683,28314948.63,24804,366,88,111.59,
06岿 4林 (2022.06.23 ~ 2022.06.29),2046,25.72857143,22.87142857,29.08571429,13.4,1298.67,25,1877.1262,58098.91683,28314948.63,24804,366,88,111.59,
06岿 5林 (2022.06.30 ~ 2022.07.06),2144,26.88571429,22.9,31.91428571,6.257142857,1294.68,25,1877.1262,58098.91683,28314948.63,24804,366,88,111.59,
07岿 1林 (2022.07.07 ~ 2022.07.13),2248,26.05714286,23.2,29.88571429,8.557142857,1317.74,11,1307.2287,58098.91683,28314948.63,24804,366,98.36,114.19,
07岿 2林 (2022.07.14 ~ 2022.07.20),2453,25.08571429,21.52857143,29.65714286,6.885714286,1310.01,11,1307.2287,58098.91683,28314948.63,24804,366,98,114.19,
07岿 3林 (2022.07.21 ~ 2022.07.27),2930,24.88571429,21.7,29.07142857,5.557142857,1302.97,11,1307.2287,58098.91683,28314948.63,24804,366,98,114.19,
07岿 4林 (2022.07.28 ~ 2022.08.03),3199,27.14285714,24.27142857,30.74285714,8.9,1302.24,11,1307.2287,58098.91683,28314948.63,24804,366,98,114.19,
08岿 1林 (2022.08.04 ~ 2022.08.10),3008,27.78571429,24.97142857,31.44285714,13.88571429,1301.31,6,1337.3087,14220,5453555,24804,366,122.51,116.5,
08岿 2林 (2022.08.11 ~ 2022.08.17),3120,26.14285714,23.41428571,29.74285714,13.6,1335.61,6,1337.3087,14220,5453555,24804,366,123,116.5,
08岿 3林 (2022.08.18 ~ 2022.08.24),3206,24.9,21.21428571,29.02857143,5.314285714,1341.81,6,1337.3087,14220,5453555,24804,366,123,116.5,
08岿 4林 (2022.08.25 ~ 2022.08.31),3149,21.31428571,17.64285714,25.45714286,6.228571429,1361.15,6,1337.3087,14220,5453555,24804,366,123,116.5,
09岿 1林 (2022.09.01 ~ 2022.09.07),3506,21.92857143,18.31428571,26.25714286,19.81428571,1379.77,1,307.7364,24000,16112400,24804,366,145.93,118.59,
09岿 2林 (2022.09.08 ~ 2022.09.14),3578,22.01428571,17.92857143,26.98571429,0.185714286,1384.77,1,307.7364,24000,16112400,24804,366,146,118.59,
09岿 3林 (2022.09.15 ~ 2022.09.21),3319,22.61428571,18.42857143,27.54285714,1.485714286,1421.34,1,307.7364,24000,16112400,24804,366,146,118.59,
09岿 4林 (2022.09.22 ~ 2022.09.28),3303,17.92857143,12.85714286,24.34285714,0.057142857,1439.96,1,307.7364,24000,16112400,24804,366,146,118.59,
09岿 5林 (2022.09.29 ~ 2022.10.05),3528,19.21428571,14.37142857,25.37142857,7.957142857,1424.94,1,307.7364,24000,16112400,24804,366,146,118.59,
10岿 1林 (2022.10.06 ~ 2022.10.12),3753,13.52857143,9.7,18.35714286,2.428571429,1440.44,5,1281.4103,148000,60123434,24804,366,171.51,114.59,
10岿 2林 (2022.10.13 ~ 2022.10.19),3623,13.58571429,8.114285714,20.12857143,0,1428.32,5,1281.4103,148000,60123434,24804,366,172,114.59,
10岿 3林 (2022.10.20 ~ 2022.10.26),3410,11.81428571,5.8,18.72857143,0.428571429,1421.66,5,1281.4103,148000,60123434,24804,366,172,114.59,
10岿 4林 (2022.10.27 ~ 2022.11.02),3277,12.3,6.814285714,19.62857143,0.271428571,1403.29,5,1281.4103,148000,60123434,24804,366,172,114.59,
11岿 1林 (2022.11.03 ~ 2022.11.09),2962,8.671428571,2.4,16.17142857,0,1313.69,24,15.6178,38103,21753072,24804,366,174.87,109.85,
11岿 2林 (2022.11.10 ~ 2022.11.16),2556,11.44285714,6.271428571,17.82857143,3.542857143,1339.71,24,15.6178,38103,21753072,24804,366,175,109.85,
11岿 3林 (2022.11.17 ~ 2022.11.23),2442,10.27142857,4.942857143,17.05714286,1.385714286,1334.48,24,15.6178,38103,21753072,24804,366,175,109.85,
11岿 4林 (2022.11.24 ~ 2022.11.30),2267,7.514285714,1.542857143,14.02857143,3.871428571,1297.89,24,15.6178,38103,21753072,24804,366,175,109.85,
12岿 1林 (2022.12.01 ~ 2022.12.07),2063,0.571428571,-3.8,5.414285714,0.085714286,1303.87,297,25196.7348,42500,16895628,24804,366,114.18,110.75,
12岿 2林 (2022.12.08 ~ 2022.12.14),2083,1.728571429,-2.957142857,7.214285714,0.442857143,1309.47,297,25196.7348,42500,16895628,24804,366,114,110.75,
12岿 3林 (2022.12.15 ~ 2022.12.21),1909,-3.342857143,-8.085714286,1.442857143,1.142857143,1279.55,297,25196.7348,42500,16895628,24804,366,114,110.75,
12岿 4林 (2022.12.22 ~ 2022.12.28),1895,-4.342857143,-8.928571429,1.271428571,0.514285714,1260.92,297,25196.7348,42500,16895628,24804,366,114,110.75,
12岿 5林 (2022.12.29 ~ 2023.01.04),1919,-1.6,-6.514285714,4.1,0,1253.5,297,25196.7348,42500,16895628,24804,366,114,110.75,
01岿 1林 (2023.01.05 ~ 2023.01.11),1862,1.442857143,-4.185714286,8.257142857,0.328571429,1237.26,485,36194.175,99500,36330098,10140,396.2115385,88.15,113.65,
01岿 2林 (2023.01.12 ~ 2023.01.18),1818,2.557142857,-1.571428571,7,5.271428571,1228.86,485,36194.175,99500,36330098,10140,396.2115385,88,113.65,
01岿 3林 (2023.01.19 ~ 2023.01.25),1801,-3.442857143,-8.657142857,2.657142857,0.071428571,1229.62,485,36194.175,99500,36330098,10140,396.2115385,88,113.65,
01岿 4林 (2023.01.26 ~ 2023.02.01),1813,-1.771428571,-7.671428571,3.657142857,0.1,1247.46,485,36194.175,99500,36330098,10140,396.2115385,88,113.65,
02岿 1林 (2023.02.02 ~ 2023.02.08),1959,0.828571429,-4.757142857,7.8,0,1267.45,212,16077.3556,54860,22548493,10140,396.2115385,85.39,113.04,
02岿 2林 (2023.02.09 ~ 2023.02.15),2047,3.128571429,-1.3,7.971428571,1.814285714,1295.87,212,16077.3556,54860,22548493,10140,396.2115385,85,113.04,
02岿 3林 (2023.02.16 ~ 2023.02.22),2066,2.542857143,-2.485714286,7.671428571,0.228571429,1314.45,212,16077.3556,54860,22548493,10140,396.2115385,85,113.04,
02岿 4林 (2023.02.23 ~ 2023.02.28),2006,4.042857143,-1.957142857,10.94285714,0.128571429,1295.73,212,16077.3556,54860,22548493,10140,396.2115385,85,113.04,
03岿 1林 (2023.03.02 ~ 2023.03.08),1905,7.371428571,0.157142857,15.1,0.028571429,1320.24,120,9749.0288,40001,14331391,10140,396.2115385,88.82,113.3,
03岿 2林 (2023.03.09 ~ 2023.03.15),1982,9.7,2.528571429,17.4,1.2,1308.37,120,9749.0288,40001,14331391,10140,396.2115385,89,113.3,
03岿 3林 (2023.03.16 ~ 2023.03.22),1853,9.685714286,2.971428571,16.81428571,0.2,1294.66,120,9749.0288,40001,14331391,10140,396.2115385,89,113.3,
03岿 4林 (2023.03.23 ~ 2023.03.29),1935,9.971428571,4.557142857,15.84285714,2.671428571,1306.11,120,9749.0288,40001,14331391,10140,396.2115385,89,113.3,
03岿 5林 (2023.03.30 ~ 2023.04.05),1923,13.94285714,6.514285714,21.27142857,5.442857143,1316.3,120,9749.0288,40001,14331391,10140,396.2115385,89,113.3,
04岿 1林 (2023.04.06 ~ 2023.04.12),1952,11.08571429,4.828571429,17.31428571,0.871428571,1304,41,3742.035,29000,12022560,10140,396.2115385,85.4,111.75,
04岿 2林 (2023.04.13 ~ 2023.04.19),1971,13.27142857,7.5,19.3,1.228571429,1329.36,41,3742.035,29000,12022560,10140,396.2115385,85,111.75,
04岿 3林 (2023.04.20 ~ 2023.04.26),2026,13.57142857,8.928571429,18.58571429,0.6,1337.78,41,3742.035,29000,12022560,10140,396.2115385,85,111.75,
04岿 4林 (2023.04.27 ~ 2023.05.03),2115,14.72857143,7.314285714,21.52857143,1.357142857,1317.47,41,3742.035,29000,12022560,10140,396.2115385,85,111.75,
05岿 1林 (2023.05.04 ~ 2023.05.10),2174,15.42857143,9.985714286,20.94285714,15.54285714,1342.41,12,1149.4836,8600,4758224,10140,396.2115385,87.03,112.19,
05岿 2林 (2023.05.11 ~ 2023.05.17),2251,18.65714286,11.64285714,25.75714286,0.228571429,1325.2,12,1149.4836,8600,4758224,10140,396.2115385,87,112.19,
05岿 3林 (2023.05.18 ~ 2023.05.24),2403,18.22857143,13.24285714,23.77142857,1.514285714,1322.66,12,1149.4836,8600,4758224,10140,396.2115385,87,112.19,
05岿 4林 (2023.05.25 ~ 2023.05.31),2318,20.22857143,16.51428571,24.35714286,10.27142857,1305.92,12,1149.4836,8600,4758224,10140,396.2115385,87,112.19,
06岿 1林 (2023.06.01 ~ 2023.06.07),2018,20.9,15.82857143,26.38571429,0.728571429,1287.32,34,2556.2897,24000,16436881,10140,396.2115385,100.83,112.25,
06岿 2林 (2023.06.08 ~ 2023.06.14),1869,21.52857143,17.3,27.4,2.757142857,1276.15,34,2556.2897,24000,16436881,10140,396.2115385,101,112.25,
06岿 3林 (2023.06.15 ~ 2023.06.21),1796,22.82857143,17.9,28.4,3.071428571,1308.41,34,2556.2897,24000,16436881,10140,396.2115385,101,112.25,
06岿 4林 (2023.06.22 ~ 2023.06.28),1903,23.58571429,19.55714286,28.14285714,14.65714286,1315.11,34,2556.2897,24000,16436881,10140,396.2115385,101,112.25,
06岿 5林 (2023.06.29 ~ 2023.07.05),2005,24.78571429,21.94285714,28.68571429,16.97142857,1297.9,34,2556.2897,24000,16436881,10140,396.2115385,101,112.25,
07岿 1林 (2023.07.06 ~ 2023.07.12),1927,24.67142857,21.35714286,28.82857143,13.72857143,1268.31,11,1164.5373,8500,2514130,10140,396.2115385,94.2,114.3,
07岿 2林 (2023.07.13 ~ 2023.07.19),1904,24.64285714,22.55714286,27.44285714,39.55714286,1286.19,11,1164.5373,8500,2514130,10140,396.2115385,94,114.3,
07岿 3林 (2023.07.20 ~ 2023.07.26),2079,25.74285714,22.75714286,30,9.928571429,1272.83,11,1164.5373,8500,2514130,10140,396.2115385,94,114.3,
07岿 4林 (2023.07.27 ~ 2023.08.02),2297,27.87142857,23.58571429,33.2,0.971428571,1304.08,11,1164.5373,8500,2514130,10140,396.2115385,94,114.3,
08岿 1林 (2023.08.03 ~ 2023.08.09),2664,28.24285714,24.28571429,33.17142857,4.657142857,1330.3,2,382.4177,12000,7157399,10140,396.2115385,95.14,120.23,
08岿 2林 (2023.08.10 ~ 2023.08.16),2925,25.58571429,22.34285714,29.84285714,16.01428571,1339.17,2,382.4177,12000,7157399,10140,396.2115385,95,120.23,
08岿 3林 (2023.08.17 ~ 2023.08.23),2838,26.82857143,23.57142857,31.51428571,6.742857143,1323.53,2,382.4177,12000,7157399,10140,396.2115385,95,120.23,
08岿 4林 (2023.08.24 ~ 2023.08.30),2604,24.75714286,21.74285714,28.51428571,14.31428571,1317.55,2,382.4177,12000,7157399,10140,396.2115385,95,120.23,
08岿 5林 (2023.08.31 ~ 2023.09.06),2589,24.57142857,20.81428571,29.58571429,2.685714286,1334.96,2,382.4177,12000,7157399,10140,396.2115385,95,120.23,
09岿 1林 (2023.09.07 ~ 2023.09.13),2422,23.3,18.82857143,28.74285714,3.157142857,1328.46,10,1071.4066,6000,3269340,10140,396.2115385,128.01,123.76,
09岿 2林 (2023.09.14 ~ 2023.09.20),2259,22.98571429,20.6,26.44285714,18.82857143,1334.03,10,1071.4066,6000,3269340,10140,396.2115385,128,123.76,
09岿 3林 (2023.09.21 ~ 2023.09.27),2349,20.38571429,17.08571429,24.57142857,3.914285714,1352.31,10,1071.4066,6000,3269340,10140,396.2115385,128,123.76,
10岿 1林 (2023.10.04 ~ 2023.10.04),2567,18.35714286,13.85714286,24.01428571,0.871428571,1344.61,4,513.7515,6000,3566640,10140,396.2115385,125.57,123.77,
10岿 1林 (2023.10.05 ~ 2023.10.11),2556,15.84285714,11.37142857,21.34285714,0.271428571,1352.21,4,513.7515,6000,3566640,10140,396.2115385,126,123.77,
10岿 2林 (2023.10.12 ~ 2023.10.18),2441,14.91428571,9.485714286,21.71428571,0.3,1349.08,4,513.7515,6000,3566640,10140,396.2115385,126,123.77,
10岿 3林 (2023.10.19 ~ 2023.10.25),2271,13.1,7.657142857,19.51428571,1.071428571,1354.91,4,513.7515,6000,3566640,10140,396.2115385,126,123.77,
10岿 4林 (2023.10.26 ~ 2023.11.01),2105,14.1,8.585714286,21.01428571,0.471428571,1308.23,4,513.7515,6000,3566640,10140,396.2115385,126,123.77,
11岿 1林 (2023.11.02 ~ 2023.11.08),1692,15.12857143,10.14285714,20.87142857,5.7,1316.51,285,26880.2503,20375,9565293,10140,396.2115385,117.79,117.79,
11岿 2林 (2023.11.09 ~ 2023.11.15),1472,6.157142857,0.842857143,12.07142857,1.114285714,1294.35,285,26880.2503,20375,9565293,10140,396.2115385,117.79,117.79,
11岿 3林 (2023.11.16 ~ 2023.11.22),1450,5.971428571,0.4,12.01428571,1.871428571,1302.97,285,26880.2503,20375,9565293,10140,396.2115385,117.79,117.79,
11岿 4林 (2023.11.23 ~ 2023.11.29),1402,4.528571429,-0.028571429,9.314285714,0.371428571,1293.4,285,26880.2503,20375,9565293,10140,396.2115385,117.79,117.79,
11岿 5林 (2023.11.30 ~ 2023.12.06),1506,2.385714286,-2.928571429,8.242857143,0.371428571,1316.41,285,26880.2503,20375,9565293,10140,396.2115385,117.79,117.79,
12岿 1林 (2023.12.07 ~ 2023.12.13),2908,9.471428571,4.671428571,14.32857143,4.942857143,1300.4,407,35528.0994,18000,7608840,10140,396.2115385,119.27,119.27,
12岿 2林 (2023.12.14 ~ 2023.12.20),2899,0.028571429,-3.628571429,3.8,8.285714286,1297.25,407,35528.0994,18000,7608840,10140,396.2115385,119.27,119.27,
12岿 3林 (2023.12.21 ~ 2023.12.27),2886,-2.942857143,-7,2.114285714,0.228571429,1294.4,407,35528.0994,18000,7608840,10140,396.2115385,119.27,119.27,
12岿 4林 (2023.12.28 ~ 2024.01.03),2874,2.814285714,-0.914285714,7.214285714,1.028571429,1314.16,407,35528.0994,18000,7608840,10140,396.2115385,119.27,119.27,
01岿 1林 (2024.01.04 ~ 2024.01.10),2845,0.7,-3.871428571,5.4,0.385714286,1313.22,247,20581.9106,175500,49530306,23114.97126,382.1320366,122.71,122.71,
01岿 2林 (2024.01.11 ~ 2024.01.17),2842,1.3,-3.928571429,6.685714286,0.885714286,1333.66,247,20581.9106,175500,49530306,23114.97126,382.1320366,122.71,122.71,
01岿 3林 (2024.01.18 ~ 2024.01.24),2844,0.171428571,-2.414285714,3.514285714,3.028571429,1336.75,247,20581.9106,175500,49530306,23114.97126,382.1320366,122.71,122.71,
01岿 4林 (2024.01.25 ~ 2024.01.31),2823,0.142857143,-5.142857143,6.457142857,0.085714286,1337.76,247,20581.9106,175500,49530306,23114.97126,382.1320366,122.71,122.71,
02岿 1林 (2024.02.01 ~ 2024.02.07),2811,3.357142857,0.457142857,6.828571429,2.757142857,1330.07,126,9745.0075,273750,67613772,23114.97126,382.1320366,125.98,125.98,
02岿 2林 (2024.02.08 ~ 2024.02.14),2820,3.9,-1.8,10.31428571,0.314285714,1331.29,126,9745.0075,273750,67613772,23114.97126,382.1320366,125.98,125.98,
02岿 3林 (2024.02.15 ~ 2024.02.21),2780,5.928571429,1.314285714,11.14285714,9.842857143,1329.95,126,9745.0075,273750,67613772,23114.97126,382.1320366,125.98,125.98,
02岿 4林 (2024.02.22 ~ 2024.02.28),2775,3.2,0,7,1.471428571,1330.52,126,9745.0075,273750,67613772,23114.97126,382.1320366,125.98,125.98,
02岿 5林 (2024.02.29 ~ 2024.03.06),2731,3.642857143,-0.757142857,8.057142857,1.128571429,1316,126,9745.0075,273750,67613772,23114.97126,382.1320366,125.98,125.98,
03岿 1林 (2024.03.07 ~ 2024.03.13),2737,4.285714286,-1.171428571,10.14285714,0.214285714,1330.63,48,4066.2865,206750,55931317,23114.97126,382.1320366,126.54,126.54,
03岿 2林 (2024.03.14 ~ 2024.03.20),2696,8.214285714,1.828571429,14.82857143,0.257142857,1343.43,48,4066.2865,206750,55931317,23114.97126,382.1320366,126.54,126.54,
03岿 3林 (2024.03.21 ~ 2024.03.27),2527,9.3,4.071428571,14.72857143,4.628571429,1345.09,48,4066.2865,206750,55931317,23114.97126,382.1320366,126.54,126.54,
03岿 4林 (2024.03.28 ~ 2024.04.03),2457,11.27142857,5.457142857,17.11428571,7.342857143,1350.91,48,4066.2865,206750,55931317,23114.97126,382.1320366,126.54,126.54,
04岿 1林 (2024.04.04 ~ 2024.04.09),2513,13.27142857,7.542857143,19.5,0.071428571,1379.69,20,1755.6427,212500,52968152,23114.97126,382.1320366,123.54,123.54,
04岿 2林 (2024.04.11 ~ 2024.04.17),2512,15.87142857,9.714285714,22.68571429,2.628571429,1374.3,20,1755.6427,212500,52968152,23114.97126,382.1320366,123.54,123.54,
04岿 3林 (2024.04.18 ~ 2024.04.24),2571,15.11428571,10.72857143,19.98571429,2.885714286,1376.43,20,1755.6427,212500,52968152,23114.97126,382.1320366,123.54,123.54,
04岿 4林 (2024.04.25 ~ 2024.04.30),2637,16.31428571,10.81428571,22.91428571,2.085714286,1354.63,20,1755.6427,212500,52968152,23114.97126,382.1320366,123.54,123.54,
05岿 1林 (2024.05.02 ~ 2024.05.08),2683,15.98571429,10.75714286,21.47142857,9.885714286,1369.65,13,1293.8777,240315,60386421,23114.97126,382.1320366,121.9,121.9,
05岿 2林 (2024.05.09 ~ 2024.05.14),2697,16.75714286,9.871428571,23.85714286,4.285714286,1351.76,13,1293.8777,240315,60386421,23114.97126,382.1320366,121.9,121.9,
05岿 3林 (2024.05.16 ~ 2024.05.22),2689,18.44285714,11.85714286,25.41428571,0.514285714,1365.93,13,1293.8777,240315,60386421,23114.97126,382.1320366,121.9,121.9,
05岿 4林 (2024.05.23 ~ 2024.05.29),2711,19.42857143,13.91428571,25.32857143,1.857142857,1381.68,13,1293.8777,240315,60386421,23114.97126,382.1320366,121.9,121.9,
05岿 5林 (2024.05.30 ~ 2024.06.05),2708,19.58571429,14.07142857,25.67142857,0.185714286,1378.8,13,1293.8777,240315,60386421,23114.97126,382.1320366,121.9,121.9,
06岿 1林 (2024.06.07 ~ 2024.06.12),2695,22.24285714,17.02857143,28.15714286,2.057142857,1381.84,7,647.0404,150000,36451356,23114.97126,382.1320366,119.5,119.5,
06岿 2林 (2024.06.13 ~ 2024.06.19),2683,24.34285714,18.05714286,31.1,0.6,1387.01,7,647.0404,150000,36451356,23114.97126,382.1320366,119.5,119.5,
06岿 3林 (2024.06.20 ~ 2024.06.26),2682,23.51428571,19.4,28.2,5.571428571,1380.73,7,647.0404,150000,36451356,23114.97126,382.1320366,119.5,119.5,
06岿 4林 (2024.06.27 ~ 2024.07.03),2678,24.07142857,20.35714286,28.31428571,17.65714286,1376.57,7,647.0404,150000,36451356,23114.97126,382.1320366,119.5,119.5,
07岿 1林 (2024.07.04 ~ 2024.07.10),2678,25.38571429,22.62857143,28.68571429,20.14285714,1373.67,5,809.037,258500,58740517,23114.97126,382.1320366,120.59,120.59,
07岿 2林 (2024.07.11 ~ 2024.07.17),2651,24.81428571,21.92857143,28.71428571,10.65714286,1388.79,5,809.037,258500,58740517,23114.97126,382.1320366,120.59,120.59,
07岿 3林 (2024.07.18 ~ 2024.07.24),2656,26.88571429,24.1,30.34285714,13.12857143,1383.72,5,809.037,258500,58740517,23114.97126,382.1320366,120.59,120.59,
07岿 4林 (2024.07.25 ~ 2024.07.31),2615,28.4,25.2,32.6,2.871428571,1356.63,5,809.037,258500,58740517,23114.97126,382.1320366,120.59,120.59,
08岿 1林 (2024.08.01 ~ 2024.08.07),2572,28.84285714,25.15714286,33.9,2.9,1364.19,81.16123188,5710.657644,58098.91683,28314948.63,23114.97126,382.1320366,123.15,123.15,
08岿 2林 (2024.08.08 ~ 2024.08.14),2597,28.14285714,24,33.44285714,0.928571429,1349.11,81.16123188,5710.657644,58098.91683,28314948.63,23114.97126,382.1320366,123.15,123.15,
08岿 3林 (2024.08.16 ~ 2024.08.21),2594,28.04285714,24.34285714,33.04285714,5.971428571,1323.43,81.16123188,5710.657644,58098.91683,28314948.63,23114.97126,382.1320366,123.15,123.15,
08岿 4林 (2024.08.22 ~ 2024.08.28),2592,27.2,23.7,31.8,2.171428571,1336.56,81.16123188,5710.657644,58098.91683,28314948.63,23114.97126,382.1320366,123.15,123.15,
08岿 5林 (2024.08.29 ~ 2024.09.04),2582,25.82,21.38571429,31.11428571,0.814285714,1337.26,81.16123188,5710.657644,58098.91683,28314948.63,23114.97126,382.1320366,123.15,123.15,
